cancer_type,gene,specificity,sensitivity,combined
AML,PCNP,0.2302,0.6258,3.8285
AML,CFD,0.4487,0.3501,2.7834
AML,SPN,0.5064,0.325,2.7499
AML,DSE,0.5626,0.2769,2.3966
AML,RNASE2,0.8117,0.2196,2.2848
AML,SRGN,0.1876,0.5678,2.1778
AML,EMB,0.3278,0.3678,2.1644
AML,MNDA,0.6546,0.2294,2.1015
AML,TPM3,0.1799,0.5746,2.0263
AML,CLEC12A,0.8578,0.191,2.0228
AML,TLN1,0.3253,0.3562,2.0092
AML,FLT3,0.5578,0.2434,1.9967
AML,H1-3,0.5908,0.2231,1.8643
AML,RGS18,0.7178,0.1851,1.7286
AML,IRAK3,0.6315,0.1941,1.6417
AML,TMEM70,0.3513,0.2975,1.5635
AML,SERPINB1,0.2216,0.4418,1.5515
AML,PLAC8,0.2978,0.3357,1.489
AML,KCNJ3,0.4799,0.2231,1.4735
AML,H1-5,0.6832,0.1677,1.4581
AML,LCP1,0.2162,0.4408,1.4266
AML,ELANE,0.963,0.1249,1.3933
AML,PLEK,0.3157,0.3092,1.3761
AML,MBNL1,0.2666,0.3596,1.3716
AML,LYST,0.3755,0.2621,1.3404
AML,TYROBP,0.3121,0.3067,1.3117
AML,LDB1,0.5734,0.1787,1.304
AML,CD302,0.4732,0.2108,1.3031
AML,FYB1,0.6359,0.1597,1.2583
AML,KIAA0825,0.5093,0.1928,1.2467
AML,MPO,0.737,0.1392,1.2385
AML,H1-4,0.4075,0.2338,1.2255
AML,CTSG,0.7014,0.143,1.2136
AML,ACTR2,0.2018,0.4504,1.2066
AML,APOOL,0.4471,0.2131,1.2064
AML,SAMHD1,0.5099,0.1844,1.1519
AML,FOXP1,0.2119,0.4239,1.1397
AML,NCOA4,0.3092,0.2943,1.1391
AML,AZU1,0.9525,0.1015,1.1133
AML,ATP8B4,0.5989,0.1517,1.0695
AML,SPTLC2,0.3364,0.265,1.0638
AML,CD36,0.4428,0.2023,1.0609
AML,TNFSF13B,0.548,0.1641,1.0562
AML,ITGB2,0.4151,0.2133,1.0365
AML,GLIPR1,0.4129,0.2144,1.0362
AML,GAPT,0.5112,0.1674,0.9619
AML,EDARADD,0.6486,0.1297,0.9446
AML,SF3B1,0.2192,0.3912,0.9214
AML,H2AC17,0.7087,0.1123,0.8759
AML,MYB,0.4151,0.1986,0.8677
AML,ITGA4,0.3117,0.2662,0.8432
AML,SMARCA5,0.2964,0.2801,0.8358
AML,VPS13C,0.3413,0.2409,0.8314
AML,HADHA,0.2534,0.3274,0.8058
AML,PABPC3,0.4084,0.1955,0.7922
AML,RLIM,0.4574,0.1718,0.7829
AML,ARHGEF6,0.4991,0.1541,0.7621
AML,PARP8,0.5362,0.1409,0.7498
AML,MS4A6A,0.622,0.1177,0.7415
AML,RPS6,0.0967,0.8786,0.7342
AML,BIN2,0.4538,0.169,0.733
AML,CDC42,0.1879,0.4407,0.7304
AML,ANKRD28,0.3706,0.2114,0.724
AML,MFSD1,0.3733,0.2092,0.7185
AML,TFEC,0.6852,0.1016,0.7047
AML,CAT,0.2571,0.3133,0.7016
AML,ANGPT1,0.5093,0.1436,0.6826
AML,IL17RA,0.6366,0.1059,0.6433
AML,ZFP91,0.4367,0.168,0.6351
AML,STAG2,0.3004,0.2584,0.6332
AML,PLCB2,0.7445,0.0839,0.6183
AML,NIN,0.4206,0.1738,0.6142
AML,RNASE3,0.9404,0.0589,0.6118
AML,ACAP2,0.331,0.2294,0.6078
AML,MYO1F,0.6805,0.0937,0.6043
AML,RPL17,0.1152,0.7224,0.6014
AML,CLEC11A,0.4199,0.1726,0.5965
AML,HMGB2,0.1981,0.4051,0.5951
AML,STK26,0.5219,0.1318,0.5944
AML,SERPINB10,0.9545,0.056,0.5943
AML,RPL27,0.1155,0.72,0.5934
AML,TNFRSF1B,0.6748,0.0918,0.5707
AML,DOCK2,0.4682,0.1487,0.5682
AML,NCF2,0.6421,0.098,0.5653
AML,USP15,0.3108,0.2422,0.5583
AML,PABPC1,0.1243,0.6634,0.558
AML,TOP2B,0.335,0.2216,0.5541
AML,RETN,0.9349,0.0541,0.5507
AML,LST1,0.325,0.2289,0.5463
AML,CELF2,0.3057,0.2456,0.5442
AML,F13A1,0.8338,0.0649,0.5442
AML,NEUROD2,0.7098,0.0828,0.5398
AML,CSGALNACT2,0.6019,0.1046,0.5371
AML,GNL3L,0.4606,0.149,0.5371
AML,PRTN3,0.925,0.0539,0.5371
AML,IGSF6,0.8621,0.0606,0.5347
AML,RFLNB,0.3723,0.1937,0.534
AML,DOCK11,0.5993,0.1048,0.5324
AML,RPL36A,0.1224,0.6717,0.5316
AML,CPT1A,0.413,0.1698,0.525
AML,OSBPL8,0.3192,0.2271,0.4704
AML,SMC4,0.2895,0.2529,0.4444
AML,FGF23,0.9607,0.0412,0.4311
AML,BCLAF1,0.2467,0.3039,0.4297
AML,CSDE1,0.1941,0.3997,0.4276
AML,EEF1B2,0.1246,0.6491,0.4154
AML,P2RY13,0.9207,0.0432,0.4088
AML,MACROH2A1,0.1934,0.3978,0.389
AML,RPS3A,0.0987,0.8305,0.3884
AML,MCEMP1,0.9009,0.0433,0.3866
AML,MSN,0.2451,0.3023,0.385
AML,SRP72,0.2666,0.2718,0.3648
AML,NCL,0.1695,0.4578,0.3467
AML,GOLGA8N,0.887,0.041,0.3423
AML,PROK2,0.9475,0.0333,0.3262
AML,SETSIP,0.8698,0.0409,0.3195
AML,FNBP1,0.298,0.2332,0.3168
AML,CLEC5A,0.9334,0.0335,0.3131
AML,CDK6,0.2027,0.3704,0.3127
AML,RPL5,0.1113,0.7239,0.3092
AML,SMG1,0.2711,0.2611,0.3033
AML,ZEB2,0.306,0.224,0.3002
AML,PAK2,0.2648,0.268,0.2955
AML,APOBR,0.8729,0.038,0.2904
AML,NMI,0.3029,0.2261,0.2901
AML,EEF1A1,0.0944,0.862,0.2845
AML,MIS18BP1,0.3091,0.2196,0.2817
AML,TKT,0.1887,0.3993,0.2764
AML,ELF1,0.2585,0.2744,0.2762
AML,ZNF534,0.8666,0.0368,0.2683
AML,ZFR,0.2897,0.2371,0.2656
AML,XIRP2,0.9388,0.0266,0.24
AML,SIRPB1,0.902,0.03,0.2355
AML,GRB2,0.2333,0.307,0.2335
AML,FAM166A,0.9362,0.0251,0.2191
AML,LYZ,0.1763,0.4262,0.2124
AML,NEIL3,0.8751,0.0306,0.2074
AML,HK3,0.928,0.0244,0.2022
AML,YBX1,0.1271,0.6166,0.2017
AML,RPL9,0.1066,0.7484,0.1995
AML,FCGR1A,0.9257,0.0241,0.1959
AML,MORF4L1,0.1772,0.4221,0.1954
AML,DDX6,0.2562,0.27,0.1914
AML,EIF4B,0.1807,0.4118,0.1867
AML,CCL23,0.9498,0.0205,0.1818
AML,STK17B,0.2701,0.2514,0.1802
AML,RAB44,0.9383,0.0213,0.178
AML,ADGRA2,0.9121,0.0238,0.1758
AML,RSL1D1,0.2008,0.3622,0.1718
AML,H4C1,0.9534,0.019,0.1692
AML,ROCK1,0.2786,0.2403,0.1644
AML,TPT1,0.1033,0.7713,0.1615
AML,SYNCRIP,0.2604,0.2616,0.1588
AML,MYCBP2,0.2785,0.2399,0.1585
AML,PPP1R27,0.9169,0.0215,0.1559
AML,CLEC4A,0.8768,0.0257,0.1535
AML,PTBP3,0.2715,0.2473,0.1515
AML,GRIN3B,0.9741,0.0154,0.1502
AML,CX3CR1,0.9183,0.0201,0.1408
AML,CAP1,0.1886,0.3875,0.1376
AML,HIGD2B,0.9831,0.0134,0.1369
AML,IRF2BP2,0.2357,0.2949,0.136
AML,GIMAP8,0.9208,0.0185,0.126
AML,BPI,0.9271,0.0178,0.1257
AML,TRIM71,0.8985,0.0206,0.1231
AML,PLB1,0.8837,0.022,0.1207
AML,VSTM1,0.912,0.0189,0.1203
AML,CLEC4D,0.9855,0.0113,0.1147
AML,GOLGA8M,0.9627,0.0133,0.1139
AML,CEBPE,0.9761,0.0119,0.1115
AML,TAOK3,0.2864,0.2269,0.1087
AML,TLR8,0.9663,0.0121,0.1035
AML,IPCEF1,0.8645,0.0224,0.0998
AML,SERBP1,0.1713,0.4307,0.0995
AML,OSCAR,0.9204,0.0162,0.0993
AML,AIF1,0.1777,0.4123,0.0982
AML,FUT7,0.956,0.0125,0.0967
AML,GOLGA8R,0.9389,0.0141,0.0964
AML,CD300LB,0.9879,0.009,0.091
AML,NAP1L1,0.1539,0.4874,0.0897
AML,SMARCC1,0.2862,0.2253,0.0887
AML,SIGLEC6,0.9743,0.0082,0.0677
AML,GPR141,0.9031,0.0152,0.0669
AML,RPS20,0.1079,0.7274,0.0665
AML,RSL24D1,0.2073,0.3394,0.0661
AML,EIF3A,0.2178,0.319,0.0656
AML,CHD4,0.2684,0.2433,0.0635
AML,SIGLEC12,0.9768,0.0075,0.0625
AML,TULP2,0.9567,0.0093,0.0619
AML,CHURC1,0.2732,0.2373,0.0597
AML,SIGLEC5,0.9228,0.0124,0.058
AML,CLEC1B,0.9692,0.0078,0.0576
AML,SIGLEC9,0.9595,0.0087,0.0574
AML,RFX8,0.9354,0.0106,0.0527
AML,LILRA1,0.896,0.0146,0.0516
AML,GIMAP6,0.8952,0.0146,0.05
AML,FPR2,0.9454,0.0094,0.0499
AML,SIRPD,0.9956,0.0046,0.0486
AML,MS4A14,0.9629,0.0074,0.0468
AML,CASS4,0.8817,0.0158,0.0464
AML,CYSLTR2,0.8702,0.017,0.0461
AML,CD300E,0.8945,0.0142,0.0445
AML,CTAGE1,0.9682,0.0067,0.0441
AML,BGLAP,0.8889,0.0147,0.0435
AML,KIF4B,0.9699,0.0063,0.0417
AML,ZFP57,0.9343,0.0097,0.0414
AML,NLRC4,0.9264,0.0105,0.041
AML,CLEC12B,0.9815,0.0052,0.0408
AML,CELA1,0.9822,0.005,0.0397
AML,UCN3,0.9403,0.0085,0.034
AML,RBM46,0.9688,0.0056,0.0326
AML,H2BC14,0.9392,0.0085,0.0325
AML,H3C12,0.9095,0.0114,0.0316
AML,PIK3R5,0.8719,0.0153,0.029
AML,NFAM1,0.8705,0.0151,0.0247
AML,H4C13,0.9745,0.0044,0.0239
AML,ADGRG3,0.9459,0.0069,0.0218
AML,GABRR2,0.9769,0.0039,0.0216
AML,PRPF40A,0.2347,0.2864,0.0214
AML,H4C6,0.9224,0.0091,0.0205
AML,PAPOLB,0.956,0.0057,0.0189
AML,PDE6H,0.9925,0.0023,0.0187
AML,MUC22,0.9644,0.0048,0.0186
AML,C3AR1,0.8658,0.0151,0.0181
AML,SIGLEC7,0.9542,0.0057,0.0168
AML,ADAMDEC1,0.949,0.006,0.0152
AML,CCR5,0.9298,0.0078,0.0143
AML,PDHA2,0.9924,0.0018,0.0128
AML,CLEC2D,0.2597,0.2497,0.0113
AML,MYBPH,0.9189,0.0086,0.0102
AML,TIFAB,0.9893,0.0018,0.0096
AML,CTSS,0.2195,0.3111,0.0092
AML,GP9,0.9797,0.0025,0.0085
AML,OR4M2,0.9877,0.0017,0.007
AML,PGA3,0.9894,0.0015,0.007
AML,DCANP1,0.9861,0.0018,0.0061
AML,APOBEC3H,0.9313,0.0069,0.0049
AML,SNAI3,0.9116,0.0089,0.0049
AML,TREML4,0.9943,0.0009,0.0044
AML,RPL26,0.1051,0.7432,0.0039
AML,CD300C,0.8643,0.0139,0.0022
AML,RTL3,0.9971,0.0004,0.0012
AML,CD101,0.9078,0.009,0.0011
AML,CCL1,0.9863,0.0013,0.0007
AML,MYL1,0.9906,0.0009,0.0007
AML,PADI6,0.9946,0.0005,0.0002
Breast,ANKRD30A,0.6159,0.5241,5.3832
Breast,TRPS1,0.4072,0.5586,4.9465
Breast,ESR1,0.355,0.4627,3.4862
Breast,MGP,0.3187,0.4752,3.3092
Breast,PRLR,0.8217,0.2954,3.1686
Breast,TBC1D9,0.5489,0.3093,2.7231
Breast,PIP,0.8271,0.2307,2.4356
Breast,ELAPOR1,0.5191,0.2874,2.3671
Breast,PBX1,0.2819,0.4093,2.1443
Breast,ERBB4,0.4191,0.291,1.9495
Breast,THSD4,0.4078,0.2901,1.8721
Breast,ANKRD30B,0.8674,0.1758,1.8624
Breast,NAT1,0.783,0.1853,1.8472
Breast,PTPRT,0.6366,0.2032,1.758
Breast,LDLRAD4,0.436,0.2614,1.7019
Breast,PATJ,0.3426,0.3114,1.6496
Breast,DENND1B,0.5146,0.2261,1.6477
Breast,ASH1L,0.2803,0.3652,1.6185
Breast,RABEP1,0.3764,0.2855,1.6154
Breast,GALNT6,0.4714,0.2384,1.6107
Breast,VAV3,0.5052,0.2231,1.5776
Breast,MRTFB,0.5006,0.2223,1.5508
Breast,SCUBE2,0.5994,0.1891,1.4984
Breast,WWP1,0.3752,0.2745,1.4806
Breast,LRBA,0.3697,0.2779,1.4799
Breast,ARHGEF38,0.7211,0.1601,1.4482
Breast,GLI3,0.6197,0.1798,1.4472
Breast,NPY1R,0.8688,0.1312,1.3522
Breast,KDM4B,0.4551,0.2215,1.3416
Breast,CLEC3A,0.8789,0.1263,1.3099
Breast,GOLGA4,0.2357,0.3946,1.2801
Breast,GFRA1,0.7109,0.1455,1.261
Breast,KAT6B,0.4068,0.2369,1.2568
Breast,DNAH14,0.4681,0.2048,1.2106
Breast,IGF1R,0.3565,0.2618,1.1954
Breast,KIF16B,0.4738,0.201,1.1926
Breast,AZGP1,0.1911,0.4724,1.1819
Breast,CCDC125,0.5836,0.1641,1.1669
Breast,APBB2,0.3776,0.2455,1.1662
Breast,ZNF91,0.3576,0.2575,1.1547
Breast,MAGI3,0.4248,0.2171,1.1346
Breast,CPB1,0.8812,0.1103,1.1292
Breast,GALNT7,0.3657,0.2497,1.1273
Breast,CYP4Z1,0.8908,0.1081,1.1169
Breast,MAST4,0.3738,0.2428,1.1069
Breast,CACNA1D,0.644,0.1447,1.1056
Breast,EFHD1,0.4284,0.2121,1.0967
Breast,NAALADL2,0.4423,0.2056,1.0956
Breast,GSE1,0.3883,0.2328,1.0932
Breast,KMT2C,0.2629,0.3398,1.0903
Breast,SHANK2,0.5101,0.1785,1.0853
Breast,DOCK1,0.5159,0.1764,1.0833
Breast,GREB1L,0.6611,0.139,1.0807
Breast,CELSR1,0.4977,0.1822,1.0789
Breast,PGR,0.7681,0.1174,1.044
Breast,NCOA2,0.4756,0.1862,1.0313
Breast,UBR5,0.3874,0.2278,1.0293
Breast,BRWD1,0.3342,0.2632,1.0244
Breast,CSAD,0.4985,0.1762,1.0141
Breast,COL1A2,0.3784,0.2313,1.0076
Breast,TMEM241,0.6116,0.1422,0.9952
Breast,SYTL2,0.3687,0.236,0.9921
Breast,GRHL2,0.4683,0.1855,0.9909
Breast,IL6ST,0.2927,0.2968,0.9854
Breast,MYO6,0.2618,0.332,0.9852
Breast,FUT8,0.4563,0.1898,0.9838
Breast,GPATCH2,0.3794,0.2272,0.9683
Breast,SIPA1L3,0.4793,0.1786,0.9604
Breast,SIDT1,0.6422,0.1313,0.9479
Breast,MLPH,0.2418,0.355,0.9326
Breast,DCAF10,0.4123,0.2055,0.9295
Breast,ZNF552,0.517,0.1626,0.9287
Breast,NTN4,0.4607,0.1825,0.9209
Breast,NVL,0.5161,0.1619,0.9181
Breast,MAP3K1,0.4675,0.1791,0.9133
Breast,MED13L,0.2917,0.2913,0.9103
Breast,ITPR2,0.3127,0.271,0.9075
Breast,ITPR1,0.5436,0.1519,0.901
Breast,RAD51B,0.5347,0.1545,0.9001
Breast,ANKS1B,0.4266,0.1953,0.8941
Breast,SPOPL,0.5011,0.164,0.8835
Breast,CATSPERB,0.9036,0.0861,0.8806
Breast,VWA8,0.5704,0.1419,0.8734
Breast,PDXDC1,0.3065,0.2735,0.8726
Breast,KDM6A,0.5205,0.1559,0.8658
Breast,TC2N,0.391,0.2105,0.8553
Breast,ST8SIA6,0.6391,0.1235,0.8506
Breast,GATA3,0.1918,0.4402,0.8324
Breast,KDM5B,0.3345,0.2458,0.8271
Breast,TASOR2,0.4556,0.1762,0.8242
Breast,CERS6,0.3236,0.2534,0.8135
Breast,ARHGAP35,0.4323,0.1852,0.8099
Breast,TRAPPC9,0.4926,0.1604,0.8082
Breast,CASZ1,0.4262,0.1879,0.8071
Breast,IKBKB,0.4658,0.1704,0.8068
Breast,MEGF9,0.498,0.1581,0.8042
Breast,ARFGEF2,0.4196,0.1908,0.8032
Breast,VPS13B,0.3865,0.2085,0.8028
Breast,AFF3,0.2652,0.3115,0.799
Breast,EHMT1,0.3857,0.2085,0.7971
Breast,RBM47,0.2763,0.2932,0.7413
Breast,ARID4B,0.2568,0.317,0.7405
Breast,NKTR,0.2999,0.2682,0.7403
Breast,CEP350,0.3156,0.2487,0.6814
Breast,ZMYND8,0.3337,0.2322,0.6653
Breast,CTBP2,0.3247,0.2395,0.6652
Breast,C1orf21,0.2943,0.2664,0.655
Breast,BDP1,0.3174,0.2437,0.6422
Breast,GOLGB1,0.2242,0.3578,0.6415
Breast,SLC38A1,0.256,0.3081,0.6244
Breast,AKAP9,0.1931,0.419,0.6231
Breast,IGFBP5,0.29,0.2669,0.611
Breast,WNK1,0.305,0.2519,0.6087
Breast,KIAA1217,0.2906,0.2642,0.5871
Breast,ZKSCAN1,0.249,0.3136,0.5783
Breast,TNRC6A,0.3227,0.2334,0.5764
Breast,ZNF638,0.2883,0.2619,0.5331
Breast,COL10A1,0.9358,0.0504,0.5096
Breast,CD46,0.2184,0.3559,0.5012
Breast,PUM1,0.3193,0.2289,0.4921
Breast,BIRC6,0.3027,0.242,0.47
Breast,JMJD1C,0.2681,0.2782,0.4592
Breast,USP34,0.2902,0.2489,0.4078
Breast,MACF1,0.2355,0.3172,0.3898
Breast,AFF4,0.2911,0.2464,0.3882
Breast,BAZ2B,0.2981,0.2379,0.3718
Breast,BMPR1B,0.2734,0.2638,0.3653
Breast,ERBIN,0.2977,0.2365,0.3519
Breast,TBL1XR1,0.2527,0.2886,0.3507
Breast,POTEC,0.8948,0.0403,0.3442
Breast,LPP,0.2519,0.2883,0.3346
Breast,ENAH,0.2433,0.3004,0.3327
Breast,ALCAM,0.2487,0.2915,0.3196
Breast,PTK2,0.3013,0.2282,0.2966
Breast,ATRX,0.2201,0.335,0.2959
Breast,GPBP1,0.2586,0.2755,0.2918
Breast,SLC9C1,0.9544,0.0291,0.2855
Breast,NR2E3,0.9111,0.0325,0.2745
Breast,EVL,0.242,0.2973,0.2741
Breast,EHF,0.2989,0.2283,0.2705
Breast,DNAJC1,0.2311,0.3132,0.2624
Breast,TMEM26,0.9542,0.0258,0.2478
Breast,CSNK1A1,0.2036,0.3611,0.2287
Breast,NEBL,0.2876,0.2348,0.2136
Breast,SLTM,0.2685,0.256,0.2097
Breast,ANKRD12,0.233,0.305,0.2031
Breast,NIPBL,0.257,0.2698,0.2008
Breast,GRPR,0.9679,0.0199,0.1947
Breast,OGA,0.2841,0.2354,0.1792
Breast,CYP4F8,0.9475,0.0199,0.1725
Breast,LRRC15,0.9824,0.0163,0.1684
Breast,NCOR1,0.2526,0.2729,0.1682
Breast,TDRD5,0.8924,0.0251,0.1669
Breast,PCM1,0.2387,0.2926,0.1644
Breast,CHAD,0.9505,0.0172,0.1449
Breast,SEC31A,0.2673,0.2514,0.1396
Breast,TP53TG5,0.8939,0.0223,0.1367
Breast,UBE3A,0.2883,0.2261,0.1225
Breast,UBE2H,0.2621,0.2554,0.1115
Breast,RBBP6,0.2891,0.224,0.1082
Breast,PRMT8,0.8978,0.019,0.1035
Breast,SRPK2,0.264,0.2517,0.0967
Breast,NRK,0.9504,0.0123,0.089
Breast,TMPRSS9,0.8918,0.0183,0.0889
Breast,FOXI1,0.9411,0.0131,0.087
Breast,SPATC1,0.9741,0.0098,0.0856
Breast,ABCC12,0.9786,0.009,0.0818
Breast,ATP1A4,0.9588,0.0107,0.0791
Breast,NPY5R,0.955,0.011,0.079
Breast,EFCC1,0.9049,0.0158,0.0758
Breast,JAKMIP3,0.9147,0.0146,0.0738
Breast,ITGA11,0.9131,0.0144,0.0699
Breast,RGPD8,0.8952,0.0163,0.0693
Breast,RERE,0.2622,0.2509,0.061
Breast,TPO,0.9381,0.0109,0.0588
Breast,SLC13A2,0.9505,0.0094,0.0557
Breast,REC114,0.9659,0.0078,0.0536
Breast,MSI2,0.2503,0.2659,0.0523
Breast,NMBR,0.9398,0.01,0.0509
Breast,TSPAN16,0.9638,0.0077,0.0501
Breast,OR2A4,0.9693,0.0071,0.0498
Breast,CLRN1,0.9483,0.0085,0.0424
Breast,DKK2,0.916,0.0116,0.0415
Breast,DGAT2L6,0.9814,0.0053,0.0414
Breast,CRISP2,0.9538,0.0076,0.0389
Breast,UGT2B28,0.9341,0.0095,0.0387
Breast,RTL9,0.9551,0.0074,0.0377
Breast,GAL3ST2,0.9715,0.0058,0.0372
Breast,PLIN1,0.92,0.0108,0.0368
Breast,CCL11,0.9761,0.0053,0.0363
Breast,SETD5,0.2822,0.225,0.0354
Breast,CCN4,0.9079,0.0117,0.033
Breast,CCN5,0.9079,0.0115,0.0305
Breast,FCN2,0.9839,0.0041,0.0304
Breast,UMOD,0.9894,0.0035,0.0294
Breast,CHIT1,0.9606,0.0061,0.0288
Breast,SYCP1,0.9781,0.0043,0.0271
Breast,GNAT3,0.9695,0.0051,0.0269
Breast,FAM217A,0.9515,0.0068,0.0266
Breast,TMEM87A,0.2777,0.2292,0.0249
Breast,UCP1,0.9716,0.0047,0.0249
Breast,SPATA32,0.9797,0.0039,0.0237
Breast,FPR3,0.9402,0.0074,0.021
Breast,INSL6,0.9641,0.005,0.0202
Breast,FER1L5,0.91,0.0103,0.0189
Breast,POTED,0.9864,0.0028,0.018
Breast,AWAT1,0.984,0.003,0.018
Breast,C11orf42,0.9884,0.0025,0.0167
Breast,NFIA,0.214,0.3218,0.0151
Breast,LACRT,0.9891,0.0022,0.0147
Breast,S100G,0.9925,0.0019,0.0142
Breast,CTAGE15,0.9526,0.0054,0.0119
Breast,SIGLEC1,0.9362,0.007,0.0116
Breast,OLR1,0.9078,0.0099,0.0115
Breast,TMC3,0.9742,0.0033,0.0114
Breast,TERB2,0.9949,0.0014,0.0113
Breast,PGPEP1L,0.9838,0.0023,0.0104
Breast,KRTAP5-11,0.9937,0.0014,0.0101
Breast,TRPV5,0.988,0.0019,0.0098
Breast,ARL13A,0.9886,0.0019,0.0098
Breast,OR52N5,0.9813,0.0025,0.0098
Breast,PGLYRP1,0.9677,0.0037,0.0094
Breast,ADGRE3,0.9393,0.0064,0.0088
Breast,PSG9,0.9839,0.0021,0.0079
Breast,LYZL2,0.9984,0.0008,0.0072
Breast,CCL19,0.9366,0.0065,0.0067
Breast,FBXO39,0.9712,0.0031,0.0064
Breast,CCR3,0.9821,0.0021,0.0059
Breast,OR13G1,0.9922,0.0012,0.0057
Breast,KRT37,0.9964,0.0008,0.0054
Breast,CIB3,0.9829,0.002,0.0053
Breast,C3orf49,0.9458,0.0055,0.0053
Breast,ERICH6,0.9633,0.0038,0.0052
Breast,DEFB132,0.9809,0.0021,0.0052
Breast,MSH4,0.9272,0.0072,0.0041
Breast,WDR64,0.9279,0.0071,0.0041
Breast,TERB1,0.9708,0.003,0.0041
Breast,ACER1,0.9696,0.003,0.0036
Breast,GNRHR,0.9338,0.0065,0.0034
Breast,MS4A6E,0.9652,0.0034,0.0032
Breast,PKD1L3,0.9187,0.0079,0.0025
Breast,DCST1,0.9652,0.0033,0.0022
Breast,KCNK13,0.9501,0.0047,0.0019
Breast,LRIT3,0.9737,0.0025,0.0019
Breast,PCP2,0.8964,0.0102,0.0015
Breast,C3orf22,0.9857,0.0014,0.0012
Breast,SRRM5,0.9391,0.0058,0.0012
Breast,KRTAP4-4,0.9977,0.0003,0.0009
Breast,DMRTC2,0.9902,0.0009,0.0008
Breast,OR1L8,0.9907,0.0009,0.0008
Breast,ASB15,0.9629,0.0034,0.0007
Breast,ART1,0.9956,0.0004,0.0002
Breast,PRKAG3,0.9919,0.0007,0.0001
Breast,AWAT2,0.9962,0.0003,0.0001
ccRCC,NDUFA4L2,0.2541,0.6615,4.6456
ccRCC,NNMT,0.2556,0.6324,4.3352
ccRCC,ANGPTL4,0.4175,0.4862,4.1777
ccRCC,CRYAB,0.173,0.6847,3.0675
ccRCC,HILPDA,0.3684,0.4083,2.9649
ccRCC,SLC3A1,0.637,0.278,2.6169
ccRCC,EGLN3,0.3898,0.3593,2.5528
ccRCC,IGFBP3,0.2811,0.4333,2.4085
ccRCC,CA9,0.45,0.3128,2.3633
ccRCC,CNDP2,0.3137,0.3931,2.3183
ccRCC,TMEM91,0.5471,0.2588,2.1386
ccRCC,NOL3,0.392,0.3205,2.1218
ccRCC,RBP5,0.6088,0.2411,2.1207
ccRCC,FXYD2,0.272,0.4137,2.0642
ccRCC,CMBL,0.4006,0.307,2.0226
ccRCC,VEGFA,0.2849,0.3951,2.0182
ccRCC,ADIRF,0.1999,0.5221,1.9825
ccRCC,BHMT,0.5446,0.2435,1.9551
ccRCC,UGT2B7,0.4046,0.2956,1.9157
ccRCC,LGALS2,0.6518,0.2097,1.8689
ccRCC,PDK4,0.3634,0.3155,1.8643
ccRCC,TCN2,0.5801,0.2138,1.7271
ccRCC,HPCAL1,0.3347,0.3237,1.7229
ccRCC,PDZK1,0.5095,0.2325,1.7016
ccRCC,HSF4,0.6635,0.1902,1.6724
ccRCC,GNG11,0.377,0.2896,1.6666
ccRCC,COL23A1,0.7282,0.1776,1.6627
ccRCC,ENPP3,0.8442,0.1585,1.6316
ccRCC,SLC22A2,0.8351,0.1596,1.6314
ccRCC,C5orf46,0.7617,0.1674,1.606
ccRCC,SLC17A3,0.6376,0.1847,1.5483
ccRCC,CLTRN,0.6929,0.1731,1.5407
ccRCC,PNCK,0.5204,0.2144,1.5355
ccRCC,SPP1,0.1778,0.5367,1.5286
ccRCC,NDRG1,0.2392,0.4103,1.5213
ccRCC,RASSF4,0.4156,0.2539,1.5043
ccRCC,CDK18,0.5932,0.1872,1.46
ccRCC,FBXO17,0.4295,0.2431,1.4585
ccRCC,GAL3ST1,0.573,0.1902,1.4351
ccRCC,NAT8,0.533,0.1994,1.4089
ccRCC,PLOD2,0.355,0.2793,1.3847
ccRCC,SOD2,0.2212,0.4264,1.3661
ccRCC,PFKP,0.2996,0.32,1.3298
ccRCC,SLC28A1,0.6656,0.1565,1.2915
ccRCC,ALPK2,0.9214,0.1178,1.2644
ccRCC,GLRX,0.2974,0.3136,1.2317
ccRCC,ZNF395,0.5513,0.1764,1.2076
ccRCC,DEPP1,0.326,0.2847,1.195
ccRCC,IMPA2,0.3838,0.2425,1.1741
ccRCC,TMEM37,0.3683,0.2511,1.163
ccRCC,SNX10,0.3639,0.2491,1.107
ccRCC,PPDPFL,0.9387,0.1019,1.1024
ccRCC,CD70,0.46,0.1977,1.0921
ccRCC,SLC6A3,0.9226,0.1018,1.0825
ccRCC,RNASET2,0.2015,0.4396,1.0754
ccRCC,S100A1,0.2979,0.2959,1.0344
ccRCC,PLIN2,0.1717,0.5108,1.0307
ccRCC,UGT2A3,0.5424,0.161,1.0018
ccRCC,SLC6A13,0.6822,0.128,1.0011
ccRCC,FABP3,0.6595,0.1321,0.9975
ccRCC,HMOX1,0.6241,0.1362,0.959
ccRCC,C11orf54,0.3971,0.2155,0.9511
ccRCC,CUBN,0.7369,0.1132,0.9403
ccRCC,LOX,0.5258,0.1597,0.9288
ccRCC,SPAG4,0.5271,0.1576,0.9088
ccRCC,HSPB2,0.7068,0.1135,0.8863
ccRCC,ALKAL2,0.89,0.088,0.8845
ccRCC,TMEM176A,0.1674,0.5103,0.8746
ccRCC,KCNJ16,0.5652,0.1424,0.8627
ccRCC,CRYZ,0.3628,0.2285,0.8621
ccRCC,SMPDL3A,0.4181,0.1962,0.8568
ccRCC,GALNT14,0.4915,0.1648,0.8546
ccRCC,TNFAIP6,0.6356,0.1246,0.8543
ccRCC,NDUFC1,0.2065,0.4094,0.8497
ccRCC,CDCA2,0.7154,0.1088,0.8497
ccRCC,ADSS1,0.57,0.1396,0.8449
ccRCC,CYB5A,0.1503,0.5668,0.8436
ccRCC,MIOX,0.6836,0.1139,0.8432
ccRCC,KISS1R,0.6208,0.1262,0.8352
ccRCC,SLC16A3,0.2523,0.3311,0.8316
ccRCC,COX7A1,0.6435,0.1198,0.8195
ccRCC,CES4A,0.6721,0.1131,0.8081
ccRCC,BARX2,0.6397,0.1175,0.7832
ccRCC,TM4SF18,0.6502,0.1144,0.7736
ccRCC,BBOX1,0.4322,0.1801,0.75
ccRCC,NMB,0.3642,0.2168,0.7393
ccRCC,KBTBD11,0.7227,0.0961,0.7177
ccRCC,BNIP3L,0.2369,0.3435,0.7162
ccRCC,ASPA,0.8203,0.0816,0.7162
ccRCC,RRAD,0.3874,0.1981,0.6886
ccRCC,CLEC18C,0.8536,0.0744,0.6816
ccRCC,DARS1,0.2534,0.3164,0.6809
ccRCC,PDZK1IP1,0.2,0.4083,0.6787
ccRCC,CLEC18A,0.7922,0.0817,0.6744
ccRCC,DAB2,0.2464,0.3255,0.673
ccRCC,KHK,0.3141,0.249,0.6706
ccRCC,CD24,0.1335,0.6245,0.667
ccRCC,MGST3,0.1831,0.4469,0.6605
ccRCC,MAF,0.4792,0.1523,0.659
ccRCC,TPM1,0.1769,0.4633,0.6566
ccRCC,SLC5A12,0.8758,0.0694,0.654
ccRCC,HOXA4,0.7819,0.0771,0.6046
ccRCC,CP,0.2639,0.2918,0.555
ccRCC,BIRC3,0.2613,0.2947,0.5505
ccRCC,TNIP1,0.278,0.2746,0.5504
ccRCC,TCEA3,0.2544,0.3027,0.5389
ccRCC,PNRC1,0.1922,0.4136,0.5369
ccRCC,PLEKHA1,0.3101,0.2408,0.5345
ccRCC,EXOC3L1,0.8543,0.0605,0.5225
ccRCC,TRABD2B,0.7842,0.068,0.5037
ccRCC,SLC5A10,0.9046,0.0531,0.5029
ccRCC,ACAA2,0.2653,0.2847,0.4935
ccRCC,LYG1,0.8969,0.0523,0.4849
ccRCC,IL32,0.1613,0.4955,0.4806
ccRCC,SLCO4C1,0.8381,0.0586,0.4784
ccRCC,NDUFS4,0.2457,0.3086,0.4676
ccRCC,HCFC1R1,0.2395,0.3156,0.4424
ccRCC,TINAG,0.8046,0.0595,0.4393
ccRCC,RPS27L,0.168,0.4705,0.4389
ccRCC,ATP1B1,0.162,0.4878,0.4186
ccRCC,SLC22A11,0.9267,0.0422,0.4043
ccRCC,METTL26,0.2072,0.3687,0.4007
ccRCC,PGRMC1,0.2261,0.3332,0.3973
ccRCC,PLAAT3,0.2201,0.3437,0.3963
ccRCC,FMO2,0.8489,0.0493,0.3867
ccRCC,BNIP3,0.1704,0.4553,0.3504
ccRCC,MT1E,0.2296,0.3232,0.3481
ccRCC,FAM149A,0.8004,0.0515,0.3406
ccRCC,TBCA,0.1711,0.4515,0.3311
ccRCC,CDKN1A,0.2787,0.2539,0.3221
ccRCC,ADAM18,0.9721,0.0298,0.3126
ccRCC,SEC14L6,0.8753,0.038,0.2935
ccRCC,CFDP1,0.2744,0.2561,0.2921
ccRCC,ESD,0.237,0.3056,0.2826
ccRCC,GPER1,0.8767,0.0352,0.2623
ccRCC,GREM2,0.8416,0.0393,0.2622
ccRCC,UGT3A1,0.8606,0.0363,0.2546
ccRCC,TMEM176B,0.1532,0.5039,0.2499
ccRCC,UBE2B,0.2388,0.2988,0.2368
ccRCC,BTBD16,0.8659,0.0334,0.2282
ccRCC,CCN1,0.2764,0.2478,0.2221
ccRCC,ASPG,0.8419,0.0352,0.2158
ccRCC,FABP7,0.2347,0.3033,0.2154
ccRCC,RTN4,0.1812,0.4129,0.2135
ccRCC,MT2A,0.1388,0.5594,0.2084
ccRCC,RHOB,0.1711,0.4405,0.2053
ccRCC,CAMLG,0.2668,0.2572,0.2003
ccRCC,SLC6A19,0.9441,0.0219,0.1918
ccRCC,FUNDC2,0.2547,0.2716,0.1866
ccRCC,CYP7B1,0.7843,0.0392,0.1742
ccRCC,QRFPR,0.7892,0.0383,0.1723
ccRCC,SLC5A8,0.8191,0.0341,0.1704
ccRCC,SELENOM,0.2244,0.3162,0.1686
ccRCC,ALDH8A1,0.8274,0.0327,0.1657
ccRCC,ALDH1A1,0.2305,0.3055,0.1626
ccRCC,SLC13A1,0.7986,0.0358,0.1578
ccRCC,ADCY5,0.7808,0.0376,0.1506
ccRCC,NDUFA5,0.2258,0.3122,0.1498
ccRCC,IL1RL1,0.9351,0.0191,0.1496
ccRCC,SLC23A3,0.8859,0.0242,0.1483
ccRCC,C1QL4,0.8972,0.0228,0.1466
ccRCC,FCGR3A,0.7996,0.0344,0.1437
ccRCC,C4orf3,0.185,0.3967,0.1426
ccRCC,HRH2,0.7905,0.0354,0.1402
ccRCC,PRIMA1,0.786,0.036,0.14
ccRCC,NSA2,0.2381,0.2913,0.1379
ccRCC,FAM131C,0.7902,0.0346,0.1312
ccRCC,MGAM,0.8339,0.0287,0.1297
ccRCC,ST13,0.1774,0.4159,0.1286
ccRCC,ERRFI1,0.237,0.292,0.1278
ccRCC,PGA5,0.8747,0.0236,0.127
ccRCC,LGALS12,0.8953,0.0205,0.1179
ccRCC,REG1B,0.8452,0.0262,0.1177
ccRCC,ADM,0.2093,0.3398,0.1161
ccRCC,YBX3,0.1721,0.4298,0.1161
ccRCC,PHPT1,0.1847,0.395,0.1136
ccRCC,REEP5,0.2345,0.2942,0.1083
ccRCC,LAMTOR5,0.185,0.3936,0.1071
ccRCC,TMEM82,0.9295,0.0148,0.0938
ccRCC,CABP1,0.8871,0.019,0.0904
ccRCC,UNC93A,0.9301,0.0144,0.0903
ccRCC,CAVIN3,0.256,0.2605,0.0793
ccRCC,SLC6A12,0.7828,0.031,0.0782
ccRCC,TEX11,0.8868,0.0178,0.0767
ccRCC,UBC,0.1206,0.6425,0.0755
ccRCC,DDIT4,0.1916,0.3746,0.0728
ccRCC,PKM,0.1393,0.545,0.0678
ccRCC,DDIT4L,0.7904,0.0288,0.0654
ccRCC,VWC2,0.8479,0.0214,0.0653
ccRCC,REN,0.932,0.012,0.0644
ccRCC,ESM1,0.854,0.0202,0.0605
ccRCC,C19orf67,0.9842,0.0065,0.0584
ccRCC,MMP24OS,0.2474,0.2705,0.0579
ccRCC,SLC17A1,0.8401,0.0216,0.0571
ccRCC,SLC23A1,0.8696,0.018,0.0568
ccRCC,IL18R1,0.8997,0.0146,0.0556
ccRCC,TMEM200A,0.8002,0.0266,0.0554
ccRCC,EDA2R,0.8166,0.0243,0.0542
ccRCC,TPSG1,0.9142,0.0129,0.0537
ccRCC,DHDH,0.7807,0.0292,0.0535
ccRCC,CCNG1,0.2727,0.2371,0.0513
ccRCC,CA12,0.2378,0.284,0.0493
ccRCC,MYOM3,0.8524,0.0193,0.0487
ccRCC,HAO2,0.9187,0.0119,0.0477
ccRCC,TAL2,0.8886,0.015,0.0465
ccRCC,TMEM252,0.9714,0.0062,0.0416
ccRCC,OR2T10,0.9889,0.0045,0.0409
ccRCC,LDHA,0.1232,0.6246,0.0391
ccRCC,DUSP1,0.1346,0.5641,0.0361
ccRCC,FCN3,0.9678,0.006,0.0359
ccRCC,TEX15,0.8324,0.0206,0.0345
ccRCC,HAVCR1,0.9038,0.0122,0.0336
ccRCC,FCAMR,0.9639,0.0062,0.0333
ccRCC,CIB4,0.9806,0.0045,0.0313
ccRCC,KLHDC7A,0.8635,0.016,0.0251
ccRCC,GLIS1,0.8493,0.0176,0.0242
ccRCC,ZNF541,0.9063,0.011,0.0226
ccRCC,C9,0.9868,0.0031,0.0221
ccRCC,SLC7A9,0.7976,0.0236,0.017
ccRCC,DYSF,0.8916,0.012,0.0165
ccRCC,SLC22A12,0.9553,0.0054,0.0155
ccRCC,KRT25,0.9944,0.0018,0.0149
ccRCC,STARD8,0.9283,0.008,0.0145
ccRCC,MTCP1,0.8113,0.0215,0.0144
ccRCC,C9orf50,0.8517,0.0163,0.0125
ccRCC,TMEM200B,0.8212,0.0199,0.0109
ccRCC,MCHR1,0.8073,0.0218,0.0109
ccRCC,TMEM72,0.9312,0.0073,0.0096
ccRCC,WFDC12,0.9719,0.0033,0.0087
ccRCC,BCO1,0.8383,0.0175,0.0082
ccRCC,FSBP,0.9496,0.0053,0.0073
ccRCC,ADGRL4,0.9316,0.007,0.0064
ccRCC,CRYBB3,0.9697,0.0033,0.0064
ccRCC,PMCH,0.9736,0.0027,0.0041
ccRCC,TREH,0.9557,0.0043,0.0031
ccRCC,SLC5A9,0.8694,0.0133,0.0026
ccRCC,CALCR,0.9315,0.0066,0.0021
ccRCC,FAM170B,0.9978,0.0003,0.0009
ccRCC,SBK3,0.9977,0.0003,0.0007
ccRCC,OXER1,0.9172,0.0079,0.0006
ccRCC,LIM2,0.9977,0.0002,0.0005
ccRCC,RBMXL2,0.994,0.0006,0.0004
Cholangiocarcinoma,CXCL6,0.6787,0.1747,1.5294
Cholangiocarcinoma,CDA,0.4559,0.2251,1.3866
Cholangiocarcinoma,TESC,0.287,0.329,1.2869
Cholangiocarcinoma,ONECUT2,0.3562,0.2454,1.0057
Cholangiocarcinoma,ITGB1,0.1698,0.5117,0.9767
Cholangiocarcinoma,AGFG2,0.6087,0.1392,0.9524
Cholangiocarcinoma,LMTK3,0.5677,0.138,0.8205
Cholangiocarcinoma,C4orf48,0.2206,0.37,0.7089
Cholangiocarcinoma,LRCH4,0.4928,0.1516,0.7087
Cholangiocarcinoma,CCL20,0.2293,0.3504,0.6553
Cholangiocarcinoma,HSD17B11,0.2408,0.332,0.6534
Cholangiocarcinoma,GNB2,0.201,0.4008,0.6179
Cholangiocarcinoma,NPSR1,0.821,0.0694,0.5779
Cholangiocarcinoma,EPHB4,0.4621,0.1508,0.5638
Cholangiocarcinoma,TMSB10,0.0988,0.8444,0.5595
Cholangiocarcinoma,UPK2,0.8933,0.0537,0.4962
Cholangiocarcinoma,CACNA2D4,0.7257,0.0753,0.4853
Cholangiocarcinoma,BICC1,0.3823,0.1829,0.4809
Cholangiocarcinoma,ZNF655,0.3496,0.2028,0.4639
Cholangiocarcinoma,VNN1,0.4655,0.1402,0.4589
Cholangiocarcinoma,ADGRG6,0.4448,0.1476,0.443
Cholangiocarcinoma,PPP1R35,0.3712,0.1863,0.4415
Cholangiocarcinoma,SLC35A1,0.5089,0.119,0.3984
Cholangiocarcinoma,ARPC1B,0.1648,0.4766,0.3936
Cholangiocarcinoma,BAIAP2L1,0.2886,0.2483,0.3807
Cholangiocarcinoma,MUC5B,0.4886,0.1239,0.3729
Cholangiocarcinoma,SLC12A9,0.4932,0.1217,0.3665
Cholangiocarcinoma,C12orf75,0.1934,0.3948,0.3555
Cholangiocarcinoma,RPS26,0.1249,0.641,0.3427
Cholangiocarcinoma,ATP5MF,0.1491,0.5271,0.3344
Cholangiocarcinoma,CKLF,0.2644,0.2717,0.3318
Cholangiocarcinoma,RHOD,0.3425,0.1962,0.3288
Cholangiocarcinoma,CAV2,0.2582,0.2769,0.2996
Cholangiocarcinoma,GIGYF1,0.4733,0.122,0.2853
Cholangiocarcinoma,ANXA13,0.4889,0.1145,0.2665
Cholangiocarcinoma,FSTL3,0.408,0.1482,0.2481
Cholangiocarcinoma,BET1,0.3663,0.172,0.2415
Cholangiocarcinoma,VDAC1,0.1731,0.4372,0.2344
Cholangiocarcinoma,ELOB,0.1425,0.5453,0.2305
Cholangiocarcinoma,ATP5F1E,0.1261,0.6249,0.2304
Cholangiocarcinoma,DEFB1,0.1968,0.376,0.2286
Cholangiocarcinoma,PSORS1C2,0.8071,0.0391,0.2093
Cholangiocarcinoma,SLC66A3,0.4487,0.1249,0.2034
Cholangiocarcinoma,NT5E,0.4744,0.1139,0.1974
Cholangiocarcinoma,HAGHL,0.5376,0.0919,0.1939
Cholangiocarcinoma,ATP13A3,0.4024,0.1457,0.1854
Cholangiocarcinoma,GPR21,0.7855,0.0396,0.1809
Cholangiocarcinoma,SMAD5,0.4078,0.142,0.1759
Cholangiocarcinoma,UNC5CL,0.6414,0.0641,0.1758
Cholangiocarcinoma,ONECUT1,0.7077,0.051,0.1715
Cholangiocarcinoma,KYNU,0.496,0.1035,0.1703
Cholangiocarcinoma,EPPK1,0.4797,0.109,0.1642
Cholangiocarcinoma,KIFC3,0.5249,0.0931,0.1621
Cholangiocarcinoma,C11orf86,0.8723,0.0266,0.1584
Cholangiocarcinoma,CMTR2,0.5441,0.0865,0.1539
Cholangiocarcinoma,TRAPPC2L,0.276,0.2423,0.1535
Cholangiocarcinoma,GABRE,0.5677,0.0789,0.1422
Cholangiocarcinoma,SLC7A7,0.5572,0.0816,0.1401
Cholangiocarcinoma,CAPZA2,0.2287,0.3049,0.1222
Cholangiocarcinoma,SRD5A1,0.5113,0.094,0.1216
Cholangiocarcinoma,WNT10A,0.622,0.0635,0.12
Cholangiocarcinoma,ANXA4,0.1585,0.4732,0.1142
Cholangiocarcinoma,CALB2,0.7645,0.0368,0.1138
Cholangiocarcinoma,CPNE7,0.6104,0.0655,0.1121
Cholangiocarcinoma,RASSF7,0.2766,0.2379,0.112
Cholangiocarcinoma,CCDC68,0.5149,0.0917,0.1091
Cholangiocarcinoma,CST6,0.4438,0.1189,0.1089
Cholangiocarcinoma,CXCL5,0.416,0.1306,0.0931
Cholangiocarcinoma,PRRG1,0.6267,0.0598,0.0893
Cholangiocarcinoma,PIK3C2G,0.6954,0.0459,0.0882
Cholangiocarcinoma,EML3,0.582,0.0702,0.0864
Cholangiocarcinoma,OPN3,0.5055,0.0928,0.085
Cholangiocarcinoma,SEC61G,0.1453,0.5206,0.0831
Cholangiocarcinoma,PF4V1,0.9013,0.0166,0.0803
Cholangiocarcinoma,ABCC3,0.2728,0.2391,0.075
Cholangiocarcinoma,MEPCE,0.5516,0.0774,0.0746
Cholangiocarcinoma,EPHB6,0.5417,0.0803,0.074
Cholangiocarcinoma,SLC4A2,0.477,0.1021,0.0738
Cholangiocarcinoma,MOSPD3,0.3319,0.1809,0.0601
Cholangiocarcinoma,HSPA6,0.4053,0.1332,0.0599
Cholangiocarcinoma,SMIM6,0.5312,0.0822,0.0592
Cholangiocarcinoma,IDS,0.2955,0.2131,0.0582
Cholangiocarcinoma,TNFSF14,0.7217,0.0386,0.0568
Cholangiocarcinoma,DKK1,0.5166,0.0866,0.0566
Cholangiocarcinoma,VMP1,0.1967,0.3612,0.0563
Cholangiocarcinoma,SREK1IP1,0.3494,0.1671,0.0535
Cholangiocarcinoma,MMP15,0.5279,0.0825,0.0511
Cholangiocarcinoma,FAM25A,0.8436,0.0206,0.0508
Cholangiocarcinoma,CYP2C18,0.7482,0.0337,0.0491
Cholangiocarcinoma,CEACAM7,0.6817,0.0446,0.0441
Cholangiocarcinoma,TRAPPC14,0.7774,0.0282,0.0369
Cholangiocarcinoma,SPR,0.3783,0.1465,0.0355
Cholangiocarcinoma,COL27A1,0.5731,0.068,0.0349
Cholangiocarcinoma,RBM44,0.9551,0.0071,0.0345
Cholangiocarcinoma,KRIT1,0.3734,0.1493,0.0338
Cholangiocarcinoma,BAIAP2L2,0.5977,0.0616,0.0333
Cholangiocarcinoma,GCNT4,0.882,0.0145,0.0324
Cholangiocarcinoma,GLP2R,0.9767,0.0049,0.032
Cholangiocarcinoma,SLC22A3,0.5801,0.0658,0.0305
Cholangiocarcinoma,NUDT12,0.615,0.0573,0.0304
Cholangiocarcinoma,MBOAT4,0.9347,0.0085,0.0278
Cholangiocarcinoma,IGFALS,0.896,0.0125,0.0277
Cholangiocarcinoma,EEF1D,0.1286,0.5935,0.0261
Cholangiocarcinoma,HSPH1,0.2407,0.2775,0.0247
Cholangiocarcinoma,PKHD1,0.5626,0.0698,0.0226
Cholangiocarcinoma,SNCG,0.3593,0.1575,0.0221
Cholangiocarcinoma,CYP4F3,0.5723,0.067,0.0208
Cholangiocarcinoma,MMP23B,0.6374,0.0514,0.0206
Cholangiocarcinoma,CRCT1,0.8806,0.0133,0.0166
Cholangiocarcinoma,ESAM,0.6593,0.0464,0.0155
Cholangiocarcinoma,LPGAT1,0.3029,0.202,0.0144
Cholangiocarcinoma,MAPK1,0.3811,0.143,0.0143
Cholangiocarcinoma,UFSP1,0.7577,0.029,0.0131
Cholangiocarcinoma,LMBRD2,0.6394,0.0503,0.0129
Cholangiocarcinoma,CAGE1,0.903,0.0102,0.0099
Cholangiocarcinoma,KRTAP1-1,0.9943,0.0013,0.009
Cholangiocarcinoma,PPM1N,0.712,0.0358,0.0059
Cholangiocarcinoma,RAB40AL,0.952,0.0048,0.0042
Cholangiocarcinoma,FFAR3,0.9862,0.0014,0.0016
CML,HNRNPH1,0.1791,0.7563,4.0839
CML,H3-5,0.3186,0.5274,3.9055
CML,MPL,0.6592,0.2605,2.4686
CML,ARHGDIB,0.1469,0.7121,2.3562
CML,SPINK2,0.3325,0.3697,2.2307
CML,SRSF6,0.2026,0.5372,2.2216
CML,ANKRD10,0.2512,0.4509,2.1867
CML,CD69,0.3399,0.3551,2.1282
CML,TRA2A,0.2182,0.4869,1.9984
CML,SET,0.1561,0.6431,1.965
CML,PPIAL4G,0.8417,0.1867,1.9522
CML,RSPO1,0.7842,0.1943,1.9515
CML,WTAP,0.2358,0.4498,1.9135
CML,CDC42SE2,0.3499,0.3275,1.8958
CML,GMFG,0.1899,0.5373,1.8917
CML,C16orf54,0.5383,0.2384,1.8747
CML,CASP2,0.3532,0.3225,1.865
CML,CCDC27,0.9814,0.1634,1.8541
CML,PAN3,0.327,0.3398,1.8366
CML,UBB,0.1286,0.7502,1.8232
CML,RPL7,0.0975,0.9599,1.7507
CML,CRHBP,0.9328,0.1558,1.7132
CML,EIF2S3,0.2012,0.4854,1.5941
CML,CYTL1,0.5482,0.2055,1.531
CML,UBE2V1,0.2667,0.372,1.514
CML,CAPZA1,0.1977,0.474,1.3735
CML,IFITM1,0.1984,0.4687,1.3325
CML,CNOT9,0.3114,0.3063,1.2997
CML,SERPINB9,0.4922,0.1976,1.2332
CML,PPP1CB,0.1965,0.4625,1.2113
CML,LRRC70,0.8065,0.1253,1.1964
CML,PTEN,0.2902,0.3173,1.1905
CML,PIP4K2A,0.3539,0.2589,1.1417
CML,SELL,0.3372,0.2696,1.1242
CML,NDUFB8,0.1899,0.4664,1.0805
CML,FCER1A,0.7474,0.1228,1.0698
CML,SRP14,0.1433,0.6142,1.0634
CML,TSPYL1,0.2928,0.3035,1.0627
CML,EXOSC8,0.3613,0.24,0.9832
CML,NFE2,0.5689,0.1484,0.943
CML,SMIM24,0.362,0.2353,0.9346
CML,SMIM1,0.4066,0.2081,0.9254
CML,GAS2,0.6641,0.1243,0.9189
CML,ITM2A,0.4323,0.1944,0.9146
CML,AFMID,0.3731,0.2264,0.9144
CML,TESPA1,0.6856,0.1196,0.9117
CML,HEMGN,0.7181,0.1138,0.9114
CML,ARPC4,0.2356,0.3612,0.8959
CML,DAZAP2,0.2048,0.4157,0.8809
CML,TMIGD2,0.8115,0.0951,0.8577
CML,CPNE8,0.5089,0.1586,0.8531
CML,HNRNPL,0.2898,0.2877,0.8467
CML,CD34,0.41,0.1991,0.8422
CML,TEX101,0.8348,0.0895,0.8275
CML,NOG,0.8203,0.0902,0.8144
CML,RPL18A,0.0994,0.861,0.8114
CML,APOBEC3A,0.6158,0.1218,0.7719
CML,CTSW,0.6167,0.1215,0.7715
CML,IFITM2,0.1714,0.4883,0.7645
CML,S100A4,0.2004,0.4144,0.7601
CML,RPL31,0.104,0.8173,0.7535
CML,PAQR7,0.5144,0.1474,0.7455
CML,C6orf62,0.1688,0.4942,0.7389
CML,MLLT3,0.4179,0.1859,0.7379
CML,B2M,0.0917,0.9283,0.7341
CML,DFFB,0.5544,0.1339,0.7316
CML,AVP,0.8666,0.0765,0.723
CML,HNRNPA1L2,0.2152,0.3812,0.7221
CML,SNRPD2,0.1572,0.5297,0.7098
CML,TIMM23,0.3118,0.2529,0.6915
CML,GATD3,0.3119,0.2513,0.6745
CML,MRPL16,0.3087,0.2532,0.6622
CML,H2AC20,0.5009,0.1432,0.645
CML,BROX,0.3083,0.2515,0.6385
CML,TRIM59,0.4892,0.1465,0.6346
CML,TLK1,0.3039,0.2551,0.6328
CML,MMRN1,0.6892,0.0932,0.6173
CML,ZDHHC2,0.509,0.1374,0.6103
CML,MYCT1,0.8861,0.0644,0.61
CML,ERG,0.5716,0.1182,0.6059
CML,JAK3,0.5508,0.1237,0.6018
CML,PGAM4,0.8338,0.0695,0.5976
CML,ARGLU1,0.1964,0.4092,0.5972
CML,PET100,0.2198,0.3614,0.5929
CML,C2orf68,0.3742,0.1976,0.5923
CML,KCNRG,0.7474,0.0798,0.5766
CML,OGT,0.3069,0.2467,0.5698
CML,NPIPB5,0.5017,0.1363,0.5689
CML,ARHGAP15,0.3469,0.2135,0.5647
CML,RPS14,0.0985,0.8471,0.5617
CML,POLR2J2,0.6713,0.0916,0.5601
CML,SOCS2,0.2978,0.254,0.5531
CML,ANP32E,0.2848,0.2672,0.5507
CML,GTF2H2C,0.4598,0.1505,0.5507
CML,R3HDM2,0.3382,0.2186,0.5491
CML,C1orf174,0.3903,0.1838,0.5442
CML,H3-3B,0.1115,0.7421,0.5402
CML,PRPF39,0.508,0.1314,0.5381
CML,U2AF1,0.2414,0.3209,0.5355
CML,ARL6IP5,0.2414,0.3207,0.5324
CML,NONO,0.1886,0.4201,0.5124
CML,RPL39L,0.3176,0.2311,0.5
CML,SAR1A,0.2498,0.3048,0.4904
CML,HBG1,0.9566,0.0455,0.4761
CML,ACTA1,0.943,0.0468,0.4758
CML,RPS27,0.0932,0.8885,0.4514
CML,CRYGD,0.8986,0.0492,0.4508
CML,HBG2,0.9151,0.0474,0.4504
CML,EEF1G,0.121,0.6721,0.4417
CML,PNRC2,0.2813,0.2591,0.4145
CML,CLK1,0.2418,0.3089,0.4053
CML,NPM1,0.1262,0.6393,0.4025
CML,TRIM60,0.9227,0.0419,0.3964
CML,BCL11A,0.2699,0.2673,0.359
CML,PRDX3,0.2214,0.338,0.3571
CML,NDUFV2,0.2066,0.3652,0.3451
CML,CASP4,0.3262,0.2094,0.3346
CML,ATP5PO,0.174,0.4435,0.3343
CML,MRPS18C,0.3003,0.2321,0.33
CML,GFI1B,0.9143,0.0363,0.322
CML,DYTN,0.966,0.0293,0.3006
CML,SEC22B,0.2542,0.2822,0.3001
CML,NANOGNB,0.9523,0.0305,0.2996
CML,RTL4,0.9715,0.0279,0.2905
CML,NDUFA1,0.163,0.4732,0.2864
CML,PAIP2,0.1766,0.4315,0.2817
CML,NOP58,0.2475,0.2891,0.2742
CML,RIMKLB,0.3285,0.2019,0.2697
CML,GYPE,0.9363,0.0294,0.2685
CML,RGPD4,0.953,0.0271,0.2609
CML,COMMD3,0.2833,0.2433,0.2581
CML,PAFAH1B2,0.2637,0.2661,0.2581
CML,RHAG,0.9818,0.0237,0.2531
CML,HBZ,0.9527,0.0262,0.251
CML,FAM124B,0.9296,0.0282,0.2469
CML,HBE1,0.9703,0.0239,0.2433
CML,GYPB,0.9123,0.0294,0.2409
CML,SPIN2A,0.9393,0.0263,0.2371
CML,RBM39,0.1765,0.4277,0.2363
CML,GOLGA8G,0.9824,0.0218,0.2319
CML,GATA1,0.9597,0.0238,0.2302
CML,GYPA,0.985,0.0213,0.2283
CML,GOLGA6L6,0.9558,0.0239,0.2272
CML,HIF1A,0.2554,0.2738,0.2223
CML,UROD,0.2923,0.2302,0.2166
CML,WDR43,0.3123,0.2108,0.2134
CML,NDUFA13,0.1677,0.4515,0.2115
CML,PFDN5,0.1361,0.5697,0.1805
CML,RGPD3,0.9077,0.0245,0.1789
CML,RPS25,0.1067,0.7458,0.1773
CML,RAB6C,0.8957,0.0246,0.1653
CML,KLRF2,0.9948,0.014,0.1551
CML,CAPN11,0.9549,0.0167,0.1444
CML,CCDC42,0.9847,0.0138,0.143
CML,SEC14L3,0.9648,0.0156,0.1429
CML,PSMA6,0.1922,0.3787,0.136
CML,TPSD1,0.9278,0.0184,0.1335
CML,MYL4,0.9371,0.017,0.1281
CML,EAF2,0.2985,0.2156,0.1208
CML,CASP5,0.9119,0.0179,0.108
CML,H2BC3,0.9359,0.015,0.1036
CML,GAGE10,0.9848,0.0102,0.1017
CML,NME8,0.9369,0.0147,0.1011
CML,PRG2,0.9362,0.0145,0.0977
CML,RHOXF2B,0.9768,0.0105,0.0967
CML,SELP,0.9626,0.0113,0.0906
CML,AHSP,0.9533,0.0115,0.083
CML,AMY2A,0.9243,0.0144,0.083
CML,TOMM5,0.2394,0.2841,0.0792
CML,MC2R,0.9397,0.0122,0.0762
CML,BCCIP,0.3045,0.2057,0.0735
CML,HMGN3,0.1753,0.4167,0.0732
CML,KLF1,0.9669,0.0091,0.0697
CML,RPL36AL,0.1466,0.5139,0.0672
CML,RPEL1,0.9038,0.0143,0.0572
CML,HESX1,0.9044,0.014,0.0546
CML,SPTA1,0.9431,0.0098,0.0521
CML,FBXO40,0.9307,0.0107,0.0479
CML,OR2T8,0.985,0.0053,0.0455
CML,TOMM20L,0.9457,0.009,0.0455
CML,CDH9,0.9165,0.0118,0.0441
CML,ACRBP,0.9144,0.0119,0.0434
CML,CALML6,0.9905,0.0044,0.0405
CML,DSC1,0.9318,0.0099,0.0403
CML,CDC123,0.2761,0.2323,0.0396
CML,ETV3L,0.9909,0.0042,0.0388
CML,TUBAL3,0.9734,0.0057,0.038
CML,CA1,0.9227,0.0101,0.0317
CML,OR51B5,0.9622,0.0062,0.0315
CML,TMA7,0.1434,0.5241,0.0314
CML,H2BC13,0.9261,0.0095,0.0295
CML,C1QL3,0.9563,0.0065,0.0292
CML,HMHB1,0.9806,0.0043,0.0289
CML,PIK3R6,0.9021,0.0119,0.0273
CML,CYLC2,0.9861,0.0036,0.0268
CML,PRPS1L1,0.9874,0.0029,0.0201
CML,TNNT3,0.941,0.0069,0.0167
CML,GABRR3,0.9946,0.0019,0.0164
CML,ADNP,0.2964,0.2085,0.0155
CML,MYOC,0.9847,0.0024,0.0117
CML,CXorf65,0.9466,0.0059,0.0116
CML,TMEM272,0.9639,0.0042,0.011
CML,RD3,0.9049,0.0101,0.0106
CML,PDZD9,0.9504,0.0055,0.0103
CML,C1orf146,0.9787,0.0028,0.0101
CML,CCR9,0.9891,0.0018,0.0097
CML,SERINC4,0.9022,0.0103,0.0097
CML,SLFN14,0.9908,0.0016,0.0094
CML,CT55,0.9436,0.006,0.009
CML,GGTLC2,0.9566,0.0047,0.0087
CML,KIAA1210,0.897,0.0108,0.0087
CML,TEX12,0.9764,0.0028,0.0079
CML,MYLK4,0.9487,0.0054,0.0075
CML,TMOD4,0.9553,0.0047,0.0072
CML,SLC2A14,0.9189,0.0083,0.0071
CML,OR2AK2,0.9838,0.002,0.0068
CML,TEDDM1,0.9568,0.0045,0.0068
CML,GOLGA6C,0.9418,0.006,0.0067
CML,OR51B4,0.98,0.0023,0.0065
CML,CD1E,0.9852,0.0019,0.0064
CML,OR2L3,0.9859,0.0018,0.0059
CML,CMTM2,0.9477,0.0052,0.0046
CML,GP1BA,0.9332,0.0066,0.0044
CML,KRT73,0.9961,0.0007,0.0039
CML,FKBP6,0.9452,0.0054,0.0037
CML,NUTM2F,0.9963,0.0006,0.0037
CML,BCL6B,0.9562,0.0043,0.0031
CML,LCN10,0.9692,0.003,0.003
CML,OR2L5,0.9828,0.0018,0.0026
CML,PDCD4,0.2295,0.2931,0.0023
CML,IL12B,0.986,0.0014,0.0022
CML,SSX7,0.9862,0.0014,0.0022
CML,TAS2R60,0.9837,0.0016,0.0022
CML,KRTAP16-1,0.994,0.0007,0.0021
CML,LY6G6F,0.9901,0.001,0.0016
CML,OR2L8,0.988,0.0012,0.0014
CRC_MSS,CXCL3,0.3912,0.4478,3.5765
CRC_MSS,AREG,0.2367,0.5832,3.4598
CRC_MSS,CDX1,0.9343,0.2936,3.2946
CRC_MSS,CEACAM5,0.2887,0.4877,3.1257
CRC_MSS,PHGR1,0.3123,0.4338,2.7697
CRC_MSS,CLDN3,0.1802,0.621,2.5674
CRC_MSS,DPEP1,0.7219,0.2564,2.5541
CRC_MSS,FAM3D,0.5008,0.2962,2.3978
CRC_MSS,IER3,0.2414,0.4821,2.3836
CRC_MSS,PHLDA2,0.2136,0.5283,2.3737
CRC_MSS,CDH17,0.5922,0.2586,2.2752
CRC_MSS,KRT20,0.7656,0.2207,2.2236
CRC_MSS,TFF3,0.1729,0.6003,2.0966
CRC_MSS,PRSS3,0.3319,0.3577,2.0866
CRC_MSS,VIL1,0.5364,0.2541,2.0477
CRC_MSS,LGALS4,0.1975,0.5326,2.0419
CRC_MSS,TSPAN8,0.1879,0.5509,1.9925
CRC_MSS,CLDN4,0.1564,0.6416,1.9611
CRC_MSS,CDX2,0.849,0.1801,1.8866
CRC_MSS,MISP,0.3446,0.3254,1.8283
CRC_MSS,MUC3A,0.577,0.2234,1.8275
CRC_MSS,ASCL2,0.5354,0.2338,1.8115
CRC_MSS,TRIM31,0.5113,0.2413,1.8095
CRC_MSS,HBEGF,0.4374,0.2634,1.7321
CRC_MSS,ETHE1,0.3239,0.331,1.7061
CRC_MSS,KRT8,0.1407,0.6723,1.5971
CRC_MSS,EDN1,0.3484,0.3022,1.5937
CRC_MSS,KRT18,0.135,0.6943,1.5522
CRC_MSS,CXCL1,0.2573,0.3814,1.4842
CRC_MSS,FERMT1,0.362,0.2821,1.4709
CRC_MSS,SLC12A2,0.2892,0.3392,1.4301
CRC_MSS,ZNF703,0.4196,0.244,1.4136
CRC_MSS,GDF15,0.2028,0.4659,1.4083
CRC_MSS,MUC13,0.3365,0.2949,1.4075
CRC_MSS,PLAUR,0.285,0.3413,1.403
CRC_MSS,EREG,0.4381,0.2334,1.3924
CRC_MSS,AGPAT2,0.2455,0.3875,1.3686
CRC_MSS,TMEM54,0.2846,0.3354,1.3304
CRC_MSS,MUC12,0.6051,0.1702,1.2979
CRC_MSS,CDC42EP5,0.4154,0.2348,1.2835
CRC_MSS,EPCAM,0.1521,0.5982,1.2823
CRC_MSS,SMAGP,0.3785,0.2524,1.2503
CRC_MSS,PPP1R1B,0.3264,0.2871,1.2265
CRC_MSS,PPA1,0.1843,0.4919,1.2119
CRC_MSS,DNAJC15,0.2667,0.3448,1.2031
CRC_MSS,NOX1,0.9409,0.1058,1.1493
CRC_MSS,PRELID3B,0.2732,0.3321,1.1458
CRC_MSS,RBCK1,0.256,0.3512,1.119
CRC_MSS,EPHA2,0.3355,0.2683,1.0944
CRC_MSS,LEFTY1,0.8818,0.1066,1.0874
CRC_MSS,GPA33,0.9197,0.1021,1.0826
CRC_MSS,FHL2,0.2601,0.3411,1.0654
CRC_MSS,ARL14,0.4446,0.201,1.0545
CRC_MSS,CXCL8,0.2535,0.3475,1.0387
CRC_MSS,CRLS1,0.3461,0.253,1.0107
CRC_MSS,BNIP5,0.6685,0.1296,0.9897
CRC_MSS,LURAP1L,0.4779,0.1807,0.9785
CRC_MSS,PPP1R14D,0.6432,0.1337,0.9779
CRC_MSS,C6orf132,0.3579,0.2416,0.9752
CRC_MSS,MAP2K3,0.3909,0.2196,0.9589
CRC_MSS,EPHB2,0.5755,0.1473,0.951
CRC_MSS,SOD3,0.42,0.2032,0.9482
CRC_MSS,NCOA7,0.255,0.3374,0.9456
CRC_MSS,FABP1,0.3107,0.2749,0.9319
CRC_MSS,BBC3,0.4663,0.1796,0.9141
CRC_MSS,EBPL,0.2757,0.309,0.914
CRC_MSS,CHMP4B,0.2118,0.4037,0.9058
CRC_MSS,NR4A1,0.2358,0.3606,0.8914
CRC_MSS,BBLN,0.2051,0.4141,0.8714
CRC_MSS,CKS2,0.2547,0.3307,0.8636
CRC_MSS,URAD,0.9916,0.0729,0.827
CRC_MSS,GPR160,0.3559,0.2288,0.8129
CRC_MSS,GPR35,0.5585,0.1392,0.8052
CRC_MSS,POLR1D,0.2103,0.3975,0.8006
CRC_MSS,AHCY,0.2452,0.3382,0.7988
CRC_MSS,GGH,0.274,0.3009,0.7987
CRC_MSS,PFDN4,0.254,0.3257,0.7969
CRC_MSS,RPS17,0.1139,0.7484,0.7966
CRC_MSS,CYP2W1,0.8315,0.0871,0.796
CRC_MSS,ARMC10,0.343,0.2356,0.7847
CRC_MSS,TDGF1,0.8191,0.0863,0.7686
CRC_MSS,TMEM45B,0.3983,0.198,0.7589
CRC_MSS,LGALS3,0.145,0.5805,0.7584
CRC_MSS,FDX1,0.3581,0.2224,0.756
CRC_MSS,IFRD1,0.297,0.2721,0.7523
CRC_MSS,HNF4A,0.4445,0.1742,0.7466
CRC_MSS,USH1C,0.3829,0.2052,0.7397
CRC_MSS,CFTR,0.6812,0.1052,0.738
CRC_MSS,OLFM4,0.3942,0.197,0.7212
CRC_MSS,SPINK4,0.8078,0.0836,0.7201
CRC_MSS,HEPH,0.5412,0.1367,0.7193
CRC_MSS,SH3YL1,0.2836,0.2827,0.715
CRC_MSS,PHLDA1,0.272,0.2956,0.7122
CRC_MSS,SRPK1,0.3116,0.2543,0.7053
CRC_MSS,TRAF4,0.3082,0.2572,0.7036
CRC_MSS,MACROD1,0.4061,0.1889,0.7029
CRC_MSS,SLCO4A1,0.5218,0.1412,0.7021
CRC_MSS,RALY,0.2282,0.3562,0.7007
CRC_MSS,HOXB9,0.6919,0.0999,0.7002
CRC_MSS,FOSL1,0.4361,0.173,0.6899
CRC_MSS,CLDN7,0.1975,0.4138,0.68
CRC_MSS,CYCS,0.167,0.4925,0.6579
CRC_MSS,COX5A,0.1691,0.4848,0.6408
CRC_MSS,EIF3H,0.1676,0.4859,0.6019
CRC_MSS,RPS3,0.1032,0.8107,0.5984
CRC_MSS,EIF6,0.1918,0.4189,0.5872
CRC_MSS,POMP,0.1667,0.4859,0.5688
CRC_MSS,ATP5F1D,0.1736,0.4641,0.5598
CRC_MSS,TMEM238L,0.8084,0.0692,0.5558
CRC_MSS,ELF3,0.1572,0.5159,0.5527
CRC_MSS,RPS2,0.097,0.86,0.5438
CRC_MSS,PPDPF,0.1365,0.5994,0.5415
CRC_MSS,RPS19,0.0983,0.847,0.5353
CRC_MSS,GUCY2C,0.8799,0.0578,0.5259
CRC_MSS,HSPE1,0.1556,0.518,0.5111
CRC_MSS,HSPD1,0.167,0.4797,0.5091
CRC_MSS,COX4I1,0.1342,0.6059,0.4912
CRC_MSS,AGR2,0.1605,0.499,0.4887
CRC_MSS,PPP1R15A,0.2009,0.3888,0.4799
CRC_MSS,EIF3E,0.162,0.4924,0.4724
CRC_MSS,S100A10,0.1235,0.6598,0.468
CRC_MSS,LIPG,0.7926,0.063,0.4609
CRC_MSS,CLIC1,0.1439,0.5578,0.4451
CRC_MSS,TXN,0.1351,0.5974,0.4427
CRC_MSS,CST3,0.1451,0.5519,0.4344
CRC_MSS,RPL21,0.1043,0.7849,0.412
CRC_MSS,JPH1,0.7587,0.0636,0.4107
CRC_MSS,RPL13,0.095,0.8667,0.4081
CRC_MSS,OCIAD2,0.1789,0.4352,0.3968
CRC_MSS,TMSB4X,0.0951,0.8639,0.3885
CRC_MSS,NEK3,0.7236,0.0672,0.3878
CRC_MSS,RBBP8NL,0.8251,0.0515,0.3784
CRC_MSS,IHH,0.8165,0.0519,0.3702
CRC_MSS,CDHR1,0.7854,0.0556,0.3643
CRC_MSS,RPLP0,0.108,0.7509,0.3509
CRC_MSS,PDSS1,0.7294,0.0621,0.3407
CRC_MSS,RBP2,0.9412,0.0344,0.3313
CRC_MSS,SLC25A6,0.1332,0.5959,0.3241
CRC_MSS,COMMD6,0.1667,0.4643,0.3223
CRC_MSS,PCSK9,0.7262,0.0605,0.3164
CRC_MSS,EIF1AX,0.1905,0.3979,0.3113
CRC_MSS,RPL27A,0.1055,0.7659,0.296
CRC_MSS,APRT,0.1849,0.4102,0.294
CRC_MSS,LYPD8,0.9715,0.0279,0.2904
CRC_MSS,RPL8,0.0998,0.8116,0.2873
CRC_MSS,FABP2,0.9191,0.0325,0.2843
CRC_MSS,SRI,0.1873,0.4031,0.2811
CRC_MSS,NIPAL1,0.7029,0.0613,0.28
CRC_MSS,MEP1A,0.9616,0.0278,0.2787
CRC_MSS,RPS18,0.0901,0.9049,0.276
CRC_MSS,CCL3L3,0.8285,0.0413,0.2661
CRC_MSS,RPL35,0.1108,0.7235,0.2661
CRC_MSS,GUCA2A,0.9424,0.0283,0.2635
CRC_MSS,KLF6,0.1545,0.4999,0.2552
CRC_MSS,GPX2,0.1693,0.4498,0.2497
CRC_MSS,RPS7,0.1051,0.7635,0.2355
CRC_MSS,RPL14,0.11,0.7265,0.2341
CRC_MSS,PF4,0.8526,0.035,0.228
CRC_MSS,PRDX5,0.1485,0.5199,0.2231
CRC_MSS,ZNF706,0.1792,0.4191,0.2222
CRC_MSS,PRELID1,0.1744,0.4322,0.2204
CRC_MSS,RPS24,0.1073,0.745,0.2199
CRC_MSS,CEL,0.8484,0.0345,0.2169
CRC_MSS,BATF2,0.7367,0.0501,0.2168
CRC_MSS,RAC1,0.1374,0.5664,0.2146
CRC_MSS,PPIA,0.1291,0.6074,0.2143
CRC_MSS,UQCRH,0.1404,0.5528,0.2127
CRC_MSS,SAP18,0.1763,0.426,0.2103
CRC_MSS,RPLP2,0.1032,0.776,0.1998
CRC_MSS,SLC25A3,0.1535,0.4978,0.1919
CRC_MSS,ZFP36L2,0.1842,0.4029,0.1883
CRC_MSS,ERICH4,0.9846,0.0172,0.1812
CRC_MSS,NCR3LG1,0.8312,0.0332,0.1778
CRC_MSS,RPS21,0.1139,0.6939,0.1741
CRC_MSS,LSM7,0.1748,0.427,0.1719
CRC_MSS,MYO7B,0.7583,0.0424,0.1678
CRC_MSS,TMEM150B,0.9171,0.0218,0.1592
CRC_MSS,MZT2A,0.1853,0.3973,0.1558
CRC_MSS,EIF3K,0.1693,0.4415,0.1538
CRC_MSS,NACA,0.1195,0.6557,0.1452
CRC_MSS,PSMA7,0.1439,0.5318,0.1449
CRC_MSS,PPBP,0.9157,0.0205,0.1428
CRC_MSS,MYO1A,0.8114,0.0326,0.1415
CRC_MSS,MOGAT3,0.8045,0.0334,0.1393
CRC_MSS,ACE2,0.7241,0.0451,0.1356
CRC_MSS,RPS16,0.1054,0.7522,0.1317
CRC_MSS,XK,0.8377,0.0281,0.1281
CRC_MSS,RPL29,0.1055,0.7503,0.1224
CRC_MSS,POU5F1B,0.9045,0.0196,0.1194
CRC_MSS,JTB,0.179,0.4106,0.1183
CRC_MSS,PCBD1,0.1865,0.3907,0.1171
CRC_MSS,ACVRL1,0.8302,0.028,0.116
CRC_MSS,CLCA1,0.9808,0.0115,0.1127
CRC_MSS,BTNL3,0.9261,0.0167,0.111
CRC_MSS,SLC51B,0.865,0.0222,0.098
CRC_MSS,ATF4,0.1859,0.3904,0.0961
CRC_MSS,COX7B,0.159,0.4699,0.0961
CRC_MSS,RNF223,0.8022,0.0295,0.0918
CRC_MSS,SH3BGRL3,0.1506,0.4994,0.0858
CRC_MSS,CFL1,0.1272,0.6058,0.0823
CRC_MSS,RPL32,0.0996,0.7956,0.081
CRC_MSS,NOP53,0.1622,0.4577,0.0789
CRC_MSS,NAT2,0.9446,0.0118,0.0763
CRC_MSS,HPDL,0.7538,0.035,0.0748
CRC_MSS,GDPD5,0.749,0.0354,0.0701
CRC_MSS,SAMD13,0.7905,0.029,0.0679
CRC_MSS,RPL18,0.1054,0.7464,0.0678
CRC_MSS,MOGAT2,0.9285,0.0125,0.0668
CRC_MSS,PTPRB,0.7894,0.0291,0.0667
CRC_MSS,RPSA,0.1161,0.6698,0.0665
CRC_MSS,TMEM74B,0.7384,0.0362,0.0608
CRC_MSS,CCNI2,0.9003,0.0148,0.0586
CRC_MSS,RXFP4,0.9658,0.0079,0.0552
CRC_MSS,TIMM13,0.1733,0.4211,0.0549
CRC_MSS,IL22RA1,0.76,0.0321,0.0526
CRC_MSS,STYXL2,0.958,0.0084,0.0521
CRC_MSS,YWHAB,0.1664,0.4416,0.0515
CRC_MSS,ISX,0.9586,0.0079,0.047
CRC_MSS,RPL19,0.1026,0.767,0.0468
CRC_MSS,EVX1,0.9706,0.0067,0.046
CRC_MSS,RPL11,0.1023,0.7697,0.0452
CRC_MSS,SLC6A7,0.9765,0.006,0.0443
CRC_MSS,RPS9,0.107,0.7322,0.0442
CRC_MSS,ACR,0.9643,0.007,0.0428
CRC_MSS,TLDC2,0.8469,0.0195,0.0425
CRC_MSS,CLCN2,0.7685,0.03,0.0423
CRC_MSS,DEFA6,0.9515,0.0079,0.0391
CRC_MSS,SEMG1,0.9865,0.0044,0.0371
CRC_MSS,RPL23A,0.1049,0.7473,0.0365
CRC_MSS,SAT1,0.1319,0.5774,0.0364
CRC_MSS,XPNPEP2,0.9548,0.0072,0.0347
CRC_MSS,MYZAP,0.8193,0.0222,0.0345
CRC_MSS,SSUH2,0.88,0.0149,0.0342
CRC_MSS,FFAR4,0.8189,0.0223,0.0341
CRC_MSS,ZNF628,0.784,0.027,0.0335
CRC_MSS,IL33,0.7146,0.0376,0.032
CRC_MSS,GRIN2B,0.7524,0.0314,0.0312
CRC_MSS,CCRL2,0.7707,0.0285,0.0294
CRC_MSS,SF3B6,0.1792,0.4022,0.028
CRC_MSS,SGK2,0.7691,0.0286,0.0271
CRC_MSS,GPR153,0.7088,0.038,0.0246
CRC_MSS,RPL6,0.1093,0.7133,0.0242
CRC_MSS,KCNJ14,0.8538,0.0169,0.0224
CRC_MSS,KRT40,0.9791,0.0038,0.022
CRC_MSS,MS4A12,0.9947,0.0021,0.0182
CRC_MSS,CATSPERZ,0.9583,0.0054,0.0178
CRC_MSS,RPA4,0.9301,0.0081,0.0174
CRC_MSS,HIRA,0.7054,0.038,0.0173
CRC_MSS,SP6,0.8539,0.0164,0.017
CRC_MSS,HNF1A,0.7989,0.0234,0.0169
CRC_MSS,LY6G6D,0.8811,0.0131,0.0153
CRC_MSS,CLDND2,0.7871,0.0248,0.0141
CRC_MSS,MYADML2,0.9597,0.0048,0.0128
CRC_MSS,SNAI1,0.7262,0.034,0.0125
CRC_MSS,CYP2B6,0.7534,0.0294,0.0091
CRC_MSS,FITM2,0.7354,0.0322,0.009
CRC_MSS,AQP8,0.9817,0.0024,0.0086
CRC_MSS,TRIM10,0.9472,0.0056,0.008
CRC_MSS,GBX2,0.9177,0.0084,0.0062
CRC_MSS,AMELX,0.9944,0.001,0.006
CRC_MSS,RAVER2,0.7099,0.0362,0.006
CRC_MSS,REP15,0.8516,0.0157,0.0053
CRC_MSS,NR1I2,0.799,0.0224,0.0051
CRC_MSS,KRTAP3-3,0.9966,0.0005,0.0029
CRC_MSS,IFNL1,0.992,0.0009,0.0024
CRC_MSS,TNMD,0.9309,0.0066,0.0018
CRC_MSS,AIFM3,0.7437,0.0302,0.0016
CRC_MSS,VDAC2,0.1698,0.4268,0.0012
DLBCL,CD79B,0.5191,0.5884,5.8177
DLBCL,CD79A,0.3547,0.6127,5.2039
DLBCL,CD37,0.3539,0.5878,4.911
DLBCL,TCL1A,0.9389,0.4085,4.6171
DLBCL,MS4A1,0.5135,0.4598,4.3228
DLBCL,CORO1A,0.3368,0.5348,4.1603
DLBCL,NCF1,0.7183,0.397,4.1581
DLBCL,LIMD2,0.3632,0.505,4.0345
DLBCL,LTB,0.5306,0.382,3.4933
DLBCL,HLA-DQA1,0.344,0.4541,3.298
DLBCL,CD19,0.8573,0.2796,3.0382
DLBCL,GPSM3,0.6025,0.3035,2.8183
DLBCL,SIT1,0.8738,0.2578,2.8102
DLBCL,BLK,0.9486,0.2472,2.7787
DLBCL,HLA-DMB,0.4581,0.3407,2.7222
DLBCL,RHOH,0.4594,0.3387,2.7049
DLBCL,IRAG2,0.5051,0.3153,2.634
DLBCL,CD83,0.62,0.2762,2.5533
DLBCL,RGS1,0.3809,0.3618,2.5218
DLBCL,FCRLA,0.3609,0.3711,2.4831
DLBCL,HLA-DPA1,0.2137,0.5358,2.4618
DLBCL,CD22,0.6848,0.2543,2.4539
DLBCL,IRF8,0.4986,0.2988,2.4197
DLBCL,ALOX5AP,0.5491,0.2826,2.4184
DLBCL,SPIB,0.5891,0.2714,2.413
DLBCL,HCLS1,0.3806,0.3506,2.3908
DLBCL,BLNK,0.5632,0.268,2.296
DLBCL,CSK,0.5316,0.2738,2.2568
DLBCL,HLA-DPB1,0.2184,0.5077,2.2411
DLBCL,UCP2,0.2827,0.4167,2.2381
DLBCL,VPREB3,0.6307,0.2422,2.19
DLBCL,NIBAN3,0.9415,0.1931,2.1515
DLBCL,CD27,0.5571,0.2553,2.1316
DLBCL,LSP1,0.4355,0.2957,2.0924
DLBCL,HLA-DRB5,0.2325,0.4702,2.0869
DLBCL,CD52,0.1819,0.5659,1.9874
DLBCL,COTL1,0.2642,0.4141,1.9607
DLBCL,STK17A,0.3654,0.3213,1.9462
DLBCL,HLA-DRB1,0.1852,0.5535,1.9428
DLBCL,CD72,0.6189,0.2187,1.8909
DLBCL,RGS13,0.6225,0.2159,1.868
DLBCL,HLA-DMA,0.2373,0.4424,1.8554
DLBCL,CD40,0.4272,0.2779,1.8442
DLBCL,RFTN1,0.6241,0.2124,1.8326
DLBCL,CYB561A3,0.4198,0.2793,1.8194
DLBCL,LPXN,0.6234,0.2091,1.7927
DLBCL,SWAP70,0.4022,0.2831,1.7591
DLBCL,TBC1D10C,0.6787,0.1932,1.7413
DLBCL,CXCR4,0.2917,0.3604,1.7026
DLBCL,BCL2A1,0.4211,0.2655,1.6679
DLBCL,SASH3,0.6248,0.1971,1.6586
DLBCL,RAC2,0.2768,0.3713,1.6424
DLBCL,RCSD1,0.3281,0.3213,1.6346
DLBCL,HLA-DQB1,0.244,0.4125,1.6301
DLBCL,SPI1,0.6499,0.1886,1.6233
DLBCL,GTSF1,0.4807,0.2303,1.559
DLBCL,STAG3,0.4935,0.2188,1.4818
DLBCL,MAP4K1,0.5673,0.1956,1.4793
DLBCL,LAPTM5,0.201,0.4756,1.4748
DLBCL,HVCN1,0.6827,0.1691,1.4729
DLBCL,SP140,0.6006,0.1861,1.4679
DLBCL,TNFAIP8,0.3965,0.2582,1.4375
DLBCL,ACAP1,0.619,0.1788,1.4336
DLBCL,PPP1R18,0.5263,0.1995,1.3867
DLBCL,CXCR5,0.9484,0.1257,1.3867
DLBCL,GGA2,0.4233,0.2375,1.3595
DLBCL,TAGAP,0.6608,0.1623,1.3469
DLBCL,TNFRSF13C,0.8623,0.1311,1.3424
DLBCL,AIM2,0.4572,0.22,1.3339
DLBCL,BCAS4,0.4497,0.2206,1.3051
DLBCL,CCR7,0.9425,0.1188,1.3009
DLBCL,DUSP2,0.4431,0.223,1.2994
DLBCL,PLEKHA2,0.5103,0.1965,1.2928
DLBCL,LY86,0.5174,0.1935,1.2848
DLBCL,GCSAM,0.7948,0.1337,1.2741
DLBCL,SH3BP5,0.4449,0.2191,1.264
DLBCL,HLA-DQA2,0.627,0.1601,1.2404
DLBCL,PAX5,0.7308,0.1369,1.2008
DLBCL,ISG20,0.2329,0.3898,1.1742
DLBCL,WAS,0.4088,0.2264,1.148
DLBCL,MEF2B,0.7366,0.1294,1.1254
DLBCL,FCMR,0.6383,0.1476,1.1249
DLBCL,CD53,0.2327,0.3855,1.1213
DLBCL,QRSL1,0.5211,0.178,1.1208
DLBCL,ACTG2,0.8407,0.1138,1.1143
DLBCL,TLR10,0.7197,0.1306,1.1075
DLBCL,RUBCNL,0.4523,0.2019,1.1036
DLBCL,TMEM243,0.3006,0.2992,1.1019
DLBCL,PLCG2,0.3862,0.2345,1.0977
DLBCL,SMARCB1,0.2572,0.3469,1.0875
DLBCL,CYBA,0.1514,0.5834,1.0802
DLBCL,APBB1IP,0.4029,0.2225,1.0683
DLBCL,P2RX5,0.5311,0.1682,1.0449
DLBCL,SYK,0.3553,0.2479,1.0264
DLBCL,ARHGAP24,0.3879,0.2265,1.0176
DLBCL,LCK,0.7369,0.1195,1.0122
DLBCL,INPP5D,0.473,0.1854,1.0112
DLBCL,PTPN6,0.3897,0.2248,1.01
DLBCL,SEPTIN6,0.2826,0.3093,1.0065
DLBCL,STX7,0.3113,0.28,0.9965
DLBCL,POU2F2,0.2585,0.3366,0.9897
DLBCL,SERPINA9,0.9792,0.0874,0.9804
DLBCL,GPR18,0.9022,0.0937,0.965
DLBCL,FCRL3,0.9243,0.0907,0.9578
DLBCL,PARP1,0.2033,0.4254,0.9573
DLBCL,ACTB,0.105,0.8251,0.9315
DLBCL,BTG1,0.1566,0.5499,0.9187
DLBCL,PNMA5,0.8925,0.0862,0.8675
DLBCL,TCL1B,0.964,0.0766,0.8409
DLBCL,CD1C,0.9141,0.0769,0.7879
DLBCL,CNR2,0.8589,0.0801,0.7539
DLBCL,ARPC3,0.1582,0.5297,0.7503
DLBCL,TCEA1,0.2282,0.3601,0.7446
DLBCL,CD74,0.1013,0.8392,0.7424
DLBCL,HLA-DRA,0.1598,0.5221,0.7255
DLBCL,CYRIB,0.2636,0.3069,0.7231
DLBCL,EBI3,0.9548,0.064,0.6859
DLBCL,GRHPR,0.2376,0.3334,0.612
DLBCL,ANP32A,0.2454,0.3196,0.5878
DLBCL,CLEC17A,0.9458,0.0553,0.5767
DLBCL,ABI3,0.8542,0.0642,0.5649
DLBCL,PCBP2,0.1715,0.4696,0.5504
DLBCL,FCRL1,0.9403,0.053,0.5437
DLBCL,RBBP7,0.2533,0.3046,0.5435
DLBCL,TLR9,0.9437,0.0521,0.5376
DLBCL,UBE2N,0.2396,0.3214,0.51
DLBCL,SH3BGRL,0.2245,0.343,0.4774
DLBCL,LTA,0.9521,0.0447,0.4622
DLBCL,PPP1CC,0.2242,0.3394,0.4304
DLBCL,SPATA48,0.9749,0.0394,0.426
DLBCL,BFSP2,0.8534,0.0504,0.4062
DLBCL,RAG2,0.9682,0.0377,0.3988
DLBCL,SPIC,0.9739,0.037,0.3978
DLBCL,HNRNPA1,0.1307,0.6151,0.3958
DLBCL,ERP29,0.1891,0.4064,0.37
DLBCL,GRAP,0.8779,0.0441,0.366
DLBCL,PPP1CA,0.1953,0.3901,0.3507
DLBCL,GPR174,0.9279,0.0368,0.3442
DLBCL,RPL39,0.0997,0.8178,0.3441
DLBCL,RPS23,0.1042,0.7796,0.3425
DLBCL,RPL34,0.1041,0.7796,0.3261
DLBCL,PCBP1,0.1996,0.3772,0.3142
DLBCL,TAF7,0.2335,0.3135,0.3099
DLBCL,DNAJC5B,0.91,0.0329,0.2778
DLBCL,TIGIT,0.9133,0.0317,0.2687
DLBCL,FAU,0.1163,0.6859,0.2654
DLBCL,CCDC141,0.9107,0.0317,0.2651
DLBCL,KBTBD8,0.8532,0.0378,0.2611
DLBCL,SCAF11,0.2226,0.3269,0.2531
DLBCL,MYOCD,0.9315,0.0275,0.2421
DLBCL,METAP2,0.2402,0.2965,0.2346
DLBCL,UBE2D2,0.1975,0.3745,0.2296
DLBCL,GPR34,0.8516,0.0351,0.2277
DLBCL,BAX,0.2396,0.2957,0.2154
DLBCL,PATL2,0.8988,0.0282,0.2106
DLBCL,ACTR3,0.1916,0.3864,0.2095
DLBCL,PSMB9,0.1985,0.3704,0.2081
DLBCL,CD80,0.9789,0.0198,0.2058
DLBCL,CTLA4,0.941,0.0232,0.2036
DLBCL,GNGT2,0.9672,0.0204,0.2001
DLBCL,SAMD7,0.9781,0.0189,0.1948
DLBCL,RPS13,0.109,0.7297,0.1911
DLBCL,PRR13,0.1878,0.3937,0.1877
DLBCL,EIF3F,0.1781,0.4179,0.1756
DLBCL,CR2,0.9681,0.018,0.1737
DLBCL,NLRP4,0.9797,0.0169,0.1734
DLBCL,FOLR2,0.872,0.0277,0.1706
DLBCL,PTPRC,0.1876,0.3923,0.1671
DLBCL,RPS4X,0.0989,0.8097,0.1662
DLBCL,SF3B2,0.2268,0.3116,0.1625
DLBCL,UBXN1,0.2264,0.3121,0.1605
DLBCL,SSX5,0.972,0.0158,0.1523
DLBCL,RPS27A,0.1017,0.7838,0.1504
DLBCL,LCN8,0.8961,0.0232,0.1502
DLBCL,RAG1,0.9381,0.0186,0.1472
DLBCL,FCRL4,0.989,0.0127,0.1339
DLBCL,PRSS55,0.9617,0.0149,0.1306
DLBCL,RPL22L1,0.2004,0.3593,0.1284
DLBCL,C17orf99,0.941,0.0162,0.1231
DLBCL,RPL28,0.0991,0.8033,0.1209
DLBCL,SOWAHD,0.9459,0.0154,0.1192
DLBCL,RPS8,0.0998,0.7973,0.1162
DLBCL,HNRNPDL,0.179,0.4102,0.1153
DLBCL,PDCD1,0.9264,0.0167,0.1123
DLBCL,CD1A,0.9798,0.011,0.1055
DLBCL,PFN1,0.1266,0.6107,0.0998
DLBCL,H3C3,0.9155,0.0161,0.0922
DLBCL,HNRNPA2B1,0.1396,0.5453,0.0854
DLBCL,PDE1B,0.9524,0.0115,0.0815
DLBCL,SLC12A3,0.9293,0.0137,0.081
DLBCL,POLR2E,0.2336,0.2932,0.08
DLBCL,CD5,0.9385,0.0126,0.0794
DLBCL,TAS1R3,0.8912,0.0173,0.0767
DLBCL,TICAM2,0.9254,0.0137,0.0763
DLBCL,SON,0.1848,0.3913,0.0728
DLBCL,ZBTB32,0.9402,0.0116,0.0697
DLBCL,TRA2B,0.2046,0.3446,0.0627
DLBCL,TIMD4,0.8953,0.0156,0.0616
DLBCL,ANKRD55,0.9444,0.0105,0.0613
DLBCL,BTF3,0.1286,0.5966,0.0597
DLBCL,SCN4A,0.955,0.0093,0.0589
DLBCL,FFAR1,0.967,0.0079,0.0569
DLBCL,RACK1,0.1127,0.6919,0.0564
DLBCL,GH1,0.9882,0.0057,0.0531
DLBCL,RBBP4,0.2323,0.2926,0.0496
DLBCL,AGRP,0.9614,0.0075,0.0462
DLBCL,RPL41,0.0928,0.857,0.0449
DLBCL,TMPRSS15,0.9575,0.0076,0.0432
DLBCL,SPATA21,0.8767,0.016,0.043
DLBCL,NKX6-3,0.9903,0.0044,0.0408
DLBCL,CRYBA4,0.8667,0.017,0.0408
DLBCL,STPG3,0.9766,0.0056,0.0407
DLBCL,WNT6,0.9164,0.0114,0.04
DLBCL,CETP,0.9724,0.0058,0.038
DLBCL,MYBPC2,0.8869,0.0143,0.0361
DLBCL,PLEKHG7,0.9052,0.0122,0.0347
DLBCL,OR13A1,0.9898,0.0037,0.0323
DLBCL,IL4,0.9925,0.0034,0.031
DLBCL,PLA2G2D,0.9495,0.0068,0.0247
DLBCL,GDF7,0.9712,0.0047,0.0239
DLBCL,KRTAP5-2,0.9878,0.0032,0.0239
DLBCL,GTSF1L,0.9953,0.0025,0.0236
DLBCL,HNRNPC,0.167,0.437,0.0206
DLBCL,PRSS56,0.9211,0.0092,0.0199
DLBCL,TREML2,0.9362,0.0076,0.0194
DLBCL,PSMA8,0.8766,0.014,0.0193
DLBCL,PA2G4,0.1993,0.3522,0.0186
DLBCL,RBM3,0.178,0.4043,0.0179
DLBCL,TAS1R1,0.946,0.0064,0.016
DLBCL,OVOL3,0.9351,0.0073,0.0142
DLBCL,CBLN3,0.9193,0.0089,0.0139
DLBCL,CCNL1,0.2168,0.3164,0.0138
DLBCL,KRTAP4-12,0.994,0.0017,0.0135
DLBCL,SMIM14,0.2251,0.3015,0.0123
DLBCL,CCL17,0.9195,0.0087,0.0118
DLBCL,EEF2,0.1256,0.6083,0.0111
DLBCL,PTTG2,0.9533,0.0052,0.0109
DLBCL,GDI2,0.1958,0.3592,0.0101
DLBCL,ACOXL,0.8785,0.0129,0.0094
DLBCL,H4C2,0.9153,0.0088,0.0086
DLBCL,NCR3,0.8646,0.0144,0.0081
DLBCL,RPS15A,0.1022,0.7667,0.0063
DLBCL,H2AC4,0.9221,0.0078,0.0048
DLBCL,CCR4,0.982,0.0019,0.0033
DLBCL,UMODL1,0.8757,0.0126,0.0029
DLBCL,PLA2G2C,0.9686,0.003,0.0021
DLBCL,GRAPL,0.9552,0.0043,0.0021
DLBCL,CD1B,0.9956,0.0006,0.002
DLBCL,ANP32D,0.9744,0.0024,0.0008
DLBCL,ANKRD34A,0.9255,0.0071,0.0004
DLBCL,CCT2,0.2019,0.345,0.0004
DLBCL,ZNF831,0.9465,0.005,0.0003
DLBCL,OR8D4,0.9962,0.0003,0.0001
Ependymoma,C9orf24,0.7299,0.3674,3.8412
Ependymoma,SPAG6,0.756,0.336,3.5281
Ependymoma,CFAP126,0.7569,0.3334,3.5
Ependymoma,ELN,0.5548,0.3618,3.3445
Ependymoma,IGF2,0.3541,0.4466,3.2947
Ependymoma,PLTP,0.2798,0.5,3.1575
Ependymoma,DYNLT5,0.8111,0.2909,3.1018
Ependymoma,ZMYND10,0.8073,0.2899,3.0838
Ependymoma,ARMC3,0.7902,0.288,3.0359
Ependymoma,PSAT1,0.339,0.4242,2.9121
Ependymoma,VWA3A,0.8881,0.2647,2.9084
Ependymoma,PIFO,0.6491,0.2971,2.8647
Ependymoma,SPAG8,0.8665,0.2597,2.8222
Ependymoma,C6orf118,0.851,0.2587,2.7897
Ependymoma,TMEM231,0.6164,0.2836,2.6279
Ependymoma,UBXN11,0.4705,0.3273,2.6259
Ependymoma,CFAP157,0.7526,0.2509,2.5474
Ependymoma,HYDIN,0.5426,0.2943,2.5304
Ependymoma,GFAP,0.2672,0.4519,2.437
Ependymoma,BAIAP3,0.6888,0.2514,2.4298
Ependymoma,FSTL1,0.4017,0.3346,2.345
Ependymoma,CFAP52,0.935,0.2079,2.3131
Ependymoma,DRC1,0.9172,0.2093,2.3088
Ependymoma,TEKT1,0.9472,0.203,2.2708
Ependymoma,NPIPA1,0.368,0.3444,2.2303
Ependymoma,HOATZ,0.9259,0.1964,2.1714
Ependymoma,DRC3,0.7371,0.2188,2.1515
Ependymoma,WLS,0.3427,0.3546,2.1468
Ependymoma,RSPH1,0.5822,0.2485,2.131
Ependymoma,ODAD1,0.8322,0.2023,2.1169
Ependymoma,TUBB4B,0.1724,0.6027,2.1071
Ependymoma,PAX6,0.675,0.2247,2.094
Ependymoma,CAPSL,0.8406,0.1987,2.0877
Ependymoma,CFAP45,0.7896,0.2046,2.079
Ependymoma,BSCL2,0.3265,0.3608,2.0717
Ependymoma,CFAP100,0.8702,0.1866,1.9901
Ependymoma,DAW1,0.9316,0.1782,1.9692
Ependymoma,CKB,0.1544,0.6484,1.9537
Ependymoma,SLC1A3,0.2342,0.454,1.9346
Ependymoma,MLC1,0.3974,0.301,1.9339
Ependymoma,NEK5,0.4538,0.2727,1.9223
Ependymoma,BOC,0.5583,0.2366,1.9211
Ependymoma,CCDC40,0.6447,0.2154,1.9172
Ependymoma,PHGDH,0.329,0.3446,1.9107
Ependymoma,SLC41A1,0.6051,0.2229,1.9023
Ependymoma,AQP4,0.3926,0.3009,1.9018
Ependymoma,PPP1R32,0.8983,0.1757,1.9005
Ependymoma,CFAP43,0.7567,0.1911,1.8692
Ependymoma,IFT46,0.5628,0.2303,1.8628
Ependymoma,GDPD2,0.7949,0.1849,1.8614
Ependymoma,ECRG4,0.5615,0.2268,1.8182
Ependymoma,TPPP3,0.2137,0.4795,1.8161
Ependymoma,ECM2,0.7513,0.1858,1.798
Ependymoma,ROPN1L,0.8697,0.1694,1.7912
Ependymoma,C1orf198,0.4118,0.2805,1.7865
Ependymoma,ABCC9,0.3716,0.302,1.7701
Ependymoma,TCTN1,0.3621,0.3066,1.752
Ependymoma,FHL1,0.2662,0.3931,1.7478
Ependymoma,FRMPD2,0.8708,0.165,1.7432
Ependymoma,DNAAF1,0.8042,0.1729,1.7378
Ependymoma,DKK3,0.3242,0.3298,1.6948
Ependymoma,WDR6,0.3538,0.3064,1.6853
Ependymoma,ORC4,0.2292,0.4403,1.6827
Ependymoma,FAM81B,0.8038,0.1681,1.6826
Ependymoma,TMEM67,0.5378,0.2216,1.6803
Ependymoma,METTL21A,0.2616,0.3926,1.6771
Ependymoma,MAPK15,0.6652,0.19,1.6744
Ependymoma,TOGARAM2,0.9283,0.1506,1.6493
Ependymoma,RSPH4A,0.9114,0.1519,1.6439
Ependymoma,C7orf57,0.908,0.152,1.6404
Ependymoma,MSX1,0.6738,0.184,1.6244
Ependymoma,CFAP77,0.9078,0.1505,1.6229
Ependymoma,COL6A1,0.3844,0.2804,1.6122
Ependymoma,AK1,0.2527,0.3972,1.595
Ependymoma,ZDHHC11,0.7413,0.1694,1.5931
Ependymoma,HSPB8,0.2919,0.3501,1.5874
Ependymoma,MORN5,0.8657,0.1519,1.5863
Ependymoma,TSNAXIP1,0.8782,0.15,1.58
Ependymoma,MFAP4,0.5324,0.2139,1.5736
Ependymoma,OPHN1,0.2895,0.3495,1.5509
Ependymoma,LRRIQ1,0.6025,0.1919,1.5397
Ependymoma,WFS1,0.5385,0.2079,1.5259
Ependymoma,LRRC46,0.9107,0.1415,1.524
Ependymoma,SPATA17,0.6747,0.175,1.5237
Ependymoma,ZBBX,0.927,0.1395,1.5199
Ependymoma,SHISA9,0.2501,0.3942,1.5197
Ependymoma,TSPAN6,0.2871,0.3492,1.5196
Ependymoma,GET1,0.3216,0.3166,1.5192
Ependymoma,TCTN2,0.5515,0.203,1.5137
Ependymoma,EFCAB12,0.8955,0.14,1.4884
Ependymoma,BBS1,0.5979,0.1882,1.4846
Ependymoma,CFAP73,0.8722,0.1422,1.4836
Ependymoma,RABL2B,0.5185,0.2104,1.483
Ependymoma,PBXIP1,0.3993,0.2603,1.479
Ependymoma,DNALI1,0.4098,0.2539,1.4698
Ependymoma,HEPN1,0.3628,0.2814,1.468
Ependymoma,CNN3,0.2,0.4746,1.4385
Ependymoma,RABL2A,0.6004,0.1826,1.4273
Ependymoma,GPR37L1,0.4546,0.2291,1.4262
Ependymoma,CFAP300,0.6967,0.1624,1.4261
Ependymoma,CETN2,0.2743,0.3481,1.3445
Ependymoma,CLU,0.1265,0.7193,1.3373
Ependymoma,CSRP2,0.2989,0.3129,1.2408
Ependymoma,MAT2A,0.2315,0.3977,1.2392
Ependymoma,TMEM212,0.2289,0.4005,1.2217
Ependymoma,ODF2L,0.2589,0.354,1.1953
Ependymoma,ASTN2,0.2045,0.4429,1.187
Ependymoma,DPYSL2,0.2119,0.4232,1.1321
Ependymoma,CDC42EP4,0.2845,0.3153,1.0995
Ependymoma,TOB1,0.2307,0.3867,1.098
Ependymoma,USP11,0.3034,0.2935,1.0674
Ependymoma,TUBA1A,0.1214,0.7233,1.053
Ependymoma,PSAP,0.1427,0.6151,1.0424
Ependymoma,MARCHF6,0.2401,0.3668,1.0386
Ependymoma,OAZ2,0.2699,0.3256,1.0277
Ependymoma,NTRK2,0.2386,0.3651,0.9945
Ependymoma,SPC25,0.2829,0.3061,0.9737
Ependymoma,TSPAN3,0.1939,0.4463,0.9584
Ependymoma,PRNP,0.208,0.4052,0.8376
Ependymoma,DDX39B,0.2833,0.2931,0.8299
Ependymoma,PON2,0.2349,0.3533,0.7927
Ependymoma,IK,0.2538,0.3251,0.7865
Ependymoma,ILF3,0.247,0.3303,0.7371
Ependymoma,MAGED1,0.2377,0.3421,0.7128
Ependymoma,RBM6,0.2655,0.3035,0.7125
Ependymoma,RBM4,0.2592,0.3114,0.7103
Ependymoma,UBA1,0.2502,0.3183,0.6509
Ependymoma,RCN1,0.241,0.3309,0.6426
Ependymoma,SARAF,0.1685,0.4857,0.6331
Ependymoma,SRP9,0.1622,0.5052,0.6257
Ependymoma,MRFAP1,0.1965,0.4096,0.606
Ependymoma,CRIP2,0.1988,0.4026,0.5847
Ependymoma,MAGED2,0.1845,0.4364,0.5822
Ependymoma,TM9SF2,0.2525,0.3041,0.5255
Ependymoma,CFAP298,0.2658,0.2861,0.5166
Ependymoma,RHBDD2,0.2368,0.3244,0.4962
Ependymoma,ATP6AP2,0.2245,0.3443,0.4909
Ependymoma,YWHAE,0.1637,0.4874,0.4759
Ependymoma,SEPTIN2,0.2124,0.3618,0.4382
Ependymoma,RBMX,0.193,0.3966,0.3642
Ependymoma,ATP5F1A,0.1652,0.4715,0.3498
Ependymoma,CALM2,0.127,0.6298,0.3453
Ependymoma,GANAB,0.245,0.2955,0.3056
Ependymoma,WSB1,0.1999,0.3737,0.2808
Ependymoma,GABARAPL2,0.1935,0.3865,0.2607
Ependymoma,PPP2R1A,0.2263,0.3208,0.2587
Ependymoma,LRRC18,0.9911,0.0233,0.258
Ependymoma,KNCN,0.9932,0.0208,0.2316
Ependymoma,APMAP,0.2419,0.2928,0.2218
Ependymoma,ARL6IP1,0.1964,0.3762,0.2188
Ependymoma,PRMT2,0.2351,0.2993,0.1763
Ependymoma,NDRG2,0.2323,0.3035,0.175
Ependymoma,PUF60,0.1888,0.3896,0.17
Ependymoma,WNT1,0.9937,0.0153,0.1693
Ependymoma,LIPF,0.9948,0.0137,0.1513
Ependymoma,HNRNPF,0.1882,0.3883,0.1374
Ependymoma,CLNS1A,0.2217,0.318,0.1337
Ependymoma,LIPJ,0.9911,0.0116,0.124
Ependymoma,FERD3L,0.9904,0.0069,0.0696
Ependymoma,HES3,0.9968,0.0056,0.0605
Ependymoma,INSL5,0.9924,0.0059,0.0597
Ependymoma,DDX5,0.1389,0.546,0.0577
Ependymoma,HNRNPK,0.1555,0.4786,0.0563
Ependymoma,FHL5,0.9907,0.0057,0.0555
Ependymoma,SERINC1,0.2361,0.2861,0.0427
Ependymoma,GABARAP,0.1789,0.404,0.04
Ependymoma,UBL4B,0.9919,0.0037,0.0343
Ependymoma,BTNL2,0.9909,0.0036,0.0325
Ependymoma,ZSWIM2,0.9919,0.0035,0.0324
Ependymoma,EBLN1,0.9928,0.0031,0.028
Ependymoma,CBLL2,0.9943,0.0029,0.0276
Ependymoma,TNP1,0.995,0.0027,0.0256
Ependymoma,OR13C2,0.9915,0.0028,0.0238
Ependymoma,OR13C9,0.9966,0.0017,0.0157
Ependymoma,TEX55,0.9914,0.0021,0.0152
Ependymoma,MLF1,0.2356,0.2844,0.0151
Ependymoma,OR51I1,0.9894,0.0022,0.0149
Ependymoma,UBQLN3,0.9928,0.0019,0.0146
Ependymoma,OR2D2,0.9927,0.0019,0.0141
Ependymoma,HMX3,0.9947,0.0016,0.0126
Ependymoma,DDI1,0.9948,0.0015,0.0125
Ependymoma,SRSF5,0.1685,0.4316,0.0125
Ependymoma,OR2D3,0.9938,0.0016,0.0122
Ependymoma,RHO,0.9952,0.0015,0.0122
Ependymoma,TGM7,0.9906,0.0019,0.0122
Ependymoma,OR2C1,0.9947,0.0015,0.0121
Ependymoma,VSX2,0.9903,0.0018,0.0113
Ependymoma,OR13C3,0.9963,0.0013,0.0111
Ependymoma,RNF151,0.9918,0.0017,0.0111
Ependymoma,ZNF705B,0.9949,0.0014,0.011
Ependymoma,EDDM3A,0.9916,0.0017,0.0104
Ependymoma,PRAMEF12,0.9931,0.0015,0.0103
Ependymoma,FOXD4L6,0.9923,0.0015,0.0097
Ependymoma,GOLGA6B,0.9944,0.0013,0.0097
Ependymoma,TEX47,0.995,0.0012,0.0092
Ependymoma,OR6M1,0.9953,0.0012,0.0091
Ependymoma,OR13C5,0.9928,0.0014,0.0088
Ependymoma,OR2AE1,0.9895,0.0016,0.0082
Ependymoma,TRIM77,0.9952,0.0011,0.0081
Ependymoma,CCDC105,0.9955,0.0011,0.008
Ependymoma,GPR61,0.9912,0.0014,0.0075
Ependymoma,XIRP1,0.9894,0.0016,0.0074
Ependymoma,OR1Q1,0.9948,0.0011,0.007
Ependymoma,OR10A5,0.9897,0.0015,0.0069
Ependymoma,MYH2,0.9962,0.0009,0.0068
Ependymoma,KRTAP5-6,0.9976,0.0008,0.0064
Ependymoma,PROK1,0.9935,0.0011,0.0064
Ependymoma,USP17L1,0.9935,0.0011,0.0064
Ependymoma,FAM47C,0.9977,0.0007,0.0059
Ependymoma,IL25,0.9975,0.0007,0.0056
Ependymoma,OR6C76,0.9958,0.0008,0.0055
Ependymoma,TAS2R8,0.9929,0.001,0.0047
Ependymoma,TAAR2,0.9974,0.0006,0.0046
Ependymoma,HTR1A,0.9976,0.0006,0.0045
Ependymoma,IRGC,0.9964,0.0007,0.0045
Ependymoma,MOS,0.9951,0.0008,0.0043
Ependymoma,TAAR1,0.995,0.0008,0.0043
Ependymoma,IL21,0.997,0.0006,0.0041
Ependymoma,OR8K1,0.9945,0.0008,0.0041
Ependymoma,SPEM1,0.9947,0.0008,0.0039
Ependymoma,MLNR,0.9958,0.0007,0.0038
Ependymoma,C20orf173,0.9911,0.0011,0.0036
Ependymoma,OR51I2,0.9927,0.001,0.0036
Ependymoma,OR5B12,0.9976,0.0005,0.0036
Ependymoma,IFNB1,0.995,0.0007,0.0034
Ependymoma,KBTBD13,0.9917,0.001,0.0034
Ependymoma,TRIM49C,0.9939,0.0008,0.0033
Ependymoma,OR9A4,0.9944,0.0008,0.0032
Ependymoma,PSG6,0.9935,0.0008,0.0032
Ependymoma,SPEM2,0.9961,0.0006,0.0031
Ependymoma,SMIM21,0.9973,0.0005,0.0031
Ependymoma,CMA1,0.9967,0.0006,0.0031
Ependymoma,IQCF1,0.9965,0.0006,0.0031
Ependymoma,MYF5,0.9985,0.0004,0.0031
Ependymoma,TAS2R42,0.995,0.0007,0.003
Ependymoma,ODF4,0.9964,0.0006,0.0028
Ependymoma,OR1F1,0.997,0.0005,0.0028
Ependymoma,PSMB11,0.9953,0.0007,0.0028
Ependymoma,CABP2,0.9975,0.0004,0.0026
Ependymoma,IFNA2,0.9971,0.0005,0.0026
Ependymoma,IFNA5,0.9971,0.0005,0.0024
Ependymoma,DEFB131A,0.9944,0.0007,0.002
Ependymoma,RBP3,0.9938,0.0007,0.002
Ependymoma,RCVRN,0.9893,0.0011,0.0019
Ependymoma,ACTL7A,0.9909,0.001,0.0018
Ependymoma,SSMEM1,0.9935,0.0007,0.0018
Ependymoma,ETDB,0.9938,0.0007,0.0013
Ependymoma,CDC37,0.2283,0.2951,0.0009
Ependymoma,OR9A2,0.9935,0.0006,0.0008
Ependymoma,PROP1,0.9972,0.0003,0.0006
Ependymoma,KRTAP11-1,0.9934,0.0006,0.0005
Ependymoma,MMP27,0.9935,0.0006,0.0005
Ependymoma,SPPL2C,0.9938,0.0006,0.0005
Ependymoma,TRIM49B,0.9946,0.0005,0.0005
Ependymoma,OR52I2,0.9937,0.0006,0.0003
Ependymoma,ERGIC3,0.1807,0.3955,0.0002
Ependymoma,KRTAP26-1,0.9954,0.0004,0.0002
Ependymoma,OR2AG2,0.99,0.0009,0.0002
Ependymoma,PRAMEF1,0.9939,0.0006,0.0002
Ependymoma,TRIM49,0.9896,0.0009,0.0002
Ependymoma,TNFSF18,0.9908,0.0008,0.0001
GBM,PTPRZ1,0.298,0.473,3.0651
GBM,PMP2,0.715,0.2733,2.7343
GBM,NOVA1,0.2965,0.4207,2.4486
GBM,QKI,0.3474,0.3679,2.3379
GBM,SCRG1,0.5524,0.2632,2.2058
GBM,MT3,0.4489,0.2978,2.1857
GBM,CADM2,0.542,0.2588,2.1209
GBM,PTN,0.2273,0.4814,2.1184
GBM,NLGN1,0.566,0.2465,2.0587
GBM,LHFPL3,0.6731,0.2209,2.0457
GBM,TRIM9,0.4942,0.2649,2.0123
GBM,OLIG1,0.8101,0.1846,1.881
GBM,NPAS3,0.5078,0.2353,1.728
GBM,BCAN,0.3239,0.3318,1.7153
GBM,ETV1,0.5636,0.2169,1.7115
GBM,SNTG1,0.784,0.1677,1.6462
GBM,MAML2,0.4594,0.241,1.5853
GBM,MDGA2,0.8782,0.1421,1.4902
GBM,GRIA3,0.7572,0.1573,1.4822
GBM,LSAMP,0.3432,0.2894,1.4033
GBM,PDE4B,0.409,0.2371,1.2727
GBM,LRP1B,0.5324,0.1842,1.2327
GBM,OPCML,0.8337,0.1172,1.144
GBM,SLC35F1,0.5668,0.1661,1.1399
GBM,EGFR,0.3024,0.3006,1.1381
GBM,GPM6A,0.1944,0.4587,1.1134
GBM,DSCAM,0.5436,0.1695,1.1029
GBM,DCLK2,0.4794,0.191,1.1026
GBM,TNR,0.6632,0.14,1.0966
GBM,SOX6,0.4234,0.2124,1.0723
GBM,CDH20,0.8997,0.103,1.0694
GBM,RAB31,0.3599,0.2481,1.0648
GBM,NRCAM,0.3154,0.2819,1.0606
GBM,BAALC,0.4082,0.2186,1.0558
GBM,TMEM132B,0.8359,0.1081,1.0423
GBM,OLIG2,0.8527,0.1041,1.02
GBM,SOX8,0.7745,0.1134,1.009
GBM,NTM,0.5289,0.1657,1.0079
GBM,KLHDC8A,0.6225,0.1396,0.9939
GBM,SLAIN1,0.6428,0.1341,0.9813
GBM,LHFPL6,0.5103,0.1687,0.9739
GBM,VXN,0.7594,0.1074,0.9144
GBM,DGKG,0.6774,0.1202,0.9012
GBM,CCND2,0.32,0.2639,0.8995
GBM,RNF180,0.5974,0.1366,0.8912
GBM,MSRA,0.4682,0.1766,0.8886
GBM,CSMD1,0.6192,0.1308,0.8847
GBM,KAT2B,0.6632,0.121,0.8791
GBM,GRIK3,0.7368,0.1075,0.8751
GBM,SIRT2,0.4185,0.1966,0.8633
GBM,PCDH9,0.318,0.2621,0.8593
GBM,PHLPP1,0.5565,0.1442,0.8558
GBM,KLHL4,0.8217,0.0935,0.8544
GBM,PDGFRA,0.6926,0.1132,0.8533
GBM,FAM181B,0.848,0.0866,0.8135
GBM,CHL1,0.5852,0.1328,0.813
GBM,SPECC1,0.4477,0.1785,0.8123
GBM,RFTN2,0.5085,0.1539,0.7972
GBM,LRP4,0.6716,0.1113,0.7862
GBM,SLC1A2,0.4978,0.1564,0.784
GBM,DSCAML1,0.8065,0.0892,0.7824
GBM,FIBIN,0.5667,0.1337,0.7684
GBM,DNER,0.4595,0.1693,0.7645
GBM,ZHX3,0.5084,0.1501,0.7535
GBM,LANCL2,0.596,0.1248,0.753
GBM,DPF3,0.7297,0.0978,0.7503
GBM,WSCD1,0.7215,0.099,0.7491
GBM,SPARCL1,0.2929,0.276,0.7489
GBM,SCD5,0.2342,0.3495,0.7371
GBM,POU3F2,0.6485,0.1112,0.7321
GBM,DLGAP1,0.4696,0.1612,0.7178
GBM,SLC2A13,0.6977,0.0995,0.7074
GBM,TUBB3,0.3425,0.2289,0.7037
GBM,PSRC1,0.5613,0.1293,0.7004
GBM,ASTN1,0.5429,0.1345,0.6994
GBM,TCF12,0.2558,0.3141,0.6911
GBM,C2orf80,0.8986,0.0701,0.6907
GBM,SCN1A,0.8751,0.0725,0.6882
GBM,KCNIP1,0.7463,0.0891,0.6818
GBM,GRID2,0.4937,0.1489,0.6809
GBM,PCDH17,0.5538,0.1294,0.6775
GBM,CAMK2D,0.3653,0.2104,0.6745
GBM,CSPG5,0.7282,0.0903,0.6621
GBM,GAD1,0.7246,0.0902,0.6535
GBM,SPOCD1,0.9035,0.0662,0.6524
GBM,SEPTIN8,0.5573,0.126,0.6499
GBM,SEMA6A,0.4939,0.1461,0.6497
GBM,PID1,0.5407,0.1305,0.6461
GBM,NAV2,0.4047,0.1845,0.6438
GBM,CDH10,0.7209,0.0897,0.6414
GBM,TIMP4,0.8548,0.0708,0.6411
GBM,PLPPR1,0.5615,0.1237,0.6369
GBM,KLHL7,0.412,0.1798,0.6333
GBM,EPHB1,0.6577,0.1003,0.6297
GBM,CADM4,0.6239,0.1069,0.6221
GBM,NKAIN3,0.6214,0.107,0.6168
GBM,NLGN3,0.558,0.1228,0.6148
GBM,MKRN3,0.6424,0.1018,0.6099
GBM,GRIK4,0.8027,0.0744,0.6066
GBM,RGS6,0.8234,0.0716,0.6059
GBM,NFIX,0.3546,0.2115,0.6042
GBM,TSPAN7,0.345,0.218,0.5994
GBM,EPN2,0.352,0.212,0.5892
GBM,GRIA2,0.344,0.2154,0.5621
GBM,FEZ1,0.2778,0.2755,0.5581
GBM,COL20A1,0.9772,0.0504,0.5538
GBM,RNF130,0.3512,0.209,0.5483
GBM,FMNL2,0.3645,0.1998,0.5465
GBM,VCAN,0.315,0.2371,0.543
GBM,ZNF462,0.3896,0.1803,0.4996
GBM,SLITRK3,0.9682,0.0444,0.4766
GBM,ZBTB20,0.229,0.3349,0.4718
GBM,TPST1,0.3735,0.1869,0.465
GBM,PTPRS,0.298,0.2439,0.4406
GBM,GPRC5B,0.355,0.1954,0.4232
GBM,GPR17,0.9758,0.0382,0.4127
GBM,BMERB1,0.3392,0.2058,0.411
GBM,PJA2,0.3286,0.2134,0.403
GBM,PPP2R2B,0.3036,0.2348,0.398
GBM,PLA2G5,0.9103,0.043,0.3947
GBM,KIF1B,0.2714,0.2677,0.383
GBM,RAF1,0.3643,0.1832,0.355
GBM,NFIB,0.2339,0.3164,0.3522
GBM,CTXND1,0.9392,0.0361,0.3492
GBM,RAB6A,0.2975,0.2355,0.3377
GBM,ATP1B2,0.3523,0.1895,0.3337
GBM,ACYP2,0.3792,0.1716,0.3299
GBM,TSC22D4,0.3078,0.2229,0.306
GBM,ADGRG1,0.2676,0.2655,0.3054
GBM,ITFG1,0.3244,0.2084,0.3052
GBM,ADGRL3,0.2755,0.2552,0.295
GBM,MAP2,0.211,0.3506,0.2794
GBM,LRP1,0.3298,0.2012,0.2746
GBM,GPM6B,0.1508,0.5139,0.2579
GBM,MFF,0.2809,0.2456,0.2546
GBM,PTPRA,0.3372,0.1936,0.2536
GBM,DBX2,0.9759,0.0243,0.2534
GBM,ENOPH1,0.3462,0.1863,0.2469
GBM,CTNND2,0.2916,0.2334,0.2467
GBM,DTNA,0.2763,0.2489,0.2335
GBM,CNOT2,0.3296,0.1976,0.2311
GBM,ARHGEF7,0.3655,0.1712,0.2261
GBM,RHOBTB3,0.3048,0.2185,0.224
GBM,ATP6V0E2,0.2779,0.2453,0.2134
GBM,COA1,0.311,0.2116,0.2102
GBM,NIPSNAP2,0.2735,0.2499,0.2085
GBM,NR2E1,0.9047,0.0264,0.1973
GBM,STARD3NL,0.3495,0.1796,0.1969
GBM,CLIC4,0.2946,0.2246,0.1798
GBM,CHSY3,0.9141,0.0233,0.1732
GBM,IP6K2,0.2703,0.2505,0.172
GBM,MKLN1,0.2893,0.2287,0.1643
GBM,TRIO,0.2923,0.2247,0.1543
GBM,RDX,0.2466,0.2799,0.1535
GBM,SEPTIN7,0.1913,0.3807,0.1355
GBM,HAPLN2,0.9799,0.0135,0.1346
GBM,RGS7BP,0.9431,0.0169,0.1329
GBM,ACAN,0.9399,0.017,0.1313
GBM,ARL2BP,0.3383,0.1818,0.1279
GBM,KLRC3,0.9013,0.0206,0.1265
GBM,CHD7,0.296,0.2181,0.1213
GBM,LUC7L,0.3295,0.1873,0.1121
GBM,ASB18,0.9492,0.0142,0.1092
GBM,CDH2,0.2755,0.2379,0.0967
GBM,ERMN,0.9584,0.0121,0.0957
GBM,ITGB8,0.2678,0.2463,0.0883
GBM,ZEB1,0.3036,0.2075,0.0848
GBM,CPSF6,0.3252,0.1884,0.0847
GBM,MOBP,0.9386,0.013,0.0834
GBM,MAPK10,0.3415,0.1755,0.0829
GBM,CNTN6,0.956,0.0112,0.0818
GBM,HES5,0.9197,0.0144,0.0777
GBM,ABI2,0.2884,0.222,0.0769
GBM,CHRNA9,0.9097,0.0147,0.0695
GBM,REV3L,0.3039,0.2059,0.0689
GBM,SPATA22,0.9445,0.0111,0.0683
GBM,RAB5A,0.3288,0.1838,0.065
GBM,TMEM229A,0.971,0.0082,0.0643
GBM,OTOGL,0.9689,0.0079,0.0581
GBM,SLC32A1,0.9556,0.0091,0.0581
GBM,SYCP2L,0.9205,0.0126,0.058
GBM,ADAMTS20,0.9496,0.0096,0.057
GBM,FYN,0.2474,0.2704,0.0568
GBM,CACNG5,0.9319,0.0113,0.0562
GBM,DRP2,0.9074,0.0129,0.0462
GBM,SPATA9,0.9644,0.0071,0.0448
GBM,SOX3,0.9461,0.0089,0.0445
GBM,MYOT,0.9331,0.0101,0.0443
GBM,KLRC4,0.9252,0.0109,0.0438
GBM,CNDP1,0.9322,0.0101,0.0424
GBM,TRPC3,0.9676,0.0066,0.0422
GBM,CRYGS,0.9193,0.0113,0.0419
GBM,ADGRF3,0.9332,0.0099,0.0415
GBM,C2orf66,0.9052,0.0127,0.0414
GBM,DCHS2,0.915,0.0115,0.0384
GBM,P2RY12,0.9539,0.0075,0.038
GBM,FOXF1,0.9548,0.0074,0.0374
GBM,INHBC,0.9791,0.0047,0.032
GBM,LCTL,0.9081,0.0116,0.032
GBM,IL26,0.9723,0.0052,0.0312
GBM,TMEM235,0.975,0.0049,0.0304
GBM,HAPLN4,0.9496,0.0073,0.0302
GBM,DEFB124,0.9774,0.0046,0.0296
GBM,INSYN2B,0.9556,0.0066,0.0296
GBM,EQTN,0.9844,0.0039,0.0294
GBM,YIPF7,0.9662,0.0056,0.0294
GBM,MROH9,0.9486,0.0072,0.028
GBM,IGFL4,0.9408,0.0079,0.028
GBM,GSX2,0.9842,0.0037,0.0268
GBM,MAP4,0.2771,0.2299,0.0264
GBM,NPIPB6,0.9291,0.0089,0.0262
GBM,LCNL1,0.9652,0.0053,0.0246
GBM,LVRN,0.9751,0.0043,0.0235
GBM,ZNF488,0.901,0.0115,0.0213
GBM,PRR32,0.9879,0.0027,0.0193
GBM,RTN3,0.1937,0.3649,0.0192
GBM,ADRA1D,0.9786,0.0033,0.0156
GBM,KLRK1,0.9188,0.009,0.0148
GBM,PRR35,0.9919,0.002,0.0147
GBM,CRYGA,0.994,0.0017,0.014
GBM,SLC1A6,0.9253,0.0082,0.0135
GBM,TSBP1,0.9354,0.0072,0.0134
GBM,PCDH12,0.9567,0.0051,0.0127
GBM,C3orf20,0.9546,0.0052,0.0123
GBM,FAM43B,0.9553,0.0051,0.0115
GBM,OPALIN,0.9828,0.0025,0.0107
GBM,NDST4,0.9197,0.0085,0.0097
GBM,ADORA3,0.946,0.0058,0.0095
GBM,SATL1,0.9816,0.0024,0.0084
GBM,CRYBA1,0.9824,0.0022,0.0076
GBM,DPRX,0.9955,0.0011,0.0076
GBM,TRIM48,0.9864,0.0019,0.0076
GBM,CELA2B,0.964,0.0039,0.0073
GBM,SLC5A11,0.9249,0.0077,0.0073
GBM,ANKRD24,0.9129,0.009,0.0071
GBM,OPTC,0.9929,0.0012,0.007
GBM,FOXR1,0.9976,0.0008,0.0063
GBM,SMTNL1,0.9576,0.0044,0.0061
GBM,PSG7,0.9903,0.0014,0.0057
GBM,KCTD4,0.9679,0.0034,0.0056
GBM,ESRRB,0.9555,0.0045,0.0054
GBM,TXNDC2,0.9912,0.0012,0.005
GBM,FBXW12,0.9659,0.0035,0.0049
GBM,RAB41,0.9825,0.0019,0.0043
GBM,TRHR,0.9888,0.0013,0.004
GBM,NWD2,0.9552,0.0044,0.0033
GBM,FEZF2,0.9911,0.001,0.003
GBM,OCIAD1,0.2427,0.2726,0.003
GBM,CDRT15,0.9957,0.0006,0.0023
GBM,GBX1,0.9858,0.0015,0.0023
GBM,NKX3-2,0.9746,0.0025,0.0022
GBM,KRTAP13-2,0.9877,0.0013,0.0019
GBM,RTP5,0.9377,0.0059,0.0014
GBM,TECTA,0.912,0.0085,0.0013
GBM,GCM2,0.9866,0.0013,0.0012
GBM,ADAM29,0.9691,0.0029,0.001
GBM,KCNG4,0.9917,0.0008,0.0007
GBM,TTLL2,0.9865,0.0013,0.0007
GBM,SEBOX,0.9869,0.0012,0.0004
GBM,ODF3,0.9971,0.0003,0.0003
GBM,FIGLA,0.9962,0.0003,0.0001
HCC,APOA2,0.7835,1,11.1852
HCC,APOC3,0.9259,0.7098,8.0551
HCC,APOC1,0.3017,0.8018,6.8761
HCC,RBP4,0.6036,0.6373,6.648
HCC,ALB,0.2292,0.8609,6.5041
HCC,AMBP,0.3881,0.7022,6.4717
HCC,APOE,0.2251,0.8309,6.0803
HCC,TF,0.5119,0.6117,6.0572
HCC,AHSG,0.94,0.4832,5.4745
HCC,TTR,0.6398,0.4727,4.8547
HCC,F2,0.9394,0.4114,4.6505
HCC,ORM1,0.3442,0.5625,4.5415
HCC,APOH,0.6396,0.4434,4.5186
HCC,ASGR1,0.7012,0.4153,4.3339
HCC,GC,0.3586,0.5167,4.1335
HCC,FGL1,0.564,0.4263,4.1127
HCC,KNG1,0.8633,0.3523,3.8799
HCC,APOA1,0.4331,0.4358,3.6866
HCC,FGB,0.4173,0.4304,3.5364
HCC,HPX,0.8032,0.3295,3.5316
HCC,HP,0.6521,0.3519,3.4997
HCC,APOB,0.5539,0.3686,3.4194
HCC,SERPINA1,0.1627,0.7437,3.3779
HCC,VCX2,0.958,0.2882,3.259
HCC,CPS1,0.7872,0.3037,3.2106
HCC,VTN,0.2548,0.5326,3.1804
HCC,ASGR2,0.5381,0.3464,3.1121
HCC,SERPINC1,0.9795,0.2709,3.084
HCC,FGG,0.3667,0.4178,3.0618
HCC,SERPINA5,0.4708,0.3644,3.0519
HCC,FGA,0.3626,0.4164,3.0147
HCC,TDO2,0.8559,0.2714,2.942
HCC,AGXT,0.9393,0.2612,2.9295
HCC,SERPINF1,0.3377,0.4254,2.9139
HCC,ORM2,0.4656,0.3522,2.8889
HCC,PRAP1,0.2574,0.4966,2.8062
HCC,AGT,0.244,0.5101,2.7486
HCC,ANGPTL8,0.6873,0.2753,2.7
HCC,C4BPB,0.5475,0.2921,2.5218
HCC,C2,0.4686,0.3182,2.5129
HCC,FUOM,0.498,0.3044,2.4809
HCC,PAH,0.7857,0.2313,2.3788
HCC,C3,0.2229,0.5081,2.3368
HCC,CFHR1,0.7742,0.2218,2.2509
HCC,ALDOB,0.6638,0.2405,2.2506
HCC,PROC,0.6467,0.2383,2.1846
HCC,HRG,0.9582,0.1939,2.1784
HCC,SERPIND1,0.8211,0.2049,2.131
HCC,HMGCS2,0.6059,0.2384,2.0821
HCC,BAAT,0.6321,0.2297,2.0504
HCC,SERPINA6,0.5583,0.2477,2.0477
HCC,SAT2,0.2632,0.4201,2.0156
HCC,HPD,0.8794,0.1877,2.0138
HCC,LEAP2,0.6886,0.2148,2.0098
HCC,SDS,0.896,0.1846,1.9993
HCC,APOM,0.5706,0.2359,1.9519
HCC,CYP2D6,0.8305,0.1874,1.9442
HCC,ANGPTL3,0.7714,0.1937,1.924
HCC,F10,0.7514,0.1967,1.9238
HCC,CFH,0.3308,0.339,1.8631
HCC,CPB2,0.4959,0.2477,1.8221
HCC,APOC2,0.3256,0.3367,1.7886
HCC,ADH1B,0.9517,0.1596,1.7789
HCC,SLC2A2,0.691,0.193,1.7653
HCC,MAT1A,0.8575,0.168,1.7593
HCC,ITIH1,0.8143,0.173,1.7554
HCC,SERPINA4,0.6748,0.1947,1.7498
HCC,PLG,0.9168,0.1582,1.7223
HCC,UGT2B4,0.7011,0.1857,1.7016
HCC,G0S2,0.3755,0.2931,1.6964
HCC,ARG1,0.9242,0.1516,1.6553
HCC,GCHFR,0.3393,0.3136,1.6468
HCC,REEP6,0.4882,0.2347,1.6422
HCC,ATOX1,0.2214,0.4496,1.6369
HCC,CTSD,0.1512,0.6317,1.6276
HCC,ITIH3,0.8368,0.1584,1.621
HCC,TAT,0.7136,0.1764,1.6207
HCC,SLC22A1,0.9431,0.1466,1.6203
HCC,NR0B2,0.4942,0.2294,1.6054
HCC,APOA5,0.9896,0.1404,1.5987
HCC,CYP2A6,0.9449,0.1416,1.5643
HCC,CYP2A7,0.9487,0.1407,1.5585
HCC,HPR,0.892,0.1457,1.5485
HCC,AGTR1,0.5685,0.2012,1.5473
HCC,ITIH2,0.5147,0.2169,1.5432
HCC,TFR2,0.6021,0.1912,1.5301
HCC,SELENOP,0.1552,0.6082,1.5293
HCC,PXMP2,0.3758,0.2778,1.5228
HCC,GAMT,0.3051,0.3314,1.5198
HCC,PON1,0.7831,0.1558,1.5084
HCC,AADAC,0.6119,0.1868,1.5066
HCC,RARRES2,0.1537,0.6104,1.4882
HCC,SLC22A7,0.9542,0.132,1.4654
HCC,SCARB1,0.3969,0.26,1.4611
HCC,LBP,0.4565,0.2297,1.4418
HCC,PPIC,0.3182,0.3124,1.4374
HCC,FN1,0.2942,0.3345,1.4344
HCC,GOLT1A,0.5015,0.209,1.4017
HCC,UQCRQ,0.1414,0.6517,1.3992
HCC,P4HB,0.1592,0.5822,1.3904
HCC,NUPR1,0.153,0.6014,1.3572
HCC,IGSF23,0.8999,0.1267,1.3411
HCC,NDUFB2,0.1662,0.5522,1.3137
HCC,ATP5MC1,0.188,0.4879,1.2732
HCC,CYP17A1,0.8966,0.1199,1.2583
HCC,HAO1,0.9855,0.1103,1.2494
HCC,HJV,0.9664,0.1108,1.235
HCC,MICOS13,0.2203,0.4162,1.2306
HCC,FTL,0.0936,0.9506,1.2057
HCC,DNPH1,0.2163,0.4206,1.1977
HCC,ROMO1,0.1984,0.4483,1.0973
HCC,LAMTOR2,0.2132,0.4164,1.0816
HCC,ATP5ME,0.1639,0.5365,1.0494
HCC,SQSTM1,0.1686,0.5213,1.0448
HCC,SLC38A4,0.8997,0.099,1.0234
HCC,SMLR1,0.9055,0.0892,0.9178
HCC,ECHS1,0.2193,0.3866,0.8707
HCC,NOP10,0.1965,0.4309,0.8482
HCC,KLKB1,0.8971,0.0839,0.8466
HCC,SLC10A1,0.8949,0.0841,0.846
HCC,ADH1A,0.9466,0.0773,0.8297
HCC,SAA4,0.8819,0.0833,0.8214
HCC,DDT,0.1526,0.5561,0.8213
HCC,LMAN2,0.2108,0.398,0.8186
HCC,SERPINA10,0.9372,0.0768,0.8134
HCC,ARL6IP4,0.1863,0.452,0.8111
HCC,TMEM258,0.1636,0.5138,0.7757
HCC,UGT2B10,0.9629,0.0709,0.7737
HCC,PAQR9,0.9118,0.0759,0.7729
HCC,AFM,0.9262,0.0727,0.7539
HCC,ATP5PF,0.1572,0.533,0.7479
HCC,SERPINA7,0.9781,0.0649,0.7214
HCC,FKBP2,0.1862,0.4441,0.7191
HCC,HINT1,0.1321,0.6345,0.7022
HCC,TMED2,0.1759,0.4686,0.6853
HCC,SDHC,0.2081,0.3911,0.6782
HCC,ACOT12,0.9445,0.0638,0.6726
HCC,CPN2,0.9395,0.0642,0.6709
HCC,CYP3A7,0.9589,0.0622,0.6696
HCC,UQCR11,0.145,0.5714,0.6508
HCC,FGF21,0.9868,0.0578,0.6486
HCC,ZNHIT1,0.194,0.4189,0.648
HCC,C8A,0.8837,0.0676,0.6433
HCC,APOA4,0.987,0.057,0.6404
HCC,SLC22A9,0.9078,0.0636,0.6274
HCC,POLR2L,0.1512,0.5422,0.6001
HCC,F13B,0.9924,0.0526,0.5957
HCC,COX6B1,0.1437,0.5719,0.5932
HCC,ETFB,0.1894,0.4249,0.5909
HCC,CYP7A1,0.9898,0.0484,0.5449
HCC,NDUFB7,0.1782,0.4494,0.54
HCC,MRPL41,0.1847,0.43,0.5147
HCC,COX8A,0.1494,0.5398,0.4913
HCC,PAGE4,0.982,0.0442,0.4887
HCC,SERF2,0.1161,0.703,0.4461
HCC,SSR2,0.1679,0.4713,0.4452
HCC,ANAPC11,0.1604,0.4932,0.4201
HCC,MRPS21,0.1838,0.4228,0.4041
HCC,CUTA,0.1609,0.4898,0.3968
HCC,F9,0.9963,0.0342,0.3877
HCC,CHCHD10,0.1839,0.4191,0.3646
HCC,ABCG5,0.9676,0.0338,0.3534
HCC,TM4SF4,0.1857,0.4126,0.3439
HCC,VCX3B,0.8906,0.0404,0.3396
HCC,CFHR5,0.9884,0.0293,0.3239
HCC,SPP2,0.9871,0.028,0.3075
HCC,SLC25A47,0.9899,0.0274,0.3039
HCC,CYP4A22,0.9641,0.0296,0.3021
HCC,ATP5MJ,0.1667,0.4624,0.3001
HCC,CFHR4,0.9718,0.0267,0.2774
HCC,PROZ,0.9801,0.0255,0.2717
HCC,FOXP3,0.9731,0.0257,0.2674
HCC,ABCG8,0.9712,0.0252,0.2597
HCC,MGST1,0.1518,0.5102,0.2583
HCC,COX6A1,0.1339,0.5867,0.2571
HCC,MYDGF,0.1858,0.4045,0.2537
HCC,F11,0.9355,0.028,0.2525
HCC,NDUFA4,0.1396,0.5596,0.2511
HCC,PEBP1,0.1464,0.5305,0.2506
HCC,SMCO2,0.9312,0.0277,0.2432
HCC,COX7A2,0.1395,0.5582,0.2265
HCC,NDUFS6,0.1778,0.4227,0.2219
HCC,ATP5PD,0.1802,0.4158,0.2158
HCC,ATP5MK,0.1644,0.4621,0.2142
HCC,SLIRP,0.1815,0.4119,0.211
HCC,COX5B,0.1414,0.5474,0.2038
HCC,COX6C,0.1366,0.569,0.2
HCC,THPO,0.9145,0.0249,0.1919
HCC,SHBG,0.9487,0.0213,0.19
HCC,FTH1,0.094,0.8571,0.1896
HCC,PPIB,0.1492,0.5134,0.1819
HCC,OTC,0.9499,0.0196,0.1719
HCC,SPCS2,0.1831,0.4042,0.1718
HCC,SOD1,0.1472,0.52,0.166
HCC,LPA,0.9818,0.0159,0.1637
HCC,COX7C,0.1266,0.6162,0.1628
HCC,TRIM50,0.9689,0.017,0.1627
HCC,GYS2,0.9809,0.0156,0.1599
HCC,MBL2,0.9912,0.0145,0.157
HCC,GPX4,0.1423,0.5392,0.1544
HCC,GUK1,0.1532,0.4952,0.1486
HCC,UQCR10,0.1524,0.4982,0.1483
HCC,UBL5,0.1505,0.5047,0.1418
HCC,NDUFB1,0.1824,0.403,0.1361
HCC,SRD5A2,0.9538,0.0155,0.1289
HCC,CYC1,0.1754,0.4212,0.1252
HCC,AURKAIP1,0.1845,0.3966,0.1244
HCC,CYP3A4,0.9469,0.0153,0.1196
HCC,SPANXB1,0.9767,0.0122,0.1155
HCC,IL27,0.9899,0.0095,0.0985
HCC,UROC1,0.9748,0.0101,0.0896
HCC,ATP5MG,0.1398,0.5449,0.0893
HCC,CYP4F22,0.9028,0.0168,0.0848
HCC,CFHR2,0.9904,0.008,0.0817
HCC,ENPP7,0.9737,0.0088,0.0737
HCC,TRMT112,0.1598,0.4648,0.0704
HCC,UPK1A,0.9545,0.01,0.0669
HCC,KCNU1,0.9624,0.0091,0.0658
HCC,PFKFB1,0.9318,0.0121,0.0658
HCC,DNMT3L,0.983,0.0067,0.0591
HCC,NEDD8,0.1648,0.4468,0.052
HCC,ATP6V0E1,0.1757,0.4137,0.0517
HCC,GBP7,0.936,0.0104,0.0507
HCC,ATP5IF1,0.1846,0.3898,0.0501
HCC,ECSCR,0.9617,0.0078,0.0491
HCC,CALD1,0.178,0.4071,0.0478
HCC,SLC10A5,0.9451,0.0088,0.0427
HCC,SLCO6A1,0.9296,0.0092,0.0293
HCC,HTN3,0.9929,0.0027,0.0239
HCC,KRTAP20-4,0.9995,0.0021,0.0236
HCC,GOLGA6A,0.9752,0.004,0.0204
HCC,P2RX2,0.9843,0.0031,0.0197
HCC,APOL5,0.9937,0.0022,0.019
HCC,KRTAP19-5,0.9957,0.0019,0.0172
HCC,TSPO2,0.9617,0.0049,0.0165
HCC,MYH1,0.9928,0.0021,0.0163
HCC,CYP2A13,0.9854,0.0027,0.016
HCC,AQP10,0.9825,0.0028,0.0137
HCC,LECT2,0.9646,0.0043,0.0121
HCC,PKD2L1,0.9393,0.0066,0.0114
HCC,GJA4,0.9032,0.0103,0.0106
HCC,GPIHBP1,0.9785,0.0027,0.0085
HCC,TEX37,0.9908,0.0013,0.0062
HCC,GIP,0.9641,0.0037,0.0056
HCC,CSN2,0.9912,0.0011,0.0039
HCC,SH2D6,0.9484,0.005,0.0034
HCC,ZP1,0.9264,0.0072,0.0032
HCC,GHRHR,0.9849,0.0016,0.0026
HCC,HTN1,0.9778,0.0022,0.0023
HCC,IL13,0.9907,0.0008,0
HNSCC_HPV-neg,KRT14,0.3451,0.7882,7.136
HNSCC_HPV-neg,KRT6B,0.4114,0.3467,2.5428
HNSCC_HPV-neg,LGALS7,0.6784,0.2504,2.3958
HNSCC_HPV-neg,CLCA2,0.4716,0.2934,2.2429
HNSCC_HPV-neg,ISG15,0.2455,0.4332,1.8922
HNSCC_HPV-neg,IFI27,0.1328,0.7189,1.7116
HNSCC_HPV-neg,LGALS7B,0.4346,0.2605,1.6848
HNSCC_HPV-neg,GJB2,0.4018,0.2744,1.6567
HNSCC_HPV-neg,CDH3,0.4435,0.2478,1.586
HNSCC_HPV-neg,SERPINB5,0.2897,0.3446,1.4979
HNSCC_HPV-neg,IGFBP6,0.4091,0.2561,1.4904
HNSCC_HPV-neg,ANXA8L1,0.5994,0.185,1.4516
HNSCC_HPV-neg,FABP5,0.1989,0.478,1.4515
HNSCC_HPV-neg,PLAU,0.3805,0.2669,1.4316
HNSCC_HPV-neg,SLC2A1,0.2292,0.4099,1.3346
HNSCC_HPV-neg,RBP1,0.2107,0.4409,1.3083
HNSCC_HPV-neg,DSG3,0.3866,0.2514,1.2946
HNSCC_HPV-neg,KRT17,0.1214,0.7441,1.2904
HNSCC_HPV-neg,TNC,0.2966,0.3178,1.271
HNSCC_HPV-neg,MMP1,0.5189,0.19,1.2504
HNSCC_HPV-neg,COL7A1,0.5496,0.1779,1.2192
HNSCC_HPV-neg,IL20RB,0.5306,0.1833,1.2162
HNSCC_HPV-neg,ATP1B3,0.1754,0.5162,1.2141
HNSCC_HPV-neg,MMP10,0.6403,0.1521,1.1811
HNSCC_HPV-neg,SNAI2,0.3907,0.2389,1.1789
HNSCC_HPV-neg,INHBA,0.5905,0.1632,1.1773
HNSCC_HPV-neg,TRIM29,0.3433,0.2653,1.1286
HNSCC_HPV-neg,GBP1,0.4092,0.221,1.0886
HNSCC_HPV-neg,TNS4,0.5243,0.1731,1.076
HNSCC_HPV-neg,COL17A1,0.3001,0.2963,1.0637
HNSCC_HPV-neg,CTSV,0.3647,0.2418,1.0293
HNSCC_HPV-neg,KRT5,0.1396,0.6271,1.0235
HNSCC_HPV-neg,TAP1,0.2809,0.3118,1.0137
HNSCC_HPV-neg,ACTN1,0.2661,0.329,1.0137
HNSCC_HPV-neg,CDH13,0.5305,0.1655,1.012
HNSCC_HPV-neg,ANXA2,0.1184,0.7333,0.9621
HNSCC_HPV-neg,SLC7A8,0.3818,0.2242,0.9507
HNSCC_HPV-neg,UBE2L6,0.2491,0.3451,0.9407
HNSCC_HPV-neg,NDUFA9,0.2755,0.3101,0.9242
HNSCC_HPV-neg,PTGFRN,0.487,0.1712,0.9088
HNSCC_HPV-neg,TP63,0.3041,0.2782,0.8997
HNSCC_HPV-neg,THBS2,0.6057,0.1336,0.8807
HNSCC_HPV-neg,CXCL14,0.2059,0.4085,0.8261
HNSCC_HPV-neg,MMP13,0.8686,0.0853,0.826
HNSCC_HPV-neg,CERS3,0.6628,0.1161,0.8215
HNSCC_HPV-neg,CA2,0.4154,0.1939,0.8145
HNSCC_HPV-neg,SLC16A1,0.3808,0.2115,0.798
HNSCC_HPV-neg,JUP,0.2284,0.3642,0.7965
HNSCC_HPV-neg,CXCL11,0.8388,0.0863,0.7964
HNSCC_HPV-neg,KLK5,0.4492,0.1736,0.7637
HNSCC_HPV-neg,KRT16,0.2752,0.2939,0.7351
HNSCC_HPV-neg,SLC38A2,0.2533,0.3201,0.7208
HNSCC_HPV-neg,RIN2,0.3939,0.197,0.719
HNSCC_HPV-neg,SLC3A2,0.1884,0.4383,0.7171
HNSCC_HPV-neg,TNFSF10,0.2294,0.3552,0.7124
HNSCC_HPV-neg,YWHAZ,0.1523,0.5478,0.7111
HNSCC_HPV-neg,BNC1,0.8222,0.0802,0.7027
HNSCC_HPV-neg,ACKR3,0.5643,0.1286,0.7016
HNSCC_HPV-neg,TUBB6,0.3348,0.2337,0.6913
HNSCC_HPV-neg,PGAM1,0.1907,0.43,0.6838
HNSCC_HPV-neg,PSMA4,0.196,0.4153,0.6569
HNSCC_HPV-neg,UBA6,0.3869,0.1954,0.6545
HNSCC_HPV-neg,TP53AIP1,0.6158,0.1113,0.6516
HNSCC_HPV-neg,CAV1,0.2441,0.3254,0.6334
HNSCC_HPV-neg,B4GALT1,0.3147,0.2449,0.6294
HNSCC_HPV-neg,SERPINE1,0.4237,0.173,0.6228
HNSCC_HPV-neg,IFI44,0.4477,0.1616,0.6188
HNSCC_HPV-neg,TMTC3,0.494,0.1432,0.6166
HNSCC_HPV-neg,UGDH,0.3054,0.2514,0.607
HNSCC_HPV-neg,CASP1,0.4187,0.1737,0.6021
HNSCC_HPV-neg,TUBA4A,0.2822,0.2742,0.5992
HNSCC_HPV-neg,MX1,0.3483,0.2148,0.5907
HNSCC_HPV-neg,GPR87,0.3854,0.1903,0.5859
HNSCC_HPV-neg,RAP2B,0.3186,0.2377,0.5854
HNSCC_HPV-neg,DUSP7,0.6635,0.0952,0.5839
HNSCC_HPV-neg,PSMB7,0.1887,0.425,0.5708
HNSCC_HPV-neg,GJB5,0.4519,0.1552,0.5652
HNSCC_HPV-neg,SLC2A9,0.7229,0.0827,0.564
HNSCC_HPV-neg,SLC31A2,0.5033,0.135,0.5598
HNSCC_HPV-neg,MPHOSPH6,0.4345,0.1621,0.5564
HNSCC_HPV-neg,TMEM154,0.5754,0.1122,0.5487
HNSCC_HPV-neg,VCP,0.2309,0.3384,0.5473
HNSCC_HPV-neg,LMNA,0.1604,0.5043,0.547
HNSCC_HPV-neg,GLRX3,0.2651,0.2893,0.543
HNSCC_HPV-neg,S100A16,0.1735,0.4622,0.5319
HNSCC_HPV-neg,BICD2,0.4914,0.1366,0.5307
HNSCC_HPV-neg,JAG1,0.3719,0.1936,0.5299
HNSCC_HPV-neg,FGFBP1,0.4174,0.1677,0.5261
HNSCC_HPV-neg,PSMB1,0.1613,0.4993,0.5246
HNSCC_HPV-neg,C1orf56,0.4013,0.1756,0.5206
HNSCC_HPV-neg,HK1,0.3915,0.1809,0.5191
HNSCC_HPV-neg,OAS1,0.3514,0.2059,0.5139
HNSCC_HPV-neg,GSDMC,0.6458,0.0925,0.5118
HNSCC_HPV-neg,EIF4A3,0.2221,0.3498,0.5062
HNSCC_HPV-neg,IRF6,0.3376,0.2147,0.4992
HNSCC_HPV-neg,CORO1C,0.2895,0.2574,0.4961
HNSCC_HPV-neg,SERPINH1,0.2755,0.2727,0.4952
HNSCC_HPV-neg,PLEK2,0.3694,0.1917,0.4906
HNSCC_HPV-neg,TRUB2,0.4019,0.1722,0.4852
HNSCC_HPV-neg,FST,0.5027,0.1286,0.4846
HNSCC_HPV-neg,TGFBI,0.2317,0.3316,0.4844
HNSCC_HPV-neg,RAN,0.1449,0.557,0.482
HNSCC_HPV-neg,TM4SF19,0.8849,0.0533,0.4804
HNSCC_HPV-neg,IFITM3,0.1329,0.611,0.4802
HNSCC_HPV-neg,BZW1,0.2323,0.3287,0.4626
HNSCC_HPV-neg,PSMC5,0.2038,0.3811,0.4607
HNSCC_HPV-neg,IGFL2,0.8518,0.055,0.4569
HNSCC_HPV-neg,NIPAL4,0.9213,0.047,0.4529
HNSCC_HPV-neg,STAT1,0.2461,0.3066,0.4506
HNSCC_HPV-neg,CXCL9,0.8708,0.0508,0.4343
HNSCC_HPV-neg,IFI6,0.1757,0.4472,0.4331
HNSCC_HPV-neg,PDIA3,0.1797,0.4347,0.4168
HNSCC_HPV-neg,DSP,0.2138,0.3563,0.4066
HNSCC_HPV-neg,NAPRT,0.2609,0.2827,0.4062
HNSCC_HPV-neg,EFNA1,0.2494,0.2978,0.4036
HNSCC_HPV-neg,PSME2,0.1654,0.4747,0.3953
HNSCC_HPV-neg,PSMC1,0.2282,0.3291,0.3907
HNSCC_HPV-neg,PSMA3,0.2189,0.3443,0.3771
HNSCC_HPV-neg,UQCRC1,0.1925,0.3984,0.3716
HNSCC_HPV-neg,VEGFC,0.9087,0.0411,0.3704
HNSCC_HPV-neg,PTHLH,0.2621,0.2777,0.3679
HNSCC_HPV-neg,CTTN,0.2041,0.372,0.3655
HNSCC_HPV-neg,PYCARD,0.2665,0.2708,0.3514
HNSCC_HPV-neg,DEPDC7,0.8053,0.0517,0.3512
HNSCC_HPV-neg,XG,0.8212,0.0492,0.3459
HNSCC_HPV-neg,SDC1,0.1951,0.3899,0.3443
HNSCC_HPV-neg,HORMAD1,0.8756,0.0423,0.3432
HNSCC_HPV-neg,G3BP1,0.2647,0.2708,0.3255
HNSCC_HPV-neg,PDLIM1,0.1915,0.3967,0.3249
HNSCC_HPV-neg,ARSI,0.8189,0.0473,0.3209
HNSCC_HPV-neg,FABP4,0.8155,0.0475,0.3178
HNSCC_HPV-neg,MRPL13,0.2498,0.2889,0.3071
HNSCC_HPV-neg,AKR1B15,0.8722,0.0391,0.3019
HNSCC_HPV-neg,CPNE1,0.2559,0.2799,0.3006
HNSCC_HPV-neg,POLR2G,0.2559,0.2799,0.3002
HNSCC_HPV-neg,GPR68,0.8903,0.0361,0.2905
HNSCC_HPV-neg,EBNA1BP2,0.2511,0.285,0.2844
HNSCC_HPV-neg,PLS3,0.262,0.2696,0.2734
HNSCC_HPV-neg,PSMB6,0.1775,0.4277,0.2695
HNSCC_HPV-neg,YWHAQ,0.1682,0.4536,0.2543
HNSCC_HPV-neg,EMC4,0.217,0.337,0.2534
HNSCC_HPV-neg,PSMB8,0.2081,0.3524,0.2344
HNSCC_HPV-neg,KHDC1L,0.8227,0.039,0.2312
HNSCC_HPV-neg,TREM2,0.8467,0.0359,0.2308
HNSCC_HPV-neg,BDKRB1,0.8957,0.0302,0.2299
HNSCC_HPV-neg,RAET1G,0.8938,0.0292,0.2159
HNSCC_HPV-neg,TGIF1,0.2551,0.2734,0.2131
HNSCC_HPV-neg,PSME1,0.165,0.46,0.2108
HNSCC_HPV-neg,EIF4A1,0.1554,0.4921,0.2049
HNSCC_HPV-neg,UBE2V2,0.2534,0.2747,0.203
HNSCC_HPV-neg,CASP14,0.9309,0.0241,0.2022
HNSCC_HPV-neg,PSMD7,0.2399,0.294,0.1999
HNSCC_HPV-neg,TLL1,0.9377,0.0231,0.1986
HNSCC_HPV-neg,EIF4G2,0.1729,0.4345,0.1964
HNSCC_HPV-neg,NDUFA12,0.1992,0.3665,0.1808
HNSCC_HPV-neg,LYPD5,0.883,0.027,0.1765
HNSCC_HPV-neg,SAGE1,0.9186,0.0224,0.1683
HNSCC_HPV-neg,HEPHL1,0.9398,0.0193,0.1573
HNSCC_HPV-neg,DNAH17,0.8056,0.0347,0.156
HNSCC_HPV-neg,TUBA1C,0.1934,0.3772,0.1528
HNSCC_HPV-neg,ADAMTSL5,0.869,0.0263,0.1503
HNSCC_HPV-neg,ALOX12,0.9182,0.0207,0.1478
HNSCC_HPV-neg,RAB10,0.2291,0.306,0.143
HNSCC_HPV-neg,ATP5F1B,0.1582,0.4766,0.1421
HNSCC_HPV-neg,ATRAID,0.1971,0.3677,0.1405
HNSCC_HPV-neg,MMADHC,0.2475,0.2772,0.1369
HNSCC_HPV-neg,SLC10A6,0.9578,0.0156,0.1345
HNSCC_HPV-neg,ULBP1,0.83,0.0296,0.1343
HNSCC_HPV-neg,NGF,0.9186,0.0187,0.1261
HNSCC_HPV-neg,SCPEP1,0.2257,0.3102,0.1252
HNSCC_HPV-neg,MYL12B,0.138,0.556,0.1245
HNSCC_HPV-neg,TWIST2,0.9049,0.0193,0.1162
HNSCC_HPV-neg,HTR7,0.9511,0.0146,0.1161
HNSCC_HPV-neg,SH2D5,0.973,0.012,0.1101
HNSCC_HPV-neg,NUTF2,0.2343,0.2946,0.1078
HNSCC_HPV-neg,PDCD1LG2,0.9207,0.0169,0.1074
HNSCC_HPV-neg,IL24,0.9429,0.0141,0.1014
HNSCC_HPV-neg,MT1X,0.2031,0.3512,0.1011
HNSCC_HPV-neg,XRCC6,0.1781,0.4114,0.0993
HNSCC_HPV-neg,AP3S1,0.2526,0.2668,0.0983
HNSCC_HPV-neg,EWSR1,0.214,0.329,0.0974
HNSCC_HPV-neg,NECAB2,0.8785,0.0203,0.0947
HNSCC_HPV-neg,DSG1,0.9386,0.0137,0.092
HNSCC_HPV-neg,LGALS3BP,0.1488,0.5063,0.0834
HNSCC_HPV-neg,KRT6A,0.127,0.6071,0.0816
HNSCC_HPV-neg,PNLIPRP3,0.9656,0.0102,0.0815
HNSCC_HPV-neg,DMP1,0.9663,0.0099,0.0789
HNSCC_HPV-neg,CEACAM19,0.8659,0.0202,0.077
HNSCC_HPV-neg,IFNE,0.944,0.0119,0.0769
HNSCC_HPV-neg,SYNGR2,0.1915,0.3749,0.0749
HNSCC_HPV-neg,IGFL1,0.8338,0.0239,0.0749
HNSCC_HPV-neg,FAM83C,0.8578,0.021,0.0748
HNSCC_HPV-neg,IL20,0.8982,0.0163,0.0738
HNSCC_HPV-neg,RNH1,0.2182,0.3188,0.0707
HNSCC_HPV-neg,TBX18,0.9059,0.0152,0.0705
HNSCC_HPV-neg,ALOX12B,0.9463,0.0107,0.0664
HNSCC_HPV-neg,ARPC2,0.1448,0.5206,0.0605
HNSCC_HPV-neg,GLDN,0.9042,0.0143,0.0576
HNSCC_HPV-neg,EVPLL,0.9006,0.0145,0.0563
HNSCC_HPV-neg,TEX29,0.9508,0.0093,0.0547
HNSCC_HPV-neg,FSCN1,0.2429,0.2766,0.0542
HNSCC_HPV-neg,ODAM,0.8147,0.024,0.0481
HNSCC_HPV-neg,IFNK,0.9747,0.0061,0.0443
HNSCC_HPV-neg,KRTDAP,0.8341,0.0212,0.0443
HNSCC_HPV-neg,SDR9C7,0.981,0.0051,0.0386
HNSCC_HPV-neg,NT5C,0.2492,0.2661,0.0375
HNSCC_HPV-neg,KRT1,0.966,0.006,0.034
HNSCC_HPV-neg,CBY2,0.9721,0.0055,0.034
HNSCC_HPV-neg,UBE2D3,0.1854,0.3864,0.0339
HNSCC_HPV-neg,SLC39A2,0.9097,0.0116,0.0334
HNSCC_HPV-neg,FOXF2,0.9419,0.0082,0.0323
HNSCC_HPV-neg,CLEC2A,0.9885,0.0038,0.0323
HNSCC_HPV-neg,NR5A1,0.9874,0.0039,0.0318
HNSCC_HPV-neg,ADGRE1,0.8931,0.013,0.0296
HNSCC_HPV-neg,PSG4,0.9069,0.0115,0.0294
HNSCC_HPV-neg,PADI3,0.8357,0.0195,0.0272
HNSCC_HPV-neg,DSPP,0.9681,0.0052,0.0267
HNSCC_HPV-neg,DLX4,0.8966,0.0124,0.0267
HNSCC_HPV-neg,RPL3L,0.9191,0.0099,0.0252
HNSCC_HPV-neg,NOD2,0.9184,0.0097,0.0218
HNSCC_HPV-neg,LYSMD4,0.8009,0.0235,0.0209
HNSCC_HPV-neg,IGFL3,0.9671,0.0048,0.0205
HNSCC_HPV-neg,RERGL,0.9443,0.0069,0.02
HNSCC_HPV-neg,PSMB3,0.1692,0.43,0.02
HNSCC_HPV-neg,KCNK7,0.9382,0.0073,0.0182
HNSCC_HPV-neg,SPZ1,0.9928,0.0021,0.0163
HNSCC_HPV-neg,FAM25G,0.9829,0.0029,0.0162
HNSCC_HPV-neg,DQX1,0.8584,0.0157,0.0152
HNSCC_HPV-neg,PRR27,0.9302,0.0078,0.0139
HNSCC_HPV-neg,S100A7A,0.9684,0.004,0.0136
HNSCC_HPV-neg,TMPRSS11F,0.9161,0.0091,0.0132
HNSCC_HPV-neg,ALOXE3,0.9289,0.0077,0.012
HNSCC_HPV-neg,DMRT1,0.9525,0.0053,0.0112
HNSCC_HPV-neg,TSKS,0.9536,0.0052,0.0106
HNSCC_HPV-neg,C6orf58,0.947,0.0058,0.0103
HNSCC_HPV-neg,CLDN24,0.9842,0.0023,0.0101
HNSCC_HPV-neg,RGPD2,0.8484,0.0163,0.0082
HNSCC_HPV-neg,SPDYC,0.9671,0.0035,0.0065
HNSCC_HPV-neg,RGPD1,0.8846,0.0119,0.0064
HNSCC_HPV-neg,ADGRG7,0.9331,0.0067,0.0055
HNSCC_HPV-neg,KRT9,0.9719,0.003,0.0052
HNSCC_HPV-neg,GPRC6A,0.9929,0.001,0.0048
HNSCC_HPV-neg,MTNR1A,0.9858,0.0016,0.0041
HNSCC_HPV-neg,CTRL,0.9125,0.0087,0.0038
HNSCC_HPV-neg,KRT34,0.967,0.0033,0.0035
HNSCC_HPV-neg,RFPL1,0.98,0.0021,0.0032
HNSCC_HPV-neg,ULBP3,0.9008,0.0099,0.0029
HNSCC_HPV-neg,IBSP,0.982,0.0018,0.0024
HNSCC_HPV-neg,HOXC13,0.864,0.0139,0.0016
HNSCC_HPV-neg,SPACA4,0.9935,0.0007,0.0015
HNSCC_HPV-neg,SBSN,0.7971,0.0223,0.0012
HNSCC_HPV-neg,BRS3,0.9933,0.0007,0.0008
HNSCC_HPV-neg,KRTAP4-1,0.9758,0.0022,0.0008
HNSCC_HPV-neg,OR11H4,0.991,0.0008,0.0005
HNSCC_HPV-neg,DMRT3,0.9261,0.007,0.0001
HNSCC_HPV-pos,CALML5,0.4942,0.4279,3.8812
HNSCC_HPV-pos,FDCSP,0.6888,0.323,3.2503
HNSCC_HPV-pos,CSTA,0.2525,0.5247,3.0543
HNSCC_HPV-pos,S100A8,0.2682,0.4991,2.9917
HNSCC_HPV-pos,S100A9,0.238,0.523,2.7922
HNSCC_HPV-pos,TACSTD2,0.1644,0.621,2.0367
HNSCC_HPV-pos,PITX1,0.3735,0.3221,2.0139
HNSCC_HPV-pos,KREMEN2,0.6969,0.1689,1.5012
HNSCC_HPV-pos,RHCG,0.6827,0.1631,1.4048
HNSCC_HPV-pos,SPRR3,0.5858,0.1842,1.4042
HNSCC_HPV-pos,RHOV,0.5528,0.1915,1.3854
HNSCC_HPV-pos,CDKN2A,0.178,0.5179,1.3193
HNSCC_HPV-pos,LY6D,0.4205,0.2288,1.2441
HNSCC_HPV-pos,CENPW,0.3317,0.2748,1.1358
HNSCC_HPV-pos,HCAR3,0.5986,0.1452,0.9935
HNSCC_HPV-pos,KRT13,0.3211,0.2672,0.948
HNSCC_HPV-pos,RASIP1,0.718,0.1155,0.9307
HNSCC_HPV-pos,SPRR2A,0.5749,0.1438,0.9091
HNSCC_HPV-pos,PTGES,0.556,0.1439,0.8507
HNSCC_HPV-pos,KRT24,0.946,0.0761,0.8151
HNSCC_HPV-pos,EPHX3,0.7164,0.1037,0.7929
HNSCC_HPV-pos,S100A2,0.1263,0.6717,0.7821
HNSCC_HPV-pos,SAP25,0.5335,0.1443,0.78
HNSCC_HPV-pos,NCCRP1,0.6928,0.1066,0.7788
HNSCC_HPV-pos,PMAIP1,0.2456,0.3313,0.7254
HNSCC_HPV-pos,CYP24A1,0.7332,0.0936,0.7087
HNSCC_HPV-pos,CDKN2B,0.5399,0.1351,0.6962
HNSCC_HPV-pos,A4GALT,0.4136,0.1837,0.6878
HNSCC_HPV-pos,ADRB2,0.4759,0.1516,0.6361
HNSCC_HPV-pos,TYMP,0.19,0.4274,0.6351
HNSCC_HPV-pos,CARS1,0.423,0.1734,0.6227
HNSCC_HPV-pos,NPPC,0.7452,0.0839,0.6201
HNSCC_HPV-pos,NCK1,0.346,0.2162,0.5876
HNSCC_HPV-pos,ABHD5,0.5152,0.1323,0.5751
HNSCC_HPV-pos,ZFR2,0.6989,0.0869,0.5651
HNSCC_HPV-pos,TMEM40,0.5024,0.1342,0.5475
HNSCC_HPV-pos,PAX9,0.6351,0.097,0.5376
HNSCC_HPV-pos,NGFR,0.7319,0.0777,0.5242
HNSCC_HPV-pos,CLDN1,0.2785,0.2706,0.5106
HNSCC_HPV-pos,NECTIN4,0.3897,0.1811,0.5094
HNSCC_HPV-pos,ANKRD29,0.6667,0.0875,0.5026
HNSCC_HPV-pos,SPRR2D,0.6837,0.0826,0.4845
HNSCC_HPV-pos,S100A14,0.184,0.4284,0.4747
HNSCC_HPV-pos,SPRR2E,0.8183,0.0588,0.4522
HNSCC_HPV-pos,CLCA4,0.8359,0.0565,0.4512
HNSCC_HPV-pos,TMPRSS11D,0.5542,0.109,0.445
HNSCC_HPV-pos,TRAF2,0.5241,0.1179,0.4433
HNSCC_HPV-pos,MIB2,0.3964,0.1714,0.4416
HNSCC_HPV-pos,IL1RN,0.4851,0.131,0.4401
HNSCC_HPV-pos,TRIM47,0.3915,0.1739,0.4394
HNSCC_HPV-pos,SMC1B,0.7409,0.0682,0.4325
HNSCC_HPV-pos,SERPINB3,0.6213,0.089,0.4105
HNSCC_HPV-pos,ABCA13,0.8529,0.0503,0.4043
HNSCC_HPV-pos,NR1D1,0.5793,0.0981,0.3986
HNSCC_HPV-pos,CAPNS2,0.6242,0.0865,0.389
HNSCC_HPV-pos,SDR16C5,0.3353,0.2055,0.3737
HNSCC_HPV-pos,FBXW5,0.3045,0.2316,0.3704
HNSCC_HPV-pos,THOC3,0.2951,0.2393,0.3537
HNSCC_HPV-pos,RTKN2,0.6837,0.0711,0.352
HNSCC_HPV-pos,CEBPB,0.2195,0.3407,0.3485
HNSCC_HPV-pos,SLC9A3,0.901,0.0396,0.3443
HNSCC_HPV-pos,PHLDA3,0.3322,0.2052,0.3419
HNSCC_HPV-pos,DENND2C,0.659,0.0749,0.3413
HNSCC_HPV-pos,LY6K,0.3047,0.2286,0.3378
HNSCC_HPV-pos,BHLHE40,0.2759,0.258,0.3333
HNSCC_HPV-pos,RHBDL2,0.5309,0.106,0.3312
HNSCC_HPV-pos,TMPRSS11E,0.6571,0.0743,0.3293
HNSCC_HPV-pos,NEURL1,0.5933,0.0881,0.3241
HNSCC_HPV-pos,SFN,0.1439,0.5468,0.3191
HNSCC_HPV-pos,SERPINB2,0.6805,0.0688,0.3189
HNSCC_HPV-pos,ACTL8,0.9214,0.0344,0.3095
HNSCC_HPV-pos,ZNF750,0.6529,0.0731,0.3057
HNSCC_HPV-pos,RASSF10,0.6511,0.0731,0.3023
HNSCC_HPV-pos,KRT15,0.1746,0.4375,0.2879
HNSCC_HPV-pos,MAP3K6,0.6348,0.0749,0.2834
HNSCC_HPV-pos,FXYD3,0.1401,0.5598,0.278
HNSCC_HPV-pos,NPB,0.669,0.0671,0.2742
HNSCC_HPV-pos,DUSP5,0.4326,0.1383,0.2733
HNSCC_HPV-pos,RYR1,0.746,0.0533,0.2706
HNSCC_HPV-pos,CLPTM1,0.3381,0.1936,0.2615
HNSCC_HPV-pos,PGM2,0.5183,0.1032,0.2537
HNSCC_HPV-pos,TAF7L,0.9471,0.0268,0.2511
HNSCC_HPV-pos,FGF4,0.8529,0.0368,0.2497
HNSCC_HPV-pos,GLTP,0.2803,0.245,0.2414
HNSCC_HPV-pos,FOXN1,0.9064,0.0301,0.2414
HNSCC_HPV-pos,STATH,0.8827,0.0325,0.2392
HNSCC_HPV-pos,NKX2-3,0.904,0.03,0.2381
HNSCC_HPV-pos,PKMYT1,0.6552,0.0666,0.2371
HNSCC_HPV-pos,INPP1,0.4096,0.1461,0.2337
HNSCC_HPV-pos,AKR1A1,0.2453,0.2882,0.226
HNSCC_HPV-pos,FGFR3,0.5236,0.099,0.2254
HNSCC_HPV-pos,PPP2R2A,0.3407,0.1883,0.2228
HNSCC_HPV-pos,LMO4,0.2571,0.2712,0.219
HNSCC_HPV-pos,STAR,0.7176,0.0534,0.2182
HNSCC_HPV-pos,CD177,0.9666,0.022,0.2179
HNSCC_HPV-pos,ARF6,0.2298,0.3107,0.2093
HNSCC_HPV-pos,S100A12,0.779,0.0427,0.2053
HNSCC_HPV-pos,RNF212,0.564,0.085,0.2012
HNSCC_HPV-pos,RMI2,0.4833,0.1107,0.1994
HNSCC_HPV-pos,PROSER2,0.7173,0.0518,0.1992
HNSCC_HPV-pos,GCLM,0.399,0.1486,0.1971
HNSCC_HPV-pos,FOXE1,0.6218,0.0701,0.1948
HNSCC_HPV-pos,NDUFB6,0.242,0.2897,0.1873
HNSCC_HPV-pos,GPAT2,0.8236,0.0348,0.1844
HNSCC_HPV-pos,IL1R2,0.4583,0.1192,0.1837
HNSCC_HPV-pos,LTBP3,0.337,0.1873,0.1789
HNSCC_HPV-pos,KRT19,0.1172,0.6728,0.1782
HNSCC_HPV-pos,NFKBIA,0.172,0.4354,0.1763
HNSCC_HPV-pos,CITED4,0.3982,0.147,0.1735
HNSCC_HPV-pos,TMPRSS11A,0.7325,0.0466,0.1692
HNSCC_HPV-pos,KLF5,0.2071,0.3488,0.1683
HNSCC_HPV-pos,BCL3,0.4331,0.1287,0.1661
HNSCC_HPV-pos,IL36G,0.8161,0.0334,0.1573
HNSCC_HPV-pos,PRRG4,0.3693,0.1627,0.1568
HNSCC_HPV-pos,CSTB,0.1285,0.6046,0.1473
HNSCC_HPV-pos,SLC15A3,0.6608,0.0574,0.1449
HNSCC_HPV-pos,KEL,0.9406,0.0178,0.1403
HNSCC_HPV-pos,SIAH2,0.3942,0.1462,0.1382
HNSCC_HPV-pos,FBLN1,0.2831,0.233,0.138
HNSCC_HPV-pos,SERPINB4,0.7385,0.0429,0.1379
HNSCC_HPV-pos,STING1,0.3322,0.1869,0.1314
HNSCC_HPV-pos,SERPINB7,0.8736,0.0239,0.1293
HNSCC_HPV-pos,SPRR1A,0.7987,0.0329,0.125
HNSCC_HPV-pos,CEBPD,0.1644,0.454,0.1216
HNSCC_HPV-pos,TMEM165,0.2544,0.2663,0.1215
HNSCC_HPV-pos,HES1,0.2339,0.2962,0.1208
HNSCC_HPV-pos,IL34,0.8003,0.0322,0.1198
HNSCC_HPV-pos,IFNGR1,0.2713,0.2447,0.1188
HNSCC_HPV-pos,PRSS36,0.8794,0.022,0.1156
HNSCC_HPV-pos,MUC4,0.4174,0.1317,0.1139
HNSCC_HPV-pos,TMEM171,0.6967,0.0476,0.1106
HNSCC_HPV-pos,TRPV4,0.6957,0.0478,0.1104
HNSCC_HPV-pos,VAPA,0.2017,0.3548,0.1097
HNSCC_HPV-pos,MMP19,0.8892,0.0204,0.1086
HNSCC_HPV-pos,CSF3,0.8905,0.0199,0.1055
HNSCC_HPV-pos,TECR,0.1894,0.3824,0.1038
HNSCC_HPV-pos,GJB4,0.6973,0.0465,0.099
HNSCC_HPV-pos,TCP11,0.9011,0.0179,0.0958
HNSCC_HPV-pos,FBXO32,0.3916,0.1438,0.0947
HNSCC_HPV-pos,FLG,0.7263,0.0411,0.0942
HNSCC_HPV-pos,PLCH2,0.7812,0.0325,0.0926
HNSCC_HPV-pos,C2CD4D,0.8981,0.0172,0.0833
HNSCC_HPV-pos,B4GALNT2,0.936,0.0131,0.0817
HNSCC_HPV-pos,EMP2,0.193,0.3718,0.0797
HNSCC_HPV-pos,WASF2,0.232,0.295,0.0699
HNSCC_HPV-pos,EDN2,0.6768,0.0476,0.0684
HNSCC_HPV-pos,TUSC1,0.4642,0.1065,0.0658
HNSCC_HPV-pos,NDUFB3,0.2222,0.3111,0.0639
HNSCC_HPV-pos,KRT78,0.934,0.0117,0.0628
HNSCC_HPV-pos,ZWINT,0.4227,0.1246,0.0626
HNSCC_HPV-pos,SPINK5,0.4086,0.1317,0.0622
HNSCC_HPV-pos,EIF1AY,0.4311,0.1205,0.0612
HNSCC_HPV-pos,KLHL35,0.6372,0.0549,0.0601
HNSCC_HPV-pos,STAP2,0.3151,0.1946,0.0569
HNSCC_HPV-pos,KLHDC7B,0.7665,0.0314,0.0554
HNSCC_HPV-pos,TDRP,0.6534,0.0506,0.0496
HNSCC_HPV-pos,IMP3,0.2703,0.2398,0.0489
HNSCC_HPV-pos,KCNJ18,0.9555,0.008,0.0455
HNSCC_HPV-pos,KLRG2,0.8629,0.0178,0.0451
HNSCC_HPV-pos,LANCL3,0.8949,0.0139,0.0414
HNSCC_HPV-pos,RAMAC,0.3429,0.1707,0.0404
HNSCC_HPV-pos,PRSS27,0.7292,0.0359,0.0403
HNSCC_HPV-pos,PTGIR,0.7785,0.0283,0.0402
HNSCC_HPV-pos,PNLDC1,0.9046,0.0125,0.0378
HNSCC_HPV-pos,UBAC1,0.3904,0.1395,0.0369
HNSCC_HPV-pos,TDRD10,0.8379,0.02,0.0356
HNSCC_HPV-pos,PLA2G4D,0.9552,0.0072,0.0351
HNSCC_HPV-pos,N4BP3,0.6895,0.0423,0.0341
HNSCC_HPV-pos,LSM3,0.2122,0.3266,0.0305
HNSCC_HPV-pos,SOX30,0.9397,0.0081,0.0292
HNSCC_HPV-pos,KRT2,0.9943,0.003,0.0283
HNSCC_HPV-pos,SNX31,0.8105,0.0228,0.027
HNSCC_HPV-pos,BEST2,0.9749,0.0044,0.0246
HNSCC_HPV-pos,SLC16A8,0.8349,0.0194,0.0246
HNSCC_HPV-pos,UGT2A1,0.9526,0.0064,0.0233
HNSCC_HPV-pos,UBD,0.6496,0.049,0.0227
HNSCC_HPV-pos,RDH16,0.8329,0.0194,0.0223
HNSCC_HPV-pos,IFFO2,0.6814,0.0426,0.0208
HNSCC_HPV-pos,CLEC1A,0.9568,0.0057,0.0202
HNSCC_HPV-pos,PGLYRP4,0.9474,0.0065,0.019
HNSCC_HPV-pos,RPTN,0.9847,0.0029,0.0174
HNSCC_HPV-pos,TMEM50A,0.2265,0.2993,0.0159
HNSCC_HPV-pos,MAJIN,0.95,0.0059,0.0152
HNSCC_HPV-pos,RAB9A,0.3946,0.1351,0.0148
HNSCC_HPV-pos,GALR3,0.9836,0.0027,0.0146
HNSCC_HPV-pos,ZPBP2,0.9624,0.0046,0.0139
HNSCC_HPV-pos,KRTAP5-10,0.9764,0.0033,0.0134
HNSCC_HPV-pos,CPOX,0.6825,0.0415,0.0108
HNSCC_HPV-pos,LPAR6,0.4271,0.1177,0.0071
HNSCC_HPV-pos,ASCL4,0.9873,0.0016,0.0058
HNSCC_HPV-pos,CCL21,0.7988,0.0224,0.0052
HNSCC_HPV-pos,SNRPG,0.1758,0.4095,0.0046
HNSCC_HPV-pos,IL1A,0.7828,0.0246,0.0039
HNSCC_HPV-pos,RNASE7,0.8393,0.017,0.0032
HNSCC_HPV-pos,CCDC60,0.8145,0.0201,0.003
HNSCC_HPV-pos,PYDC1,0.7308,0.0323,0.0025
HNSCC_HPV-pos,ID1,0.2013,0.3463,0.0019
HNSCC_HPV-pos,KRT32,0.9876,0.0012,0.0017
HNSCC_HPV-pos,KRT10,0.1964,0.3571,0.0003
HNSCC_HPV-pos,SELE,0.966,0.0031,0.0002
Lung_Adeno,SFTPB,0.6687,0.6185,6.5937
Lung_Adeno,SCGB3A2,0.7434,0.4382,4.6771
Lung_Adeno,NAPSA,0.2988,0.5597,4.0685
Lung_Adeno,HOPX,0.3281,0.5041,3.7305
Lung_Adeno,SCGB3A1,0.5597,0.3527,3.2561
Lung_Adeno,SLC34A2,0.3322,0.423,2.8376
Lung_Adeno,SFTA2,0.2979,0.4522,2.8268
Lung_Adeno,SCGB1A1,0.9077,0.2552,2.8228
Lung_Adeno,RNASE1,0.3023,0.438,2.7111
Lung_Adeno,C16orf89,0.6877,0.2732,2.6772
Lung_Adeno,CXCL17,0.3629,0.3862,2.6708
Lung_Adeno,SFTPA1,0.7652,0.2474,2.5285
Lung_Adeno,SFTPA2,0.5361,0.2797,2.3405
Lung_Adeno,SLC22A31,0.8889,0.2138,2.3253
Lung_Adeno,ADGRF5,0.8378,0.2064,2.1723
Lung_Adeno,SFTPD,0.7256,0.2077,2.0028
Lung_Adeno,TCIM,0.2971,0.3771,1.9562
Lung_Adeno,LPCAT1,0.3771,0.3064,1.8593
Lung_Adeno,PGC,0.5904,0.1989,1.5861
Lung_Adeno,AGR3,0.2678,0.3706,1.5136
Lung_Adeno,MALL,0.3323,0.3067,1.5056
Lung_Adeno,CLIC6,0.6925,0.1626,1.4197
Lung_Adeno,NPC2,0.1675,0.5575,1.419
Lung_Adeno,STEAP4,0.5449,0.1864,1.3011
Lung_Adeno,AQP3,0.2691,0.3448,1.2357
Lung_Adeno,CPM,0.5375,0.1803,1.2056
Lung_Adeno,PIGR,0.2649,0.3459,1.1895
Lung_Adeno,ALPL,0.6942,0.142,1.1869
Lung_Adeno,NKX2-1,0.3337,0.2743,1.148
Lung_Adeno,MUC1,0.1763,0.5046,1.1103
Lung_Adeno,MUC21,0.8892,0.1031,1.057
Lung_Adeno,TMEM125,0.4402,0.2002,1.0231
Lung_Adeno,WFDC2,0.147,0.591,0.9703
Lung_Adeno,ICAM1,0.3131,0.2743,0.9502
Lung_Adeno,DRAM1,0.5229,0.1599,0.92
Lung_Adeno,TFCP2L1,0.5532,0.1475,0.8828
Lung_Adeno,GGTLC1,0.9605,0.08,0.8754
Lung_Adeno,SUSD2,0.5524,0.145,0.8515
Lung_Adeno,ATP11A,0.3938,0.1997,0.7495
Lung_Adeno,SNX30,0.6207,0.1183,0.7447
Lung_Adeno,SFTPC,0.5318,0.1387,0.7096
Lung_Adeno,FOLR1,0.2863,0.2779,0.6921
Lung_Adeno,MFSD4A,0.6521,0.1066,0.6882
Lung_Adeno,ST3GAL5,0.463,0.1589,0.6611
Lung_Adeno,FBP1,0.4137,0.1799,0.6449
Lung_Adeno,CIT,0.5811,0.1161,0.6095
Lung_Adeno,NINJ2,0.6761,0.0929,0.5858
Lung_Adeno,MBIP,0.3336,0.2251,0.5827
Lung_Adeno,SCNN1B,0.6909,0.0884,0.5655
Lung_Adeno,ABCA7,0.578,0.1122,0.5561
Lung_Adeno,PLA2G1B,0.8829,0.059,0.5433
Lung_Adeno,CYP4B1,0.4734,0.144,0.5374
Lung_Adeno,RHOBTB2,0.6908,0.0855,0.5324
Lung_Adeno,CAVIN2,0.6468,0.0941,0.5323
Lung_Adeno,ROS1,0.96,0.046,0.4852
Lung_Adeno,ZDHHC9,0.3817,0.1833,0.4809
Lung_Adeno,CCNJL,0.7447,0.0704,0.4642
Lung_Adeno,LDAF1,0.398,0.1721,0.4602
Lung_Adeno,FNIP2,0.4125,0.1641,0.4572
Lung_Adeno,ICAM4,0.7003,0.0766,0.4495
Lung_Adeno,MS4A15,0.9262,0.0462,0.4494
Lung_Adeno,PEBP4,0.6173,0.0933,0.4491
Lung_Adeno,ZFP36L1,0.183,0.4281,0.4414
Lung_Adeno,EPDR1,0.5733,0.1023,0.4285
Lung_Adeno,SPSB2,0.5771,0.101,0.4247
Lung_Adeno,VSTM2L,0.4745,0.1326,0.4117
Lung_Adeno,RILP,0.6262,0.0874,0.4053
Lung_Adeno,IL37,0.9805,0.0369,0.4028
Lung_Adeno,PLA2G10,0.4575,0.138,0.3961
Lung_Adeno,NR4A2,0.4297,0.1499,0.3906
Lung_Adeno,PIGA,0.7015,0.0712,0.3902
Lung_Adeno,SELENBP1,0.298,0.2395,0.3897
Lung_Adeno,CTSH,0.2111,0.36,0.3895
Lung_Adeno,PARM1,0.4784,0.129,0.3883
Lung_Adeno,MPZL2,0.304,0.233,0.3813
Lung_Adeno,FAM20A,0.6424,0.0818,0.3808
Lung_Adeno,CD55,0.2048,0.372,0.3802
Lung_Adeno,SLC26A9,0.7275,0.0658,0.3801
Lung_Adeno,SLPI,0.1609,0.4872,0.368
Lung_Adeno,ATXN7,0.5725,0.0969,0.3636
Lung_Adeno,SPTSSA,0.2716,0.2655,0.3613
Lung_Adeno,C4BPA,0.3497,0.1936,0.3592
Lung_Adeno,GLS,0.325,0.212,0.3524
Lung_Adeno,TMEM63B,0.5096,0.1142,0.3465
Lung_Adeno,VMO1,0.8069,0.0495,0.3286
Lung_Adeno,CACNA2D2,0.729,0.061,0.3272
Lung_Adeno,TREM1,0.7313,0.0606,0.3267
Lung_Adeno,SDC4,0.2106,0.3554,0.3244
Lung_Adeno,B3GNT7,0.5253,0.107,0.323
Lung_Adeno,VAMP8,0.1713,0.4502,0.322
Lung_Adeno,ABO,0.6131,0.0823,0.3121
Lung_Adeno,CH25H,0.7869,0.0509,0.312
Lung_Adeno,SMPDL3B,0.5468,0.0995,0.3118
Lung_Adeno,FHOD1,0.7239,0.0603,0.3092
Lung_Adeno,PRKCZ,0.5764,0.0908,0.3059
Lung_Adeno,CDKL2,0.7219,0.0602,0.3051
Lung_Adeno,RPS6KA2,0.4717,0.1241,0.3022
Lung_Adeno,BMP3,0.7812,0.0503,0.2969
Lung_Adeno,GGT5,0.7532,0.0541,0.2926
Lung_Adeno,SLC25A23,0.5339,0.1015,0.2902
Lung_Adeno,TEPP,0.8347,0.0426,0.29
Lung_Adeno,RNF145,0.222,0.331,0.2887
Lung_Adeno,LGSN,0.8396,0.041,0.2792
Lung_Adeno,TXNDC17,0.1936,0.3876,0.276
Lung_Adeno,PLAAT4,0.2516,0.2831,0.2699
Lung_Adeno,PRSS8,0.2781,0.2499,0.2677
Lung_Adeno,BPIFB1,0.7197,0.0562,0.2549
Lung_Adeno,ANTKMT,0.3467,0.1861,0.2489
Lung_Adeno,RAI14,0.4007,0.1519,0.245
Lung_Adeno,KDR,0.8423,0.0374,0.2411
Lung_Adeno,ZDHHC18,0.7159,0.055,0.2336
Lung_Adeno,CTSZ,0.2824,0.2417,0.2293
Lung_Adeno,HPGD,0.3889,0.1568,0.2266
Lung_Adeno,OCLN,0.3656,0.1711,0.2255
Lung_Adeno,LMO3,0.3266,0.1995,0.2248
Lung_Adeno,NFATC3,0.3826,0.1599,0.2193
Lung_Adeno,XKRX,0.9485,0.0232,0.2112
Lung_Adeno,CEACAM6,0.1772,0.4234,0.2086
Lung_Adeno,AIDA,0.4018,0.1477,0.2047
Lung_Adeno,PIP5KL1,0.754,0.0461,0.2024
Lung_Adeno,MUC15,0.7402,0.048,0.1987
Lung_Adeno,BFAR,0.3415,0.1855,0.1978
Lung_Adeno,HSBP1L1,0.3426,0.1844,0.1951
Lung_Adeno,FILIP1,0.7081,0.053,0.1948
Lung_Adeno,PRR15L,0.3585,0.1731,0.1945
Lung_Adeno,SVIL,0.395,0.1506,0.194
Lung_Adeno,GOLGA6L10,0.8254,0.035,0.1895
Lung_Adeno,ICAM5,0.9447,0.0213,0.1858
Lung_Adeno,ABCA4,0.8437,0.0321,0.1827
Lung_Adeno,MTUS1,0.3487,0.1771,0.1617
Lung_Adeno,USP44,0.8551,0.0288,0.161
Lung_Adeno,PODNL1,0.813,0.0337,0.1568
Lung_Adeno,AGER,0.8378,0.0302,0.1527
Lung_Adeno,LTA4H,0.2871,0.2298,0.1512
Lung_Adeno,ADAM15,0.3383,0.1838,0.151
Lung_Adeno,C1orf167,0.7841,0.036,0.1377
Lung_Adeno,CDH15,0.8507,0.0271,0.1354
Lung_Adeno,MYO1B,0.4011,0.1419,0.1337
Lung_Adeno,BLVRA,0.3019,0.2134,0.1333
Lung_Adeno,SHISA3,0.909,0.0202,0.131
Lung_Adeno,RHBDL1,0.7789,0.036,0.1288
Lung_Adeno,TAGLN2,0.1505,0.5036,0.1251
Lung_Adeno,GPX1,0.1641,0.4547,0.1187
Lung_Adeno,CHIA,0.9852,0.0113,0.1145
Lung_Adeno,CFLAR,0.2308,0.3005,0.111
Lung_Adeno,DESI2,0.3867,0.1476,0.1056
Lung_Adeno,ESYT3,0.8408,0.0254,0.1017
Lung_Adeno,CD164L2,0.8427,0.0251,0.1015
Lung_Adeno,CSF2,0.9098,0.0173,0.0988
Lung_Adeno,WFDC10B,0.9674,0.0114,0.0969
Lung_Adeno,TNFSF15,0.7763,0.0334,0.0947
Lung_Adeno,MID1IP1,0.3574,0.1649,0.0923
Lung_Adeno,PRDM16,0.7597,0.0356,0.0919
Lung_Adeno,SMIM22,0.189,0.3821,0.0885
Lung_Adeno,CRACR2B,0.3664,0.1582,0.0848
Lung_Adeno,MFSD13A,0.7023,0.0439,0.0799
Lung_Adeno,SHE,0.8446,0.0228,0.0775
Lung_Adeno,SLC1A7,0.89,0.0174,0.0756
Lung_Adeno,SECTM1,0.7101,0.0422,0.0752
Lung_Adeno,BPIFA2,0.9461,0.0114,0.0737
Lung_Adeno,SLC46A2,0.8595,0.0206,0.0723
Lung_Adeno,ITPKA,0.7826,0.0302,0.0687
Lung_Adeno,TAC4,0.8496,0.0214,0.0686
Lung_Adeno,GLB1L3,0.7946,0.0283,0.0665
Lung_Adeno,TSR3,0.3706,0.1536,0.0621
Lung_Adeno,SLC49A3,0.7829,0.0296,0.0615
Lung_Adeno,RP1,0.8268,0.0236,0.0613
Lung_Adeno,ITPRID1,0.9537,0.0096,0.0613
Lung_Adeno,ANKDD1B,0.894,0.0154,0.0579
Lung_Adeno,KRTAP3-1,0.8459,0.0207,0.0552
Lung_Adeno,CTF1,0.833,0.0218,0.0495
Lung_Adeno,GOLGA7B,0.6999,0.0417,0.0489
Lung_Adeno,LONRF3,0.8212,0.0232,0.0481
Lung_Adeno,S100A6,0.0973,0.8136,0.0478
Lung_Adeno,HHIPL2,0.8721,0.017,0.0477
Lung_Adeno,CDH26,0.7576,0.0318,0.0445
Lung_Adeno,SLC7A10,0.9214,0.0112,0.0436
Lung_Adeno,TMEM245,0.3672,0.1541,0.0429
Lung_Adeno,FLNA,0.2695,0.2402,0.0426
Lung_Adeno,WFIKKN1,0.9086,0.0122,0.039
Lung_Adeno,LHX9,0.8185,0.0227,0.0385
Lung_Adeno,OSR1,0.9214,0.0108,0.038
Lung_Adeno,RNPEP,0.3602,0.1582,0.0372
Lung_Adeno,TNFRSF10C,0.8703,0.0162,0.037
Lung_Adeno,RPS6KA3,0.3772,0.1473,0.037
Lung_Adeno,SCNN1G,0.8908,0.0138,0.036
Lung_Adeno,ARL14EPL,0.9812,0.0047,0.0344
Lung_Adeno,YPEL5,0.2762,0.2315,0.033
Lung_Adeno,MESP2,0.8888,0.0137,0.0324
Lung_Adeno,TMEM30A,0.3151,0.1925,0.0323
Lung_Adeno,CRYGN,0.9727,0.0052,0.032
Lung_Adeno,LY6E,0.156,0.4747,0.03
Lung_Adeno,SGMS2,0.3623,0.1561,0.029
Lung_Adeno,ALPG,0.9153,0.0105,0.0275
Lung_Adeno,PLA2G4F,0.8528,0.0174,0.0271
Lung_Adeno,ARHGAP44,0.7122,0.0376,0.0265
Lung_Adeno,FAM177A1,0.246,0.2694,0.0232
Lung_Adeno,FOXB1,0.9309,0.0084,0.0225
Lung_Adeno,CUZD1,0.9565,0.0056,0.0186
Lung_Adeno,SHISAL1,0.9161,0.0094,0.0164
Lung_Adeno,PAX7,0.9253,0.0084,0.0153
Lung_Adeno,CDK2AP2,0.2606,0.2487,0.0139
Lung_Adeno,GUCY2D,0.8846,0.0126,0.0136
Lung_Adeno,CYP2F1,0.9527,0.0055,0.013
Lung_Adeno,ELFN2,0.7877,0.0245,0.0113
Lung_Adeno,SLC30A2,0.8347,0.0182,0.0105
Lung_Adeno,IRX1,0.8764,0.0132,0.0098
Lung_Adeno,RNF148,0.9754,0.0029,0.0077
Lung_Adeno,UTS2,0.8602,0.0147,0.0062
Lung_Adeno,PALM3,0.7557,0.0287,0.0062
Lung_Adeno,CDC20B,0.9607,0.004,0.0055
Lung_Adeno,CRLF2,0.9694,0.0032,0.0054
Lung_Adeno,SLC10A2,0.9363,0.0062,0.0035
Lung_Adeno,DRGX,0.9438,0.0055,0.0033
Lung_Adeno,TMC6,0.3774,0.1442,0.0031
Lung_Adeno,IER5,0.3281,0.179,0.0031
Lung_Adeno,LCT,0.9327,0.0064,0.0018
Lung_Squamous,AKR1C2,0.3632,0.5207,4.2151
Lung_Squamous,AKR1C1,0.3417,0.433,3.0362
Lung_Squamous,AKR1B10,0.3642,0.3968,2.8025
Lung_Squamous,GSTM3,0.3262,0.409,2.622
Lung_Squamous,ADH7,0.456,0.3028,2.2776
Lung_Squamous,EIF5AL1,0.352,0.3549,2.2267
Lung_Squamous,CBR1,0.2031,0.5272,2.1182
Lung_Squamous,EIF4EBP1,0.2245,0.4701,1.9339
Lung_Squamous,ALDH3A1,0.305,0.3583,1.8284
Lung_Squamous,CDK5RAP2,0.4411,0.2644,1.7632
Lung_Squamous,NAA20,0.2175,0.4605,1.6814
Lung_Squamous,PLCXD2,0.5619,0.2115,1.6445
Lung_Squamous,RNF7,0.205,0.4605,1.4006
Lung_Squamous,CBR3,0.448,0.2265,1.3643
Lung_Squamous,PGD,0.3069,0.315,1.3526
Lung_Squamous,CFAP251,0.3042,0.3173,1.3502
Lung_Squamous,RRP7A,0.3226,0.3008,1.3476
Lung_Squamous,TNFRSF18,0.5546,0.1853,1.3204
Lung_Squamous,TALDO1,0.2002,0.4622,1.3029
Lung_Squamous,ECE2,0.4553,0.2166,1.2864
Lung_Squamous,PPP4C,0.2274,0.407,1.2669
Lung_Squamous,PHF5A,0.3459,0.2728,1.2354
Lung_Squamous,LSM1,0.2971,0.3134,1.2257
Lung_Squamous,FAM162A,0.2263,0.4039,1.2103
Lung_Squamous,SPHK1,0.3667,0.2551,1.197
Lung_Squamous,PTPMT1,0.3748,0.2499,1.1964
Lung_Squamous,RIT1,0.4395,0.2147,1.1851
Lung_Squamous,CHST7,0.7084,0.1351,1.1365
Lung_Squamous,MLF2,0.2034,0.44,1.1266
Lung_Squamous,AKR1C3,0.226,0.3962,1.1153
Lung_Squamous,HSD17B10,0.2383,0.3732,1.0811
Lung_Squamous,PARL,0.2925,0.3051,1.0774
Lung_Squamous,TPD52L1,0.2872,0.3101,1.0725
Lung_Squamous,NAA50,0.3128,0.2847,1.0667
Lung_Squamous,NXT1,0.3107,0.2865,1.0652
Lung_Squamous,OAZ1,0.1319,0.6658,1.052
Lung_Squamous,ARF5,0.2255,0.3913,1.0503
Lung_Squamous,ABT1,0.354,0.2502,1.043
Lung_Squamous,POLR2H,0.2355,0.3736,1.0348
Lung_Squamous,TPRG1,0.3995,0.2208,1.0277
Lung_Squamous,MAGEA3,0.3615,0.2438,1.0277
Lung_Squamous,SLX9,0.3925,0.224,1.0192
Lung_Squamous,TPI1,0.1276,0.6849,1.012
Lung_Squamous,CALML3,0.1871,0.4668,1.0058
Lung_Squamous,FGFBP2,0.485,0.1803,1.0045
Lung_Squamous,ALG3,0.2799,0.3112,0.995
Lung_Squamous,HSPB1,0.1112,0.783,0.9828
Lung_Squamous,UFD1,0.281,0.3088,0.9808
Lung_Squamous,CREG1,0.2995,0.2896,0.9801
Lung_Squamous,PSMD9,0.3192,0.2714,0.9773
Lung_Squamous,DCUN1D5,0.3453,0.2486,0.9538
Lung_Squamous,WDR45B,0.2776,0.3103,0.9538
Lung_Squamous,CCL26,0.7798,0.1076,0.9504
Lung_Squamous,MRPL47,0.2655,0.3241,0.9481
Lung_Squamous,BLVRB,0.2023,0.4266,0.9477
Lung_Squamous,PRPSAP1,0.3452,0.2478,0.944
Lung_Squamous,DGCR6L,0.2791,0.3073,0.9382
Lung_Squamous,MAP3K13,0.2452,0.35,0.9326
Lung_Squamous,PRDX1,0.1434,0.602,0.9265
Lung_Squamous,UBE2L3,0.2171,0.395,0.92
Lung_Squamous,PLP2,0.1802,0.4767,0.9156
Lung_Squamous,CKS1B,0.2425,0.3518,0.9092
Lung_Squamous,ATP6V1F,0.1868,0.4592,0.9088
Lung_Squamous,RAB5C,0.2641,0.3213,0.8966
Lung_Squamous,CREB3,0.3511,0.2374,0.8733
Lung_Squamous,ALDOA,0.1189,0.7225,0.8695
Lung_Squamous,COA6,0.2995,0.2794,0.8629
Lung_Squamous,EXOSC3,0.392,0.2096,0.8516
Lung_Squamous,GSTO1,0.2077,0.4072,0.8514
Lung_Squamous,RAB40B,0.4017,0.2037,0.8449
Lung_Squamous,ACP1,0.2043,0.4134,0.8441
Lung_Squamous,RAB18,0.2931,0.2839,0.8426
Lung_Squamous,AP2M1,0.1641,0.5172,0.8359
Lung_Squamous,EIF2B5,0.4127,0.1965,0.8291
Lung_Squamous,MAGEA1,0.5318,0.1482,0.8181
Lung_Squamous,PACSIN3,0.4361,0.1841,0.8165
Lung_Squamous,CD2BP2,0.325,0.2522,0.8136
Lung_Squamous,NDUFAF8,0.238,0.35,0.8102
Lung_Squamous,DNAJB11,0.2656,0.3109,0.7983
Lung_Squamous,MRPS17,0.4142,0.1927,0.7947
Lung_Squamous,TRIM16L,0.4492,0.176,0.7913
Lung_Squamous,HDDC2,0.3054,0.2674,0.7905
Lung_Squamous,GPR108,0.4036,0.1977,0.7886
Lung_Squamous,GSTM4,0.4497,0.1755,0.7879
Lung_Squamous,HTATIP2,0.2465,0.335,0.7827
Lung_Squamous,CLEC2L,0.8536,0.0826,0.7754
Lung_Squamous,PSMC2,0.2793,0.2927,0.7739
Lung_Squamous,RBM8A,0.1874,0.4458,0.7726
Lung_Squamous,CPSF4,0.5202,0.1476,0.7697
Lung_Squamous,RAB7A,0.1908,0.4367,0.7626
Lung_Squamous,TRIM16,0.3688,0.215,0.7528
Lung_Squamous,MRPL36,0.2545,0.3208,0.7469
Lung_Squamous,MRPL51,0.1813,0.4585,0.74
Lung_Squamous,RPS19BP1,0.2056,0.4014,0.7368
Lung_Squamous,NFE2L2,0.215,0.3826,0.7352
Lung_Squamous,UBL4A,0.4308,0.1791,0.7312
Lung_Squamous,PDZD11,0.3496,0.226,0.7292
Lung_Squamous,CHMP5,0.2542,0.3195,0.7278
Lung_Squamous,CLTA,0.1721,0.483,0.727
Lung_Squamous,EIF5A,0.161,0.5181,0.726
Lung_Squamous,JPT1,0.1717,0.4837,0.7189
Lung_Squamous,RANBP1,0.1785,0.4636,0.7112
Lung_Squamous,CNBP,0.1619,0.5112,0.6811
Lung_Squamous,CD9,0.1258,0.6657,0.6797
Lung_Squamous,CPXM2,0.8974,0.0684,0.6697
Lung_Squamous,PGK1,0.1534,0.5385,0.6519
Lung_Squamous,COX7A2L,0.1914,0.4233,0.6273
Lung_Squamous,BUD31,0.2048,0.3925,0.6149
Lung_Squamous,S100A11,0.1138,0.7333,0.6133
Lung_Squamous,COPS6,0.2136,0.3739,0.6034
Lung_Squamous,PFN2,0.2032,0.3942,0.5956
Lung_Squamous,PSMD2,0.1932,0.4158,0.5885
Lung_Squamous,SLC35G1,0.808,0.0712,0.5787
Lung_Squamous,POLR2J,0.2113,0.3755,0.5714
Lung_Squamous,CCT4,0.2092,0.3792,0.5668
Lung_Squamous,MRPL14,0.1977,0.403,0.5606
Lung_Squamous,FKBP1A,0.1708,0.4724,0.5606
Lung_Squamous,MDH2,0.1769,0.4504,0.5103
Lung_Squamous,BEX3,0.1618,0.4948,0.492
Lung_Squamous,PSMB5,0.1812,0.4368,0.4889
Lung_Squamous,GSTP1,0.1175,0.6976,0.4834
Lung_Squamous,SNU13,0.1763,0.4498,0.4816
Lung_Squamous,CCL18,0.7226,0.074,0.4648
Lung_Squamous,RHEB,0.1874,0.4186,0.4618
Lung_Squamous,PSMB2,0.2,0.3888,0.4557
Lung_Squamous,BCAP31,0.1802,0.4358,0.4464
Lung_Squamous,CT83,0.8271,0.0549,0.4196
Lung_Squamous,PDCD6,0.2053,0.3733,0.4091
Lung_Squamous,MORF4L2,0.1962,0.3926,0.4022
Lung_Squamous,CFAP20DC,0.7277,0.0673,0.3972
Lung_Squamous,TSLP,0.7846,0.0578,0.3877
Lung_Squamous,SUMO1,0.1952,0.3927,0.3782
Lung_Squamous,ILF2,0.2003,0.381,0.3747
Lung_Squamous,ARPC1A,0.1854,0.4156,0.3684
Lung_Squamous,SNRPB,0.155,0.5075,0.3665
Lung_Squamous,CLDN20,0.9363,0.0377,0.3638
Lung_Squamous,H2AZ1,0.1497,0.5261,0.3516
Lung_Squamous,SNX3,0.1898,0.403,0.3505
Lung_Squamous,PSMD8,0.1843,0.4158,0.3398
Lung_Squamous,LRRC4,0.7049,0.0655,0.3321
Lung_Squamous,MTCH1,0.1986,0.3806,0.3276
Lung_Squamous,TUBB,0.146,0.5386,0.3254
Lung_Squamous,KRTAP19-1,0.7893,0.0516,0.3243
Lung_Squamous,SOHLH1,0.7851,0.0517,0.3189
Lung_Squamous,TM4SF1,0.1479,0.5303,0.3166
Lung_Squamous,FMR1NB,0.8002,0.0487,0.3088
Lung_Squamous,VMAC,0.7295,0.0572,0.2846
Lung_Squamous,SLC25A5,0.1401,0.5601,0.282
Lung_Squamous,LSM4,0.1848,0.4077,0.2612
Lung_Squamous,SELENOH,0.1866,0.4025,0.2529
Lung_Squamous,GAPDH,0.0955,0.8488,0.2526
Lung_Squamous,MMP12,0.9069,0.0298,0.2392
Lung_Squamous,RAB5IF,0.1869,0.4,0.2327
Lung_Squamous,GID4,0.7618,0.0474,0.2312
Lung_Squamous,C1QTNF1,0.7414,0.0506,0.2311
Lung_Squamous,CABYR,0.7559,0.048,0.2267
Lung_Squamous,DMRT2,0.8379,0.0355,0.2134
Lung_Squamous,GADD45GIP1,0.1879,0.395,0.2058
Lung_Squamous,SRSF2,0.1836,0.4055,0.2008
Lung_Squamous,PERP,0.1244,0.6314,0.196
Lung_Squamous,KRT31,0.7412,0.0466,0.1849
Lung_Squamous,MFSD2B,0.8307,0.0334,0.1789
Lung_Squamous,THEMIS,0.9384,0.0212,0.1768
Lung_Squamous,ANXA1,0.1385,0.5579,0.1762
Lung_Squamous,NDUFA11,0.1678,0.448,0.1753
Lung_Squamous,CHCHD2,0.1263,0.6188,0.1749
Lung_Squamous,ATP13A5,0.8284,0.0333,0.1741
Lung_Squamous,TSPO,0.1567,0.4842,0.1699
Lung_Squamous,C1QBP,0.1878,0.3921,0.1678
Lung_Squamous,ENO1,0.1246,0.6274,0.1656
Lung_Squamous,SERP1,0.1515,0.5024,0.1598
Lung_Squamous,PSMA1,0.194,0.3763,0.1573
Lung_Squamous,H3C8,0.8658,0.0271,0.1555
Lung_Squamous,NDUFB9,0.1507,0.5044,0.1459
Lung_Squamous,AP2S1,0.1846,0.3974,0.1379
Lung_Squamous,GLI1,0.8966,0.0219,0.1359
Lung_Squamous,ARPC5,0.1888,0.385,0.1153
Lung_Squamous,NTF3,0.8346,0.0266,0.1067
Lung_Squamous,ATP5MC3,0.1492,0.5066,0.1026
Lung_Squamous,ADCY10,0.9109,0.0175,0.1022
Lung_Squamous,CARD18,0.9648,0.012,0.1015
Lung_Squamous,HPSE,0.7094,0.0445,0.1005
Lung_Squamous,RAB23,0.7565,0.0368,0.0999
Lung_Squamous,RBM11,0.8218,0.0275,0.0985
Lung_Squamous,LRRC38,0.957,0.0122,0.0952
Lung_Squamous,ALOX15,0.8586,0.0221,0.0885
Lung_Squamous,NKX2-8,0.7565,0.0358,0.088
Lung_Squamous,EIF2S2,0.1784,0.4092,0.0843
Lung_Squamous,ARHGEF39,0.692,0.0458,0.0802
Lung_Squamous,C16orf95,0.7641,0.0338,0.0784
Lung_Squamous,C7orf31,0.8031,0.0278,0.0737
Lung_Squamous,BORCS6,0.7233,0.0398,0.0731
Lung_Squamous,ZNF57,0.7506,0.0351,0.0697
Lung_Squamous,CYP26A1,0.8125,0.0262,0.0696
Lung_Squamous,OIP5,0.6941,0.0445,0.0694
Lung_Squamous,DLX6,0.7349,0.0373,0.067
Lung_Squamous,PRB3,0.9481,0.0105,0.0657
Lung_Squamous,DNASE1L3,0.8574,0.0201,0.0644
Lung_Squamous,XCL1,0.8623,0.0194,0.063
Lung_Squamous,VSTM5,0.9439,0.0107,0.0629
Lung_Squamous,C1QTNF12,0.7174,0.0397,0.0608
Lung_Squamous,EIF1,0.1131,0.6891,0.0589
Lung_Squamous,FOXL2,0.9531,0.0094,0.0588
Lung_Squamous,DACT2,0.8562,0.0198,0.0585
Lung_Squamous,CAPN14,0.8454,0.021,0.0574
Lung_Squamous,LNP1,0.8003,0.0267,0.056
Lung_Squamous,LAMTOR4,0.1572,0.4727,0.0558
Lung_Squamous,SUMO2,0.1355,0.5609,0.0506
Lung_Squamous,NTF4,0.711,0.0399,0.0505
Lung_Squamous,NDUFB4,0.1685,0.4344,0.0452
Lung_Squamous,ADAD2,0.959,0.0077,0.0452
Lung_Squamous,LDHC,0.8413,0.0203,0.0443
Lung_Squamous,IL36RN,0.9064,0.0128,0.044
Lung_Squamous,MPP4,0.8941,0.0138,0.0397
Lung_Squamous,LGI3,0.8921,0.014,0.0397
Lung_Squamous,SLC52A1,0.8219,0.0223,0.0391
Lung_Squamous,VIT,0.8494,0.0186,0.0363
Lung_Squamous,DSG4,0.9833,0.0045,0.0341
Lung_Squamous,C4orf17,0.9742,0.0052,0.0335
Lung_Squamous,CCL13,0.9623,0.0063,0.0328
Lung_Squamous,VARS2,0.6924,0.0416,0.0322
Lung_Squamous,HOXB1,0.9809,0.0045,0.0317
Lung_Squamous,KDELR2,0.1797,0.401,0.0312
Lung_Squamous,FGF19,0.8522,0.0177,0.0298
Lung_Squamous,PAGE1,0.8709,0.0153,0.0269
Lung_Squamous,IRS4,0.9903,0.0031,0.0253
Lung_Squamous,MYPOP,0.7027,0.0391,0.0247
Lung_Squamous,FEZF1,0.9156,0.0101,0.0241
Lung_Squamous,FGF11,0.7837,0.0262,0.0241
Lung_Squamous,PROB1,0.9297,0.0086,0.0227
Lung_Squamous,ADAT3,0.8091,0.0224,0.0203
Lung_Squamous,VSIG10L,0.881,0.0135,0.0199
Lung_Squamous,PRDX6,0.153,0.4846,0.0176
Lung_Squamous,SLAMF9,0.9333,0.0077,0.0164
Lung_Squamous,CSN1S1,0.9599,0.005,0.0159
Lung_Squamous,MOCOS,0.7364,0.0326,0.0151
Lung_Squamous,PAK6,0.6945,0.0397,0.0149
Lung_Squamous,MTFR2,0.8074,0.0219,0.0125
Lung_Squamous,HR,0.7168,0.0355,0.0118
Lung_Squamous,LORICRIN,0.9724,0.0033,0.0096
Lung_Squamous,ASB10,0.9918,0.0015,0.0095
Lung_Squamous,PPP1R3G,0.7845,0.0246,0.0076
Lung_Squamous,KRTAP3-2,0.9939,0.0012,0.0071
Lung_Squamous,HMGA1,0.1619,0.4524,0.0069
Lung_Squamous,TREML1,0.9863,0.0017,0.0051
Lung_Squamous,THEM5,0.9522,0.0047,0.0041
Lung_Squamous,KIR2DL3,0.9919,0.001,0.0033
Lung_Squamous,RAD51AP2,0.9486,0.0049,0.0022
Lung_Squamous,KRTAP20-2,0.9973,0.0004,0.0021
Lung_Squamous,USH1G,0.9506,0.0047,0.0018
Lung_Squamous,PLA2G3,0.949,0.0048,0.0016
Lung_Squamous,CCDC116,0.9774,0.0021,0.0015
Lung_Squamous,GJB7,0.8787,0.0122,0.0013
Lung_Squamous,TMEM102,0.7078,0.0361,0.0012
Lung_Squamous,C19orf53,0.1766,0.407,0.0012
Lung_Squamous,LILRB5,0.9818,0.0017,0.0012
Lung_Squamous,NLRP6,0.9881,0.0012,0.0011
Lung_Squamous,TRIML1,0.9878,0.0011,0.0006
Lung_Squamous,TMEM253,0.93,0.0066,0.0004
Lung_Squamous,CCER1,0.9927,0.0007,0.0002
Lung_Squamous,KRT85,0.9791,0.0019,0.0001
Melanoma,PMEL,0.8581,0.6019,6.7331
Melanoma,TYR,0.9517,0.4612,5.2356
Melanoma,MLANA,0.5454,0.4371,4.1767
Melanoma,APOD,0.385,0.4975,4.1044
Melanoma,CAPN3,0.7029,0.3916,4.066
Melanoma,SERPINE2,0.299,0.5435,3.8848
Melanoma,MIA,0.4394,0.4123,3.4498
Melanoma,SDCBP,0.2223,0.5803,3.1525
Melanoma,PRAME,0.3113,0.4627,3.0906
Melanoma,S100B,0.2272,0.5498,2.9002
Melanoma,GPR143,0.7129,0.2766,2.7674
Melanoma,PLP1,0.4197,0.3538,2.6719
Melanoma,A2M,0.4875,0.3183,2.5974
Melanoma,DCT,0.8297,0.2354,2.4928
Melanoma,AP1S2,0.3067,0.4147,2.4922
Melanoma,MITF,0.5304,0.2865,2.3984
Melanoma,ST3GAL4,0.5276,0.2853,2.3752
Melanoma,VAT1,0.2893,0.4212,2.3704
Melanoma,ANXA5,0.1941,0.5689,2.3691
Melanoma,CTSK,0.6217,0.2481,2.2352
Melanoma,FBXO7,0.303,0.3722,1.9661
Melanoma,SLC24A5,0.8097,0.1915,1.9594
Melanoma,SLC45A2,0.846,0.1851,1.939
Melanoma,CDH19,0.6933,0.2054,1.9121
Melanoma,MCAM,0.6015,0.2197,1.8549
Melanoma,BIRC7,0.6801,0.2018,1.8425
Melanoma,CDK2,0.5253,0.2357,1.7977
Melanoma,CYP27A1,0.4566,0.2553,1.7353
Melanoma,SERPINA3,0.4282,0.2649,1.7008
Melanoma,ATP6V1B2,0.3699,0.2927,1.6508
Melanoma,TYRP1,0.9378,0.1482,1.6322
Melanoma,ROPN1B,0.861,0.1557,1.6237
Melanoma,CSRP1,0.2618,0.3877,1.6237
Melanoma,SOX10,0.6767,0.1731,1.5058
Melanoma,TPP1,0.2806,0.3507,1.4552
Melanoma,PLOD3,0.3508,0.2879,1.4494
Melanoma,SLC26A2,0.4916,0.2157,1.438
Melanoma,CSPG4,0.5251,0.2043,1.4368
Melanoma,EDNRB,0.4229,0.2436,1.4267
Melanoma,MBP,0.3789,0.2656,1.4046
Melanoma,LOXL4,0.6442,0.1682,1.3758
Melanoma,WARS1,0.2505,0.3778,1.3389
Melanoma,DUSP6,0.2798,0.3406,1.3294
Melanoma,SRPX,0.4734,0.2122,1.3193
Melanoma,ROPN1,0.8958,0.1246,1.312
Melanoma,IGSF8,0.3883,0.2447,1.2294
Melanoma,TBC1D7,0.4149,0.2286,1.2096
Melanoma,CRTAP,0.3368,0.276,1.1941
Melanoma,SHC1,0.3027,0.3042,1.1829
Melanoma,NME2,0.1648,0.544,1.166
Melanoma,FAM167B,0.865,0.1151,1.1634
Melanoma,PSMB4,0.1725,0.5197,1.1591
Melanoma,PPT2,0.5536,0.1713,1.1566
Melanoma,TRIM63,0.977,0.1025,1.1509
Melanoma,NT5DC3,0.3923,0.2348,1.1421
Melanoma,HEXA,0.3128,0.2913,1.1421
Melanoma,C11orf24,0.4816,0.1932,1.1378
Melanoma,TNFRSF14,0.3386,0.2672,1.1089
Melanoma,TRPM1,0.938,0.1024,1.108
Melanoma,EIF3C,0.2141,0.416,1.0978
Melanoma,CTSB,0.1729,0.511,1.0742
Melanoma,SUMF2,0.269,0.3306,1.0726
Melanoma,ETV5,0.4606,0.1952,1.0661
Melanoma,OSTM1,0.5027,0.1769,1.0381
Melanoma,H2AC19,0.4684,0.1896,1.0379
Melanoma,FDFT1,0.2814,0.3132,1.037
Melanoma,LZTS1,0.6603,0.1348,1.03
Melanoma,CA14,0.7552,0.1172,1.0192
Melanoma,ABCB5,0.6923,0.1273,1.014
Melanoma,MPV17,0.3095,0.282,1.0006
Melanoma,SCAMP3,0.3259,0.2668,0.9898
Melanoma,QPCT,0.3085,0.2814,0.9844
Melanoma,STXBP1,0.3204,0.2708,0.9827
Melanoma,EGFL8,0.6674,0.128,0.9685
Melanoma,MFGE8,0.2851,0.3029,0.964
Melanoma,TRPV2,0.7141,0.119,0.963
Melanoma,SYNGR1,0.3734,0.2302,0.9603
Melanoma,PLEKHB1,0.4011,0.2134,0.9531
Melanoma,ASAH1,0.2214,0.3898,0.9508
Melanoma,BIN3,0.5372,0.1575,0.9433
Melanoma,PSEN2,0.6172,0.136,0.9388
Melanoma,DDOST,0.2133,0.4028,0.9272
Melanoma,TRIML2,0.9416,0.0847,0.9083
Melanoma,RGS20,0.6422,0.1272,0.9004
Melanoma,GYG2,0.6508,0.1244,0.8886
Melanoma,GPNMB,0.1855,0.4607,0.8883
Melanoma,CD58,0.3859,0.2154,0.8777
Melanoma,GAPDHS,0.8999,0.0848,0.8602
Melanoma,GPS1,0.3057,0.2728,0.8564
Melanoma,NPC1,0.533,0.1504,0.8481
Melanoma,WDFY1,0.431,0.1887,0.8424
Melanoma,NUP93,0.4603,0.1753,0.8367
Melanoma,PLOD1,0.3563,0.2303,0.8328
Melanoma,RELL1,0.3853,0.2113,0.8267
Melanoma,RPUSD3,0.4276,0.1884,0.8211
Melanoma,ENTHD1,0.9776,0.0735,0.8192
Melanoma,CHCHD6,0.3551,0.2291,0.8094
Melanoma,ECM1,0.4561,0.1737,0.7979
Melanoma,MRPS24,0.3005,0.2725,0.795
Melanoma,PRKAR1A,0.2224,0.3742,0.792
Melanoma,ARF1,0.1681,0.4957,0.7322
Melanoma,ARL2,0.2698,0.2973,0.7003
Melanoma,GLMP,0.2583,0.3114,0.6976
Melanoma,CALU,0.2345,0.3429,0.6661
Melanoma,SGK1,0.2234,0.3604,0.6533
Melanoma,ATP6AP1,0.2597,0.3055,0.6505
Melanoma,PIGT,0.2628,0.3008,0.6422
Melanoma,EIF3L,0.1819,0.448,0.6362
Melanoma,STIP1,0.2712,0.288,0.6134
Melanoma,VIM,0.1144,0.7284,0.6078
Melanoma,HEXB,0.2628,0.2971,0.5999
Melanoma,ADIPOR1,0.249,0.3154,0.5979
Melanoma,CTSL,0.2455,0.3197,0.5911
Melanoma,SARS1,0.2626,0.2959,0.584
Melanoma,GSN,0.2022,0.3945,0.5765
Melanoma,MRPS6,0.2353,0.3336,0.5722
Melanoma,TRIM51,0.9813,0.0473,0.5226
Melanoma,CD63,0.1266,0.6469,0.5141
Melanoma,GRN,0.1894,0.4169,0.498
Melanoma,HSPA9,0.2309,0.3332,0.4888
Melanoma,MMP8,0.9853,0.0389,0.4305
Melanoma,IMPDH2,0.2184,0.3496,0.4278
Melanoma,GYPC,0.2462,0.3037,0.4193
Melanoma,HM13,0.229,0.3281,0.3933
Melanoma,LDHB,0.1414,0.5626,0.3762
Melanoma,CYB5R3,0.2386,0.3109,0.3716
Melanoma,LAMP2,0.2374,0.3122,0.3655
Melanoma,PPT1,0.2463,0.2987,0.3633
Melanoma,RNASEK,0.2031,0.3737,0.3602
Melanoma,CTNNB1,0.1962,0.3888,0.3578
Melanoma,CCT3,0.182,0.4217,0.3385
Melanoma,OR7A5,0.9724,0.0294,0.309
Melanoma,MIF,0.1167,0.6837,0.2668
Melanoma,EIF3D,0.2119,0.3467,0.2554
Melanoma,HSP90AB1,0.125,0.6326,0.2506
Melanoma,SDHB,0.2475,0.2867,0.2457
Melanoma,LGALS1,0.1394,0.5595,0.2393
Melanoma,CHRNA6,0.9603,0.0239,0.233
Melanoma,ATP6V1E1,0.2315,0.3077,0.2065
Melanoma,HSPA8,0.1313,0.5948,0.2023
Melanoma,MDH1,0.1899,0.389,0.1923
Melanoma,ARF4,0.2146,0.3355,0.1858
Melanoma,ACTG1,0.1096,0.7248,0.1828
Melanoma,COPZ1,0.2354,0.2981,0.1692
Melanoma,EIF3I,0.1922,0.381,0.1634
Melanoma,RPL4,0.1143,0.69,0.1628
Melanoma,RPN1,0.2212,0.3207,0.1549
Melanoma,TMEM230,0.2012,0.3598,0.1526
Melanoma,PTTG1IP,0.1803,0.4097,0.1499
Melanoma,CAMK1G,0.9591,0.0164,0.1456
Melanoma,YIPF3,0.238,0.2919,0.1434
Melanoma,ATP5F1C,0.1819,0.4045,0.1377
Melanoma,ZNF207,0.2409,0.2866,0.1332
Melanoma,KLHL38,0.9849,0.0123,0.1261
Melanoma,XAGE3,0.9788,0.0123,0.1197
Melanoma,CD44,0.1899,0.3809,0.0996
Melanoma,CHP1,0.2059,0.3445,0.0917
Melanoma,RHOA,0.1661,0.4455,0.0875
Melanoma,CNIH4,0.217,0.3225,0.087
Melanoma,IL17B,0.9706,0.0098,0.0817
Melanoma,SPATA31A1,0.9919,0.0071,0.0728
Melanoma,C1orf43,0.1939,0.3691,0.0726
Melanoma,XKR3,0.9636,0.0092,0.0675
Melanoma,NGRN,0.2184,0.3182,0.0674
Melanoma,OR56A1,0.9782,0.0076,0.0645
Melanoma,PTCRA,0.9836,0.0064,0.057
Melanoma,GPI,0.2142,0.3248,0.0553
Melanoma,TGIF2LX,0.9923,0.0054,0.0537
Melanoma,TIMP1,0.1651,0.4458,0.053
Melanoma,LHFPL1,0.9749,0.0068,0.052
Melanoma,CCDC179,0.9797,0.0062,0.05
Melanoma,IFI16,0.199,0.3549,0.0419
Melanoma,NMRK2,0.9613,0.007,0.0399
Melanoma,ATP1A1,0.1746,0.4158,0.039
Melanoma,VPS28,0.2218,0.3092,0.0357
Melanoma,GNG5,0.1796,0.4015,0.035
Melanoma,CD5L,0.9685,0.0058,0.0344
Melanoma,OR52E4,0.992,0.0037,0.034
Melanoma,OR7C1,0.9791,0.0048,0.0334
Melanoma,EIF4H,0.2022,0.3467,0.0271
Melanoma,OTOR,0.9777,0.0043,0.0268
Melanoma,LHB,0.9536,0.0065,0.0262
Melanoma,RPN2,0.1796,0.4009,0.0261
Melanoma,CCT7,0.1915,0.3706,0.0257
Melanoma,OC90,0.9939,0.0027,0.0244
Melanoma,OR52N1,0.9933,0.0027,0.0243
Melanoma,ERVFRD-1,0.9722,0.0045,0.0235
Melanoma,HSD3B1,0.9687,0.0048,0.0228
Melanoma,DCSTAMP,0.9655,0.005,0.0218
Melanoma,SPRR4,0.9918,0.0026,0.0217
Melanoma,ZNF648,0.964,0.0051,0.0215
Melanoma,OTOA,0.9561,0.0058,0.0207
Melanoma,PKD1L1,0.9631,0.0051,0.02
Melanoma,SPATA31A6,0.9916,0.0024,0.0192
Melanoma,HSD3B2,0.9922,0.0023,0.0191
Melanoma,NBPF6,0.9611,0.005,0.0164
Melanoma,OR56B1,0.9909,0.0022,0.0155
Melanoma,TEX19,0.9852,0.0027,0.0155
Melanoma,CHRNG,0.9873,0.0024,0.0152
Melanoma,TSPY8,0.9949,0.0017,0.0145
Melanoma,CABP5,0.9706,0.0038,0.0134
Melanoma,OR56A3,0.9937,0.0017,0.0127
Melanoma,KRT12,0.9689,0.0038,0.0115
Melanoma,OR6K3,0.992,0.0017,0.0109
Melanoma,OR2L2,0.9744,0.003,0.0086
Melanoma,FRG2B,0.9943,0.0012,0.0085
Melanoma,HSPA12B,0.9511,0.0052,0.0084
Melanoma,OR51Q1,0.9928,0.0013,0.0081
Melanoma,LDHAL6B,0.9724,0.0032,0.0079
Melanoma,CCR8,0.9917,0.0014,0.0078
Melanoma,SCARA5,0.9802,0.0024,0.0075
Melanoma,IQCF3,0.9704,0.0033,0.0075
Melanoma,GPR55,0.9546,0.0047,0.0069
Melanoma,RIMBP3B,0.992,0.0013,0.0068
Melanoma,OR4D1,0.9921,0.0013,0.0068
Melanoma,TCHHL1,0.9933,0.0012,0.0066
Melanoma,OR11H12,0.9886,0.0016,0.0064
Melanoma,TNN,0.9773,0.0026,0.0063
Melanoma,FAM9A,0.982,0.0021,0.0062
Melanoma,RGS9BP,0.9608,0.0041,0.0056
Melanoma,CLEC4C,0.9576,0.0043,0.0055
Melanoma,TEX28,0.9976,0.0007,0.0052
Melanoma,RIMBP3,0.9888,0.0014,0.0052
Melanoma,KRT71,0.9955,0.0008,0.0047
Melanoma,CCT8,0.1991,0.3514,0.0046
Melanoma,TAS2R39,0.9858,0.0017,0.0045
Melanoma,OR2M5,0.9917,0.0011,0.0044
Melanoma,OR51T1,0.9991,0.0005,0.0044
Melanoma,KDM4E,0.9882,0.0014,0.0044
Melanoma,OR14I1,0.9968,0.0007,0.0042
Melanoma,TAS2R40,0.9836,0.0018,0.0035
Melanoma,KRTAP1-3,0.9971,0.0006,0.0035
Melanoma,LLCFC1,0.9978,0.0005,0.0034
Melanoma,KCNE2,0.9497,0.0049,0.0034
Melanoma,MAGEB3,0.9918,0.001,0.0034
Melanoma,PATE3,0.9936,0.0008,0.0032
Melanoma,KRTAP24-1,0.9988,0.0003,0.0025
Melanoma,ADRB3,0.9951,0.0006,0.0021
Melanoma,TMEM207,0.9949,0.0006,0.002
Melanoma,OR11H1,0.9918,0.0009,0.0017
Melanoma,MAS1L,0.9994,0.0002,0.0017
Melanoma,CETN1,0.9965,0.0004,0.0016
Melanoma,ITLN2,0.983,0.0016,0.0015
Melanoma,PATE1,0.9852,0.0014,0.0015
Melanoma,UNC45B,0.9833,0.0016,0.0014
Melanoma,LRRC10,0.9632,0.0035,0.0013
Melanoma,FAM187B,0.9958,0.0005,0.0013
Melanoma,PSG3,0.9938,0.0007,0.0012
Melanoma,OR6A2,0.9819,0.0017,0.001
Melanoma,TSSK2,0.9915,0.0008,0.001
Melanoma,ODF3L2,0.9823,0.0016,0.0009
Melanoma,OR2B11,0.9919,0.0008,0.0007
Melanoma,MEPE,0.9925,0.0007,0.0006
Melanoma,UBTFL1,0.9815,0.0017,0.0004
Melanoma,KRTAP13-4,0.9992,0.0001,0.0003
Melanoma,C16orf82,0.9945,0.0005,0.0003
Melanoma,OR51F2,0.9969,0.0003,0.0001
Melanoma,OR5B21,0.9933,0.0006,0.0001
Melanoma,DEFB108B,0.9978,0.0002,0.0001
Melanoma,C11orf91,0.9631,0.0034,0.0001
Melanoma,ADAM30,0.9962,0.0003,0
MM,TENT5C,0.6055,0.4122,4.0733
MM,JCHAIN,0.2426,0.6242,4.0316
MM,SLAMF7,0.7028,0.3636,3.7448
MM,UBE2J1,0.3159,0.5086,3.6638
MM,FKBP11,0.3312,0.4777,3.4557
MM,DERL3,0.5992,0.3571,3.4241
MM,SYVN1,0.3682,0.4103,2.9872
MM,HSP90B1,0.1541,0.7252,2.8239
MM,MZB1,0.2064,0.5742,2.7364
MM,TNFRSF17,0.4592,0.3405,2.7251
MM,IRF4,0.4864,0.3172,2.5797
MM,SSR4,0.1441,0.7249,2.3694
MM,TXNDC5,0.538,0.2662,2.1926
MM,PRDM1,0.5439,0.2591,2.1316
MM,SEL1L,0.2995,0.3851,2.0745
MM,ITGB7,0.6357,0.2144,1.8845
MM,BMP6,0.8912,0.1714,1.8418
MM,SRPRA,0.3156,0.3479,1.8189
MM,CD38,0.4141,0.2739,1.7245
MM,CDV3,0.2655,0.3875,1.6752
MM,HLA-B,0.1258,0.7512,1.6589
MM,CCR2,0.8026,0.1652,1.6477
MM,MAN1A1,0.3858,0.2711,1.515
MM,TXNDC11,0.3885,0.2648,1.4612
MM,CCPG1,0.3332,0.2996,1.4329
MM,CPNE5,0.6249,0.1669,1.3126
MM,SPCS3,0.2313,0.3992,1.2516
MM,KLF13,0.432,0.2221,1.231
MM,GPRC5D,0.8868,0.118,1.2254
MM,CKAP4,0.3196,0.2925,1.2243
MM,ADA2,0.4799,0.201,1.2198
MM,SLC1A4,0.4685,0.204,1.2037
MM,BMI1,0.4681,0.2025,1.1842
MM,LAX1,0.6817,0.1436,1.179
MM,FRZB,0.321,0.2865,1.1683
MM,C17orf49,0.3676,0.2509,1.1557
MM,MEI1,0.7946,0.1216,1.1357
MM,SSR3,0.19,0.4709,1.1356
MM,MTDH,0.1729,0.5146,1.1149
MM,KRTCAP2,0.1813,0.4909,1.1102
MM,SUB1,0.1544,0.5731,1.0914
MM,MANF,0.2559,0.347,1.07
MM,LILRB4,0.805,0.1112,1.0325
MM,SSR1,0.2575,0.3369,0.9775
MM,MBD2,0.4021,0.2144,0.97
MM,PECAM1,0.4003,0.2142,0.9571
MM,CLPTM1L,0.255,0.3376,0.948
MM,FCRL5,0.4963,0.1704,0.9385
MM,SEC14L1,0.3858,0.2196,0.9251
MM,SEL1L3,0.3282,0.2591,0.9225
MM,HSPA5,0.159,0.5414,0.9139
MM,MANEA,0.6542,0.1258,0.9137
MM,IFNAR2,0.4472,0.186,0.8958
MM,SPCS1,0.1791,0.4765,0.8775
MM,ST6GAL1,0.3541,0.2356,0.8756
MM,LRRD1,0.8513,0.0898,0.8543
MM,ELL2,0.3334,0.2481,0.8445
MM,ZBTB38,0.3207,0.2584,0.8432
MM,CREB3L2,0.3385,0.2436,0.8379
MM,TRAM1,0.1959,0.4288,0.8093
MM,TXNDC15,0.3775,0.2118,0.7778
MM,RHOQ,0.4947,0.1554,0.7603
MM,MAN2A1,0.4026,0.1948,0.7494
MM,ERLEC1,0.2962,0.2722,0.7431
MM,FBXW7,0.4303,0.18,0.7387
MM,HYOU1,0.3757,0.2082,0.7252
MM,XBP1,0.1509,0.5519,0.6977
MM,LIME1,0.6243,0.1104,0.6639
MM,S100A5,0.8031,0.0789,0.659
MM,USF1,0.4574,0.1591,0.6375
MM,MAN2B1,0.4373,0.1663,0.6194
MM,KCNA3,0.8137,0.0735,0.6132
MM,ZBP1,0.8139,0.0734,0.6127
MM,AMPD1,0.9793,0.0546,0.6047
MM,ALDH1L2,0.7701,0.0769,0.5823
MM,HLA-C,0.1295,0.6345,0.5528
MM,PDIA6,0.1725,0.4642,0.5234
MM,POU2AF1,0.2462,0.3119,0.5137
MM,TMED5,0.4003,0.1748,0.5055
MM,LMAN1,0.229,0.3376,0.5018
MM,STT3B,0.3239,0.2256,0.4984
MM,FICD,0.715,0.0776,0.4904
MM,DNAJC10,0.3263,0.2217,0.4759
MM,IFNAR1,0.3456,0.2065,0.4734
MM,PABPC4,0.2947,0.25,0.4724
MM,PTK2B,0.4686,0.1401,0.4711
MM,TAPBPL,0.4833,0.1343,0.47
MM,NXPE3,0.5572,0.1087,0.4516
MM,TCF3,0.4677,0.1385,0.4494
MM,GNAS,0.1353,0.5955,0.432
MM,CASP10,0.5845,0.0986,0.4189
MM,ICAM3,0.3322,0.2111,0.4087
MM,DNAJB9,0.2591,0.285,0.4079
MM,ST8SIA4,0.5344,0.1108,0.3984
MM,MOXD1,0.5519,0.1041,0.3816
MM,MIXL1,0.7265,0.0654,0.3735
MM,ARCN1,0.327,0.212,0.3721
MM,SLC44A1,0.2968,0.2376,0.3544
MM,CD48,0.2729,0.2619,0.3375
MM,TAPBP,0.208,0.3617,0.3373
MM,PIM2,0.246,0.296,0.3273
MM,SLAMF1,0.7146,0.0625,0.3169
MM,CCDC142,0.3788,0.169,0.2971
MM,DERL1,0.2965,0.2328,0.2954
MM,ITGA8,0.5165,0.1072,0.2925
MM,DNAJC3,0.2916,0.2363,0.2794
MM,C15orf39,0.57,0.0897,0.2737
MM,FSCN3,0.9149,0.0319,0.2726
MM,IRAK1,0.3188,0.2098,0.2678
MM,ZNF215,0.8508,0.038,0.2605
MM,RRAGD,0.5043,0.1082,0.2567
MM,SEC62,0.1788,0.4229,0.2548
MM,TBCEL,0.7652,0.0481,0.2448
MM,P2RY10,0.6274,0.0729,0.2416
MM,ZNF275,0.5212,0.1012,0.241
MM,SRPRB,0.3106,0.2145,0.2392
MM,HGF,0.6522,0.067,0.2349
MM,CD28,0.9414,0.0258,0.2331
MM,CLIC2,0.5769,0.0841,0.2307
MM,GRK6,0.5223,0.0993,0.2237
MM,C2orf88,0.6089,0.0752,0.2195
MM,CYTIP,0.3664,0.1692,0.2105
MM,HDLBP,0.2005,0.3661,0.209
MM,LILRB1,0.6868,0.0575,0.2026
MM,UBE2QL1,0.6796,0.058,0.1929
MM,CALR,0.1531,0.499,0.1874
MM,CARD9,0.7815,0.0405,0.1842
MM,HLA-E,0.1583,0.4799,0.1839
MM,MORC1,0.927,0.0226,0.1805
MM,CHST15,0.5224,0.0941,0.1643
MM,UGT2B17,0.72,0.0474,0.1545
MM,CANX,0.1663,0.4507,0.1521
MM,CCDC110,0.8171,0.0317,0.1395
MM,JSRP1,0.6509,0.0582,0.1313
MM,TRAM2,0.5024,0.0978,0.1301
MM,PLPP5,0.279,0.2356,0.1159
MM,ENAM,0.9348,0.0158,0.1118
MM,BMP8B,0.7178,0.0438,0.1086
MM,BHLHA15,0.9929,0.0101,0.1081
MM,PLCL2,0.7259,0.042,0.1038
MM,FAM133A,0.8068,0.0298,0.1025
MM,MXD3,0.6204,0.0621,0.0997
MM,RUNX3,0.6676,0.052,0.0986
MM,STT3A,0.3065,0.2057,0.0952
MM,OCSTAMP,0.9911,0.0089,0.0936
MM,XCR1,0.9777,0.0098,0.0897
MM,SELPLG,0.5486,0.0795,0.0886
MM,TMEM52B,0.814,0.0275,0.0869
MM,LRRK1,0.5327,0.084,0.0852
MM,NOMO1,0.5288,0.0851,0.0845
MM,C21orf91,0.5503,0.0787,0.0844
MM,FBH1,0.5013,0.0939,0.0821
MM,CYSLTR1,0.564,0.0735,0.0697
MM,TLR6,0.8175,0.0255,0.0694
MM,USO1,0.3404,0.1748,0.0653
MM,ABCG2,0.68,0.0463,0.0604
MM,MAN1A2,0.293,0.2156,0.0578
MM,HERC5,0.6732,0.0472,0.0557
MM,CRYBB1,0.9511,0.0093,0.0555
MM,BTN1A1,0.9631,0.0082,0.0552
MM,BTLA,0.5684,0.0711,0.0551
MM,E2F2,0.7911,0.0278,0.055
MM,LAMP3,0.5802,0.0678,0.0534
MM,SLC39A8,0.3748,0.1501,0.0524
MM,AFF2,0.7904,0.0272,0.0465
MM,NXPE4,0.8885,0.0147,0.0428
MM,IDUA,0.7001,0.0409,0.041
MM,EIF2AK3,0.5424,0.0761,0.0291
MM,BTN3A1,0.5474,0.0739,0.0202
MM,GARS1,0.3158,0.1908,0.02
MM,CSF2RB,0.7882,0.0251,0.0195
MM,GPRIN3,0.6865,0.0414,0.0181
MM,AVEN,0.6838,0.0419,0.0178
MM,CD1D,0.723,0.035,0.0175
MM,UGT3A2,0.9343,0.0076,0.017
MM,ATP8B2,0.6324,0.0521,0.0165
MM,CHST2,0.5708,0.0669,0.0154
MM,MARCHF8,0.6208,0.0545,0.0143
MM,PRDX4,0.1994,0.3516,0.0143
MM,OR4C6,0.9923,0.0017,0.0121
MM,ADGRG5,0.7955,0.0233,0.0097
MM,ACVR1C,0.8819,0.0125,0.0096
MM,RIMBP3C,0.9942,0.0013,0.0096
MM,CD200R1,0.9111,0.0093,0.0095
MM,SEC61B,0.1589,0.4626,0.0091
MM,MC4R,0.8534,0.0156,0.0065
MM,KIR3DL2,0.9892,0.0014,0.0056
MM,MYL2,0.9257,0.0074,0.0048
MM,EVI2A,0.3633,0.1532,0.0036
MM,CHRM4,0.9924,0.0009,0.0025
MM,PLAC1,0.8507,0.0155,0.0017
Neuroblastoma,STMN2,0.4776,0.625,6.0703
Neuroblastoma,NPY,0.3868,0.483,3.951
Neuroblastoma,HAND2,0.9021,0.3329,3.7071
Neuroblastoma,RBMS3,0.5012,0.403,3.6238
Neuroblastoma,PHOX2A,0.9146,0.3178,3.5489
Neuroblastoma,ELAVL4,0.3933,0.4404,3.5046
Neuroblastoma,CNTNAP2,0.4144,0.4135,3.326
Neuroblastoma,RTN1,0.2973,0.4921,3.2756
Neuroblastoma,RBFOX1,0.5215,0.3317,2.8841
Neuroblastoma,ZFHX3,0.3084,0.4472,2.8829
Neuroblastoma,ZNF804A,0.5128,0.3297,2.8285
Neuroblastoma,DBH,0.8252,0.2542,2.7012
Neuroblastoma,PRPH,0.7006,0.2723,2.6936
Neuroblastoma,MARCHF11,0.5954,0.2939,2.6887
Neuroblastoma,EBF1,0.4926,0.3214,2.6542
Neuroblastoma,TH,0.901,0.2354,2.5876
Neuroblastoma,STMN4,0.3907,0.3567,2.5284
Neuroblastoma,CACNA2D3,0.6856,0.2605,2.5267
Neuroblastoma,NRG1,0.5751,0.2806,2.4778
Neuroblastoma,SCN9A,0.6514,0.2577,2.4189
Neuroblastoma,EML5,0.7382,0.2416,2.4143
Neuroblastoma,TTC9B,0.6931,0.2482,2.4024
Neuroblastoma,KCNQ5,0.6321,0.2588,2.3842
Neuroblastoma,TENM3,0.5654,0.2739,2.3708
Neuroblastoma,RYR2,0.7143,0.2389,2.3383
Neuroblastoma,NREP,0.3099,0.3982,2.3375
Neuroblastoma,LINGO2,0.8816,0.214,2.3178
Neuroblastoma,ELAVL2,0.5569,0.2714,2.3147
Neuroblastoma,IL7,0.6855,0.238,2.2687
Neuroblastoma,TMOD1,0.3839,0.3334,2.2164
Neuroblastoma,RGS7,0.6162,0.2473,2.2119
Neuroblastoma,PEG3,0.6396,0.2407,2.1955
Neuroblastoma,MYT1L,0.7143,0.2261,2.1914
Neuroblastoma,MAPT,0.3084,0.3844,2.1638
Neuroblastoma,NXPH1,0.3963,0.3212,2.158
Neuroblastoma,NALF1,0.4344,0.2979,2.1124
Neuroblastoma,DLC1,0.4378,0.2958,2.1067
Neuroblastoma,AUTS2,0.2604,0.4266,2.0488
Neuroblastoma,NBEA,0.4425,0.2886,2.0485
Neuroblastoma,MAP1B,0.2048,0.5168,2.0408
Neuroblastoma,HS3ST5,0.8549,0.191,2.0192
Neuroblastoma,MLLT11,0.2695,0.408,1.966
Neuroblastoma,NSG2,0.6148,0.2221,1.9188
Neuroblastoma,CACNA2D1,0.5285,0.2421,1.8828
Neuroblastoma,SDK1,0.5999,0.2212,1.8682
Neuroblastoma,RUNX1T1,0.5074,0.2471,1.8612
Neuroblastoma,SRRM3,0.5304,0.239,1.8539
Neuroblastoma,TSHZ2,0.3649,0.3134,1.8522
Neuroblastoma,KIF5C,0.3287,0.337,1.8195
Neuroblastoma,PAK3,0.5154,0.2375,1.7815
Neuroblastoma,BASP1,0.2378,0.4315,1.7399
Neuroblastoma,PCSK1N,0.2352,0.4353,1.738
Neuroblastoma,SNAP91,0.6256,0.2034,1.7327
Neuroblastoma,RBFOX2,0.3288,0.3273,1.7106
Neuroblastoma,FGF13,0.3936,0.2834,1.7072
Neuroblastoma,TMEM178B,0.3857,0.2877,1.7054
Neuroblastoma,TMEM132C,0.7083,0.1831,1.6865
Neuroblastoma,SORBS2,0.2939,0.3565,1.6838
Neuroblastoma,GDAP1L1,0.6329,0.1971,1.6791
Neuroblastoma,SYN3,0.6477,0.1877,1.608
Neuroblastoma,SYT1,0.2597,0.3889,1.6073
Neuroblastoma,SCN3B,0.7091,0.1753,1.5992
Neuroblastoma,SLC8A1,0.4332,0.2532,1.5937
Neuroblastoma,PRCD,0.7778,0.1632,1.5851
Neuroblastoma,NEFL,0.4175,0.2589,1.5719
Neuroblastoma,SOX11,0.329,0.315,1.5708
Neuroblastoma,FOXN3,0.3981,0.2689,1.5694
Neuroblastoma,SLIT3,0.7098,0.1722,1.5647
Neuroblastoma,GNG3,0.5422,0.2098,1.5607
Neuroblastoma,ISL1,0.4216,0.2556,1.5573
Neuroblastoma,RAP1GAP2,0.6149,0.1903,1.5551
Neuroblastoma,SGIP1,0.5378,0.208,1.5249
Neuroblastoma,HMX1,0.8375,0.1497,1.5211
Neuroblastoma,CACNA1B,0.7391,0.1618,1.5016
Neuroblastoma,MAB21L1,0.7086,0.1669,1.5013
Neuroblastoma,KCTD16,0.7755,0.1561,1.4995
Neuroblastoma,DGKB,0.4386,0.2413,1.4856
Neuroblastoma,VSTM2A,0.6085,0.1828,1.4515
Neuroblastoma,SYT14,0.6317,0.1761,1.4353
Neuroblastoma,FRRS1L,0.8352,0.1418,1.4284
Neuroblastoma,DCLK1,0.4233,0.2433,1.4262
Neuroblastoma,PTPRN2,0.4022,0.2539,1.4239
Neuroblastoma,PKIA,0.5069,0.2082,1.4135
Neuroblastoma,GPATCH8,0.334,0.2973,1.413
Neuroblastoma,RAB3C,0.686,0.1629,1.409
Neuroblastoma,GRM8,0.7,0.1603,1.4089
Neuroblastoma,CELF4,0.3287,0.3008,1.4056
Neuroblastoma,NTRK1,0.9124,0.1306,1.4007
Neuroblastoma,MAML3,0.3889,0.2588,1.3943
Neuroblastoma,RUNDC3B,0.7,0.1587,1.3908
Neuroblastoma,ANK2,0.3373,0.2917,1.3793
Neuroblastoma,RIMBP2,0.685,0.159,1.3623
Neuroblastoma,TNRC6C,0.406,0.2464,1.3615
Neuroblastoma,B3GALT1,0.8567,0.1322,1.3477
Neuroblastoma,CHRM2,0.9658,0.1203,1.3428
Neuroblastoma,ATP1A3,0.5863,0.1785,1.3401
Neuroblastoma,JPH4,0.7103,0.1519,1.3336
Neuroblastoma,RIMS2,0.388,0.2527,1.3192
Neuroblastoma,HAND1,0.8985,0.1248,1.3173
Neuroblastoma,UPK3B,0.4098,0.2398,1.3084
Neuroblastoma,PCLO,0.3738,0.2581,1.2828
Neuroblastoma,TUBB2B,0.1672,0.5461,1.2775
Neuroblastoma,ELAVL3,0.34,0.2788,1.2547
Neuroblastoma,UCHL1,0.1964,0.4646,1.2346
Neuroblastoma,KANSL1,0.3411,0.2749,1.2181
Neuroblastoma,CTNNA2,0.346,0.2689,1.1922
Neuroblastoma,CADM1,0.2366,0.3852,1.1879
Neuroblastoma,PHF14,0.2675,0.3412,1.1712
Neuroblastoma,LUC7L3,0.1823,0.4932,1.1671
Neuroblastoma,GAP43,0.2436,0.3662,1.092
Neuroblastoma,KIF21A,0.3071,0.2886,1.0516
Neuroblastoma,TLE4,0.3423,0.2585,1.0414
Neuroblastoma,ICA1,0.2963,0.2971,1.0297
Neuroblastoma,SCG2,0.3271,0.2673,1.0065
Neuroblastoma,DPP6,0.2651,0.3296,1.0053
Neuroblastoma,NNAT,0.2715,0.3206,0.9909
Neuroblastoma,CRMP1,0.2821,0.3062,0.9644
Neuroblastoma,TANC2,0.3266,0.2577,0.8918
Neuroblastoma,GLCCI1,0.3134,0.2679,0.8797
Neuroblastoma,ARID1B,0.2938,0.2853,0.8658
Neuroblastoma,BPTF,0.2348,0.3599,0.865
Neuroblastoma,NCAM1,0.2101,0.4022,0.8504
Neuroblastoma,ZFAND3,0.311,0.2649,0.8211
Neuroblastoma,DCAF7,0.3159,0.26,0.8149
Neuroblastoma,ADGRB3,0.2791,0.2911,0.7529
Neuroblastoma,KMT2E,0.2313,0.3526,0.7171
Neuroblastoma,CUX1,0.3047,0.258,0.6753
Neuroblastoma,MAGI2,0.301,0.2606,0.6646
Neuroblastoma,YWHAG,0.2725,0.2902,0.6559
Neuroblastoma,TIMP2,0.2883,0.2724,0.6542
Neuroblastoma,VAMP2,0.1706,0.4809,0.6506
Neuroblastoma,CHD9,0.2659,0.2923,0.5889
Neuroblastoma,SPAG9,0.2841,0.2706,0.5817
Neuroblastoma,NRXN1,0.2807,0.2732,0.5687
Neuroblastoma,CAMTA1,0.2218,0.3546,0.5549
Neuroblastoma,TUBB2A,0.2331,0.3346,0.546
Neuroblastoma,SOX4,0.1486,0.5453,0.5192
Neuroblastoma,CHGB,0.2341,0.3305,0.5154
Neuroblastoma,CLASP2,0.2745,0.2732,0.4889
Neuroblastoma,TNRC6B,0.2633,0.2851,0.4702
Neuroblastoma,FXYD6,0.2272,0.3369,0.4599
Neuroblastoma,TCF4,0.1883,0.4145,0.4389
Neuroblastoma,TTC3,0.1821,0.4278,0.412
Neuroblastoma,TERF2IP,0.2547,0.2911,0.4101
Neuroblastoma,CCND1,0.1795,0.4304,0.3611
Neuroblastoma,CENPV,0.2639,0.2743,0.3543
Neuroblastoma,GTF2I,0.2038,0.3686,0.3188
Neuroblastoma,PHIP,0.2582,0.2765,0.2957
Neuroblastoma,DST,0.2098,0.3519,0.2663
Neuroblastoma,EXOC4,0.262,0.2677,0.2517
Neuroblastoma,HTR1E,0.9816,0.0166,0.171
Neuroblastoma,TCF25,0.2541,0.2656,0.1097
Neuroblastoma,ACSM4,0.9785,0.0102,0.0955
Neuroblastoma,C22orf42,0.9732,0.0086,0.071
Neuroblastoma,OVCH1,0.9716,0.0082,0.0652
Neuroblastoma,ERAS,0.9731,0.008,0.0646
Neuroblastoma,NME1,0.1733,0.4215,0.0618
Neuroblastoma,PAX1,0.9788,0.0069,0.0577
Neuroblastoma,C5orf47,0.9878,0.0057,0.0535
Neuroblastoma,CEP295NL,0.9722,0.007,0.0521
Neuroblastoma,KCNK4,0.9721,0.0069,0.0507
Neuroblastoma,TMPRSS12,0.9753,0.0065,0.0488
Neuroblastoma,PROKR1,0.9816,0.0057,0.0463
Neuroblastoma,TACR3,0.9788,0.0056,0.0426
Neuroblastoma,SPATA16,0.9861,0.0044,0.0363
Neuroblastoma,SEL1L2,0.9744,0.0054,0.0352
Neuroblastoma,SLC4A9,0.9729,0.0051,0.0311
Neuroblastoma,NLRP5,0.9831,0.0042,0.0308
Neuroblastoma,SLC22A14,0.9736,0.005,0.0302
Neuroblastoma,OR8S1,0.9866,0.0038,0.0295
Neuroblastoma,MYPN,0.9751,0.0046,0.0274
Neuroblastoma,C16orf92,0.9859,0.0031,0.0216
Neuroblastoma,IDO2,0.9837,0.0033,0.0208
Neuroblastoma,PDE6C,0.9789,0.0036,0.0196
Neuroblastoma,TOPAZ1,0.9918,0.0024,0.0188
Neuroblastoma,TBPL2,0.9768,0.0037,0.0183
Neuroblastoma,OSTN,0.9878,0.0026,0.0178
Neuroblastoma,VRTN,0.9855,0.0028,0.0168
Neuroblastoma,ZAR1,0.9878,0.0025,0.0168
Neuroblastoma,C18orf63,0.9939,0.002,0.0163
Neuroblastoma,IMPG1,0.9801,0.0032,0.016
Neuroblastoma,HCRTR2,0.9869,0.0025,0.0154
Neuroblastoma,HORMAD2,0.9733,0.0037,0.0148
Neuroblastoma,SEPTIN12,0.9889,0.0023,0.0147
Neuroblastoma,TRPC7,0.9879,0.0023,0.0143
Neuroblastoma,CCDC172,0.9903,0.002,0.0133
Neuroblastoma,RFPL3,0.9892,0.0021,0.0132
Neuroblastoma,EIF4E1B,0.987,0.0023,0.0128
Neuroblastoma,GDPD4,0.9774,0.0031,0.0122
Neuroblastoma,TRPC5OS,0.978,0.003,0.0122
Neuroblastoma,SLC25A41,0.9799,0.0028,0.0117
Neuroblastoma,WDR87,0.9911,0.0018,0.0116
Neuroblastoma,PXT1,0.9835,0.0024,0.0108
Neuroblastoma,C16orf78,0.9927,0.0016,0.0105
Neuroblastoma,GPR179,0.977,0.003,0.0104
Neuroblastoma,HCRTR1,0.9889,0.0018,0.0099
Neuroblastoma,NLRP13,0.9973,0.0011,0.0099
Neuroblastoma,ASB17,0.9878,0.0019,0.0093
Neuroblastoma,SLC22A24,0.9753,0.003,0.0093
Neuroblastoma,FBXO47,0.9893,0.0017,0.0092
Neuroblastoma,CPLX4,0.9929,0.0014,0.0088
Neuroblastoma,KLHL10,0.9849,0.0021,0.0087
Neuroblastoma,MCHR2,0.9731,0.0032,0.0087
Neuroblastoma,ALLC,0.985,0.0021,0.0083
Neuroblastoma,NANOS2,0.9928,0.0013,0.0082
Neuroblastoma,CCDC63,0.9945,0.0012,0.0081
Neuroblastoma,TEX43,0.992,0.0014,0.0078
Neuroblastoma,TBC1D28,0.9903,0.0015,0.0075
Neuroblastoma,DRD3,0.9833,0.0021,0.0069
Neuroblastoma,LRRC74A,0.9865,0.0018,0.0068
Neuroblastoma,LYZL4,0.9979,0.0008,0.0067
Neuroblastoma,ADGRG4,0.9891,0.0015,0.0065
Neuroblastoma,BANF2,0.9945,0.001,0.0065
Neuroblastoma,SLC25A31,0.9734,0.0029,0.0065
Neuroblastoma,HBM,0.9815,0.0022,0.006
Neuroblastoma,IZUMO3,0.9973,0.0007,0.0056
Neuroblastoma,SULT6B1,0.9915,0.0012,0.0056
Neuroblastoma,TARM1,0.9919,0.0012,0.0055
Neuroblastoma,GUCA1C,0.991,0.0013,0.0054
Neuroblastoma,DCAF8L2,0.9894,0.0014,0.0051
Neuroblastoma,DNAJB8,0.9964,0.0007,0.0044
Neuroblastoma,PTH,0.9944,0.0009,0.0043
Neuroblastoma,SYNDIG1L,0.9808,0.0021,0.0042
Neuroblastoma,NOX3,0.9946,0.0008,0.0041
Neuroblastoma,GPR149,0.9747,0.0026,0.004
Neuroblastoma,ASCL3,0.9807,0.002,0.0034
Neuroblastoma,PLD3,0.236,0.2828,0.0032
Neuroblastoma,OR8A1,0.9915,0.001,0.0031
Neuroblastoma,EFCAB9,0.9908,0.0011,0.0028
Neuroblastoma,ARL5C,0.9831,0.0017,0.0025
Neuroblastoma,LIPI,0.9738,0.0026,0.0025
Neuroblastoma,MMP21,0.9826,0.0018,0.0025
Neuroblastoma,DDX4,0.9775,0.0022,0.0024
Neuroblastoma,LIPM,0.9975,0.0004,0.0024
Neuroblastoma,CYLC1,0.9921,0.0009,0.0023
Neuroblastoma,GUCY2F,0.9877,0.0013,0.0022
Neuroblastoma,ITGAD,0.9912,0.001,0.0022
Neuroblastoma,NEUROD6,0.983,0.0017,0.0021
Neuroblastoma,CACNA1S,0.9877,0.0013,0.002
Neuroblastoma,FOXD4,0.9748,0.0024,0.0019
Neuroblastoma,RS1,0.9809,0.0018,0.0015
Neuroblastoma,COL6A5,0.993,0.0007,0.0011
Neuroblastoma,HEATR9,0.983,0.0016,0.0011
Neuroblastoma,ODF1,0.9932,0.0007,0.0011
Neuroblastoma,TENT5D,0.9754,0.0023,0.0011
Neuroblastoma,SMCO1,0.9871,0.0012,0.001
Neuroblastoma,CLEC6A,0.9935,0.0007,0.0009
Neuroblastoma,CIDEA,0.9852,0.0014,0.0007
Neuroblastoma,OIT3,0.9799,0.0019,0.0007
Neuroblastoma,C1orf185,0.9831,0.0016,0.0006
Neuroblastoma,SIGLECL1,0.9966,0.0004,0.0006
Neuroblastoma,USP26,0.9876,0.0011,0.0005
Neuroblastoma,PPP3R2,0.9924,0.0007,0
Ovarian,SOX17,0.9672,0.2011,2.2714
Ovarian,RHEX,0.3405,0.3013,1.5158
Ovarian,CMTM7,0.4295,0.2389,1.4098
Ovarian,MUC16,0.5034,0.1903,1.194
Ovarian,KLK7,0.4871,0.1937,1.1672
Ovarian,PTGS1,0.6557,0.1447,1.1334
Ovarian,DMKN,0.3117,0.2865,1.0756
Ovarian,SPON1,0.4891,0.1846,1.0708
Ovarian,KCNK15,0.7539,0.1184,1.0309
Ovarian,PAX8,0.31,0.2834,1.0216
Ovarian,CLDN6,0.8606,0.1014,1.0001
Ovarian,PRKCI,0.3494,0.245,0.9463
Ovarian,ATP6V1B1,0.8577,0.094,0.9114
Ovarian,SCGB2A1,0.551,0.148,0.8814
Ovarian,WNT7A,0.7126,0.112,0.8801
Ovarian,CLDN16,0.8,0.0969,0.8612
Ovarian,TNNT1,0.344,0.2414,0.8604
Ovarian,TGM1,0.781,0.0986,0.8493
Ovarian,POP4,0.4112,0.1943,0.7955
Ovarian,MECOM,0.3955,0.2026,0.7939
Ovarian,LYPD1,0.4034,0.1964,0.7723
Ovarian,DOK7,0.8259,0.0851,0.7649
Ovarian,RARRES1,0.5542,0.1354,0.7474
Ovarian,CRLF1,0.6456,0.1124,0.7388
Ovarian,RHOF,0.3954,0.1968,0.7263
Ovarian,ERCC1,0.3051,0.2603,0.7059
Ovarian,HOXD4,0.7677,0.0859,0.6817
Ovarian,NKIRAS1,0.5242,0.1369,0.6615
Ovarian,FGF18,0.7545,0.0849,0.6476
Ovarian,EDN3,0.8733,0.0665,0.6174
Ovarian,CCDC120,0.7422,0.0816,0.5875
Ovarian,UBE2E2,0.3542,0.2095,0.5782
Ovarian,C19orf12,0.5514,0.1203,0.5658
Ovarian,SMPX,0.89,0.0571,0.5309
Ovarian,CRABP2,0.2804,0.2698,0.5262
Ovarian,WDR83,0.552,0.1166,0.5254
Ovarian,PXDN,0.5014,0.1322,0.5211
Ovarian,UROS,0.4049,0.1736,0.5198
Ovarian,UTP23,0.4479,0.1528,0.5192
Ovarian,RTL10,0.6173,0.099,0.5147
Ovarian,PLEKHF1,0.6881,0.084,0.51
Ovarian,DBNDD2,0.5407,0.1182,0.5054
Ovarian,SULT1A3,0.6621,0.0879,0.4977
Ovarian,LY6G6C,0.8944,0.0531,0.4909
Ovarian,CDR2L,0.5363,0.1179,0.4866
Ovarian,ZBED2,0.6488,0.0894,0.4835
Ovarian,CLCF1,0.6273,0.094,0.483
Ovarian,MAG,0.8649,0.0554,0.4787
Ovarian,KLK8,0.3763,0.1859,0.473
Ovarian,POU2F3,0.6904,0.0797,0.4656
Ovarian,TFDP2,0.3416,0.2087,0.4649
Ovarian,EPHA1,0.6845,0.0806,0.4631
Ovarian,ZNF208,0.781,0.0641,0.454
Ovarian,FCHO1,0.675,0.0814,0.451
Ovarian,SULT1A4,0.6785,0.0806,0.4502
Ovarian,SPSB3,0.341,0.2078,0.4497
Ovarian,WASHC2C,0.5547,0.1093,0.4497
Ovarian,FYTTD1,0.3513,0.1995,0.4407
Ovarian,SPAG11B,0.9724,0.0407,0.4378
Ovarian,GTPBP4,0.331,0.2143,0.4345
Ovarian,WBP11,0.3471,0.2015,0.428
Ovarian,STRA6,0.7065,0.0732,0.4237
Ovarian,HIF1AN,0.5598,0.1054,0.4216
Ovarian,RPP38,0.4601,0.1391,0.4214
Ovarian,ZNF623,0.6775,0.0777,0.4144
Ovarian,PNOC,0.5158,0.1177,0.4104
Ovarian,FAM32A,0.2911,0.2479,0.4067
Ovarian,TM9SF4,0.4311,0.1506,0.4064
Ovarian,TMEM139,0.5244,0.1145,0.4059
Ovarian,LYPD6B,0.483,0.1286,0.4036
Ovarian,RAI2,0.7319,0.0671,0.4026
Ovarian,AIFM1,0.4453,0.1438,0.4025
Ovarian,ACKR2,0.7353,0.0665,0.4017
Ovarian,TLE1,0.4438,0.1443,0.4011
Ovarian,SKIL,0.3092,0.2299,0.4004
Ovarian,PEA15,0.3014,0.2366,0.3938
Ovarian,FOLR3,0.8703,0.0473,0.3936
Ovarian,KDF1,0.5327,0.1104,0.3884
Ovarian,C1orf210,0.5834,0.0961,0.3869
Ovarian,MTIF2,0.4763,0.1297,0.3866
Ovarian,VGLL1,0.7213,0.0673,0.3844
Ovarian,CEP89,0.5181,0.1144,0.3814
Ovarian,RGL3,0.586,0.094,0.371
Ovarian,KLK13,0.7692,0.0585,0.3708
Ovarian,PPFIBP1,0.358,0.1884,0.3665
Ovarian,LDOC1,0.4463,0.1399,0.3624
Ovarian,C12orf60,0.8424,0.0479,0.3622
Ovarian,NRAS,0.4568,0.1353,0.3612
Ovarian,RASGEF1A,0.7771,0.0563,0.358
Ovarian,LRRC32,0.8883,0.0421,0.3568
Ovarian,THUMPD3,0.4852,0.1236,0.3555
Ovarian,SLC29A2,0.7134,0.0659,0.3539
Ovarian,SUPV3L1,0.5713,0.0962,0.3524
Ovarian,HOOK2,0.2931,0.2407,0.3479
Ovarian,MTBP,0.7498,0.0592,0.3452
Ovarian,MSLN,0.2408,0.3051,0.3447
Ovarian,MROH1,0.4877,0.1215,0.3423
Ovarian,NLRP2,0.6972,0.0674,0.3385
Ovarian,PPP4R2,0.3594,0.1848,0.3361
Ovarian,NXNL2,0.638,0.0786,0.3333
Ovarian,CACUL1,0.3462,0.1929,0.3219
Ovarian,ZYX,0.3194,0.2137,0.3192
Ovarian,ERGIC2,0.3287,0.2057,0.3155
Ovarian,FAM204A,0.3433,0.1944,0.3153
Ovarian,BABAM1,0.3196,0.213,0.3124
Ovarian,C8orf33,0.3236,0.2095,0.3103
Ovarian,TIMM17A,0.2843,0.2446,0.2864
Ovarian,PDCL2,0.9711,0.027,0.2791
Ovarian,PPCS,0.2946,0.2331,0.2779
Ovarian,CMTM6,0.2585,0.2742,0.2747
Ovarian,DDAH2,0.2443,0.2936,0.2714
Ovarian,CXXC5,0.2676,0.2615,0.2604
Ovarian,TNFAIP2,0.3373,0.1931,0.2477
Ovarian,TUSC2,0.3363,0.1932,0.2408
Ovarian,RBM42,0.2939,0.23,0.234
Ovarian,YME1L1,0.3101,0.2136,0.2227
Ovarian,DENR,0.2864,0.2368,0.2225
Ovarian,LAPTM4B,0.2287,0.3126,0.2108
Ovarian,TTC1,0.302,0.2195,0.2051
Ovarian,UQCRFS1,0.1961,0.3755,0.2038
Ovarian,RARS1,0.3375,0.189,0.2033
Ovarian,KLK6,0.3,0.2211,0.2008
Ovarian,KRTAP2-3,0.9708,0.0201,0.2001
Ovarian,TPM4,0.1765,0.424,0.1942
Ovarian,ABRA,0.9844,0.0173,0.1823
Ovarian,AKIRIN1,0.3178,0.2032,0.1819
Ovarian,MRPS5,0.3197,0.2012,0.1781
Ovarian,S100A13,0.1744,0.428,0.1711
Ovarian,NOLC1,0.3375,0.186,0.1694
Ovarian,ZMAT2,0.3004,0.2179,0.1686
Ovarian,RPL26L1,0.292,0.2262,0.1674
Ovarian,PEPD,0.3337,0.1884,0.1621
Ovarian,GNL3,0.2861,0.2316,0.1601
Ovarian,CIR1,0.3163,0.2024,0.1588
Ovarian,DDX27,0.3238,0.196,0.158
Ovarian,ARF3,0.3187,0.1983,0.135
Ovarian,WDR45,0.3051,0.2104,0.1338
Ovarian,RAB8A,0.3218,0.1955,0.1333
Ovarian,MTHFD2,0.3062,0.2092,0.1326
Ovarian,CHCHD7,0.3056,0.2094,0.1278
Ovarian,ASS1,0.2591,0.2606,0.1267
Ovarian,ARL1,0.304,0.2108,0.1263
Ovarian,LIMS1,0.3058,0.208,0.1144
Ovarian,MYOZ2,0.9722,0.0121,0.11
Ovarian,CHTOP,0.2984,0.2139,0.1015
Ovarian,PDLIM7,0.3049,0.2077,0.1008
Ovarian,MATN1,0.9802,0.0102,0.0963
Ovarian,OPTN,0.2934,0.2184,0.0948
Ovarian,SRA1,0.3119,0.2007,0.0938
Ovarian,PRR9,0.9808,0.0098,0.0926
Ovarian,MMP20,0.9761,0.0092,0.0812
Ovarian,CCL7,0.982,0.0087,0.0809
Ovarian,ETF1,0.3219,0.1906,0.079
Ovarian,CSNK2A1,0.3053,0.2054,0.079
Ovarian,PHOSPHO1,0.9895,0.0077,0.0774
Ovarian,RAB34,0.2762,0.2354,0.0764
Ovarian,SUPT5H,0.3076,0.203,0.076
Ovarian,SF3B4,0.2918,0.218,0.071
Ovarian,INSL3,0.9732,0.0084,0.0684
Ovarian,GPR20,0.9914,0.0064,0.0648
Ovarian,SP7,0.993,0.0061,0.0631
Ovarian,EIF2AK2,0.3059,0.2034,0.0627
Ovarian,RFPL4A,0.9914,0.0059,0.0591
Ovarian,PRPF6,0.2832,0.226,0.0583
Ovarian,NIFK,0.2953,0.2132,0.0573
Ovarian,CCDC124,0.2769,0.2326,0.0549
Ovarian,EPYC,0.9805,0.0064,0.0538
Ovarian,DHX9,0.3037,0.2047,0.0535
Ovarian,ZRANB2,0.2752,0.2344,0.0533
Ovarian,ORMDL1,0.2924,0.2157,0.0528
Ovarian,TREX2,0.9757,0.0064,0.0487
Ovarian,SSB,0.2096,0.3332,0.0477
Ovarian,VGLL4,0.3042,0.2035,0.045
Ovarian,GPR152,0.9766,0.0056,0.0405
Ovarian,IL19,0.9726,0.006,0.0404
Ovarian,RNF224,0.9723,0.0056,0.036
Ovarian,FAM209B,0.972,0.0056,0.0353
Ovarian,CD47,0.2084,0.3345,0.0347
Ovarian,ZFP92,0.9752,0.0051,0.0332
Ovarian,SNX6,0.28,0.2272,0.0326
Ovarian,PLEKHB2,0.3117,0.1955,0.0321
Ovarian,LCN1,0.9784,0.0045,0.0294
Ovarian,CCDC12,0.2987,0.2074,0.0293
Ovarian,SRMS,0.97,0.0052,0.0286
Ovarian,RFXANK,0.3038,0.2024,0.0279
Ovarian,BPIFB3,0.9909,0.0032,0.0278
Ovarian,FNDC8,0.9805,0.0041,0.0269
Ovarian,TPD52L2,0.2939,0.212,0.0267
Ovarian,KCNV1,0.9793,0.0042,0.0265
Ovarian,SMIM15,0.3179,0.1895,0.0257
Ovarian,MFSD10,0.3086,0.1976,0.0246
Ovarian,CSRP3,0.9895,0.003,0.0242
Ovarian,SCGB1D4,0.9977,0.0021,0.0222
Ovarian,OSER1,0.3117,0.1946,0.0218
Ovarian,IL2,0.988,0.0029,0.0214
Ovarian,ZSCAN4,0.9759,0.0039,0.0196
Ovarian,GJA8,0.988,0.0028,0.0195
Ovarian,PNPLA5,0.9798,0.0035,0.019
Ovarian,SSBP1,0.1957,0.3602,0.0175
Ovarian,DPPA2,0.9731,0.0039,0.017
Ovarian,MBD3L2,0.9962,0.0018,0.0167
Ovarian,TEX38,0.9752,0.0036,0.0162
Ovarian,CCAR1,0.3207,0.1862,0.0159
Ovarian,LEXM,0.9719,0.0039,0.0159
Ovarian,TMEM31,0.9705,0.0039,0.0148
Ovarian,CD200R1L,0.9933,0.0018,0.0141
Ovarian,RBPJL,0.987,0.0024,0.0139
Ovarian,OPN1SW,0.9675,0.0041,0.0139
Ovarian,MYL7,0.9877,0.0023,0.0139
Ovarian,NXPE2,0.9758,0.0033,0.0134
Ovarian,GPR31,0.9973,0.0014,0.0134
Ovarian,NPY4R,0.988,0.0022,0.0132
Ovarian,IL9R,0.9744,0.0034,0.0132
Ovarian,SLC22A13,0.9782,0.003,0.0124
Ovarian,NUDCD2,0.3103,0.195,0.0119
Ovarian,ASB12,0.9928,0.0016,0.0115
Ovarian,DEFB126,0.9796,0.0028,0.0115
Ovarian,PANX3,0.9916,0.0017,0.0114
Ovarian,ANGPT4,0.9913,0.0017,0.011
Ovarian,KRT79,0.9872,0.0021,0.0106
Ovarian,OR2B2,0.9931,0.0015,0.0103
Ovarian,PRSS38,0.9777,0.0028,0.0095
Ovarian,RAB13,0.2135,0.3222,0.0094
Ovarian,GNAT1,0.9677,0.0037,0.0091
Ovarian,FRG2,0.977,0.0028,0.009
Ovarian,H1-6,0.9862,0.002,0.0088
Ovarian,COLEC10,0.9727,0.0032,0.0084
Ovarian,NXNL1,0.995,0.0011,0.0077
Ovarian,CYP26C1,0.9893,0.0016,0.0076
Ovarian,CSTL1,0.995,0.0011,0.0074
Ovarian,CTAGE6,0.9676,0.0036,0.0073
Ovarian,SLC36A3,0.9877,0.0017,0.0072
Ovarian,OR10H1,0.9792,0.0024,0.0068
Ovarian,MIP,0.983,0.0021,0.0063
Ovarian,AMBN,0.9903,0.0014,0.0057
Ovarian,ASCL5,0.9692,0.0032,0.0053
Ovarian,TGM4,0.9816,0.0021,0.0048
Ovarian,OR11H2,0.9804,0.0022,0.0047
Ovarian,MCIDAS,0.9703,0.0031,0.0046
Ovarian,OR10AD1,0.9826,0.0019,0.0044
Ovarian,CCDC185,0.9953,0.0007,0.0038
Ovarian,PGA4,0.9707,0.003,0.0038
Ovarian,PTCHD3,0.9888,0.0013,0.0035
Ovarian,OR2C3,0.9946,0.0008,0.0032
Ovarian,KRT26,0.9937,0.0008,0.0031
Ovarian,ASTL,0.9827,0.0018,0.0031
Ovarian,TULP1,0.9698,0.003,0.0031
Ovarian,FSCN2,0.9706,0.0029,0.0029
Ovarian,G6PC2,0.9721,0.0027,0.0026
Ovarian,CALR3,0.9915,0.001,0.0024
Ovarian,NLRP9,0.9696,0.0029,0.0022
Ovarian,C17orf98,0.985,0.0015,0.0022
Ovarian,TIPRL,0.3168,0.1883,0.0018
Ovarian,GDF3,0.9916,0.0009,0.0016
Ovarian,IL22RA2,0.9873,0.0013,0.0016
Ovarian,KRT72,0.9962,0.0005,0.0014
Ovarian,TEX36,0.9809,0.0018,0.0014
Ovarian,CCL25,0.9793,0.0019,0.001
Ovarian,VHLL,0.9884,0.0011,0.0009
Ovarian,PFDN1,0.288,0.2157,0.0008
Ovarian,ZNF735,0.9811,0.0018,0.0008
Ovarian,KRT39,0.9943,0.0006,0.0008
Ovarian,PSG1,0.9781,0.002,0.0007
Ovarian,CRISP1,0.9944,0.0005,0.0006
Ovarian,LCE5A,0.9925,0.0007,0.0006
Ovarian,NT5C1B,0.9724,0.0025,0.0005
Ovarian,CCL8,0.9725,0.0025,0.0004
Ovarian,CDRT15L2,0.9944,0.0005,0.0004
Ovarian,GPR182,0.9972,0.0003,0.0004
Ovarian,CATSPER4,0.9899,0.0009,0.0003
Ovarian,OR1N2,0.9917,0.0007,0.0001
Ovarian,FAM170A,0.9981,0.0002,0.0001
PDAC,MMP7,0.3267,0.3655,2.1274
PDAC,CLDN18,0.8216,0.2003,2.0789
PDAC,SYT8,0.6345,0.2152,1.8903
PDAC,GCNT3,0.5785,0.2158,1.7451
PDAC,ADAM9,0.3305,0.2964,1.3711
PDAC,TFF1,0.3119,0.3116,1.3652
PDAC,CTSE,0.296,0.3261,1.3594
PDAC,C19orf33,0.216,0.4352,1.3568
PDAC,VILL,0.6554,0.16,1.3082
PDAC,SDCBP2,0.3806,0.2559,1.3059
PDAC,SAMD9,0.4511,0.2195,1.2994
PDAC,ITGA2,0.3565,0.2698,1.2866
PDAC,RRAS,0.431,0.2246,1.2538
PDAC,PCDH1,0.5001,0.192,1.2006
PDAC,SLK,0.3952,0.2375,1.1922
PDAC,LPCAT4,0.552,0.1709,1.1469
PDAC,MUCL3,0.7735,0.125,1.1401
PDAC,PLEC,0.2764,0.3275,1.1365
PDAC,VSIG2,0.4451,0.2069,1.1247
PDAC,PSCA,0.4779,0.1929,1.118
PDAC,LIPH,0.3673,0.2456,1.0919
PDAC,TCN1,0.5794,0.1571,1.0742
PDAC,AHNAK2,0.3549,0.252,1.0706
PDAC,TMPRSS4,0.3394,0.2607,1.0411
PDAC,LASP1,0.3255,0.2706,1.0286
PDAC,DUOX2,0.6808,0.1296,1.0163
PDAC,B3GALT5,0.8074,0.1076,0.9946
PDAC,HS3ST1,0.5754,0.15,0.9807
PDAC,CAST,0.2181,0.3963,0.957
PDAC,CTNND1,0.2866,0.3003,0.9519
PDAC,CRIP1,0.2613,0.3271,0.9221
PDAC,SRCAP,0.3945,0.2131,0.907
PDAC,ASAP2,0.4429,0.1888,0.9057
PDAC,TMBIM1,0.2581,0.3293,0.901
PDAC,MST1R,0.6514,0.1248,0.895
PDAC,FAT1,0.3818,0.2192,0.8934
PDAC,GALNT5,0.573,0.1426,0.8896
PDAC,SMAD3,0.4623,0.1772,0.8684
PDAC,TJP2,0.365,0.2275,0.8672
PDAC,TRAK1,0.4489,0.182,0.8582
PDAC,LMO7,0.2428,0.3461,0.848
PDAC,SPTBN1,0.2111,0.3984,0.8299
PDAC,ARHGAP5,0.3338,0.2464,0.8285
PDAC,ANXA10,0.5071,0.1569,0.8265
PDAC,GBP3,0.5161,0.1525,0.8104
PDAC,AHNAK,0.2013,0.4164,0.8063
PDAC,QSOX1,0.261,0.3167,0.7978
PDAC,CAPNS1,0.2678,0.3076,0.7906
PDAC,CTNNA1,0.2324,0.357,0.7894
PDAC,FOXQ1,0.5393,0.1428,0.7828
PDAC,AHR,0.3201,0.2527,0.7727
PDAC,RIOK3,0.3243,0.249,0.7707
PDAC,CD2AP,0.3143,0.2571,0.766
PDAC,PLS1,0.3908,0.2028,0.7657
PDAC,PLAT,0.4069,0.1927,0.7507
PDAC,LRRFIP1,0.2156,0.3822,0.7436
PDAC,ERO1A,0.2712,0.2991,0.7404
PDAC,EZR,0.1764,0.4716,0.7368
PDAC,CGN,0.4526,0.1689,0.7267
PDAC,MXRA5,0.605,0.12,0.7224
PDAC,EHBP1L1,0.5174,0.1444,0.7218
PDAC,ITGB6,0.3689,0.212,0.7188
PDAC,TGOLN2,0.2748,0.2926,0.7141
PDAC,CAPN2,0.2077,0.3936,0.6972
PDAC,HSPG2,0.4133,0.1842,0.6912
PDAC,ITGA3,0.2661,0.3009,0.6902
PDAC,GCC2,0.2862,0.2775,0.6856
PDAC,DUOXA2,0.7784,0.0846,0.6847
PDAC,APOL1,0.306,0.2573,0.6815
PDAC,GBP2,0.388,0.1968,0.6776
PDAC,EFHD2,0.2849,0.278,0.677
PDAC,LCN2,0.1834,0.4475,0.6767
PDAC,TMOD3,0.3428,0.226,0.6729
PDAC,TMC5,0.2427,0.3308,0.6718
PDAC,PTPRH,0.695,0.0968,0.6705
PDAC,PPL,0.4169,0.1804,0.6692
PDAC,TPRG1L,0.5676,0.1246,0.6667
PDAC,ZDHHC7,0.4953,0.1463,0.6581
PDAC,LAMB3,0.2127,0.3802,0.6557
PDAC,GSDMB,0.7023,0.0938,0.6515
PDAC,GABRP,0.4673,0.1562,0.6504
PDAC,RNF213,0.2804,0.2803,0.6466
PDAC,C1GALT1,0.4348,0.1685,0.6315
PDAC,KCNK1,0.3378,0.2258,0.6272
PDAC,DSG2,0.2295,0.3474,0.6248
PDAC,LRP10,0.2663,0.2948,0.6228
PDAC,ITGB5,0.3786,0.1971,0.6184
PDAC,TGM2,0.3037,0.2532,0.6098
PDAC,FGD4,0.5228,0.1326,0.6074
PDAC,ITPR3,0.4097,0.1787,0.6073
PDAC,BCAR1,0.4832,0.1463,0.6068
PDAC,INF2,0.386,0.1912,0.6015
PDAC,DOCK5,0.4962,0.1411,0.6014
PDAC,SRC,0.5932,0.1119,0.5973
PDAC,CDC42BPB,0.4202,0.1723,0.5951
PDAC,CLDN23,0.5866,0.1129,0.589
PDAC,MMP14,0.388,0.189,0.5887
PDAC,ITPRID2,0.3034,0.2516,0.5872
PDAC,EPS8L1,0.3726,0.1973,0.5774
PDAC,PADI1,0.8879,0.0602,0.5634
PDAC,RHOC,0.2055,0.3861,0.5583
PDAC,LSR,0.2172,0.3627,0.552
PDAC,TXNIP,0.1739,0.4608,0.5322
PDAC,CLINT1,0.2824,0.2678,0.5277
PDAC,CDHR2,0.8011,0.0663,0.512
PDAC,ASPH,0.2257,0.3424,0.4946
PDAC,H1-0,0.2569,0.2951,0.4895
PDAC,BACE2,0.2849,0.2606,0.4769
PDAC,MVP,0.2576,0.2922,0.4674
PDAC,TAX1BP1,0.2179,0.3518,0.4432
PDAC,SYNE2,0.2509,0.2989,0.4405
PDAC,EPS8,0.2711,0.2728,0.4379
PDAC,MYOM1,0.8645,0.051,0.4273
PDAC,ADAR,0.2701,0.2727,0.424
PDAC,LAD1,0.2476,0.3017,0.4195
PDAC,LAMC2,0.2388,0.3147,0.4192
PDAC,CTRB2,0.984,0.0369,0.4068
PDAC,TNNI2,0.8309,0.0532,0.4062
PDAC,NQO1,0.2207,0.3413,0.3804
PDAC,S100P,0.1798,0.4309,0.3781
PDAC,GPRC5A,0.1831,0.4205,0.3596
PDAC,TM9SF3,0.2165,0.3468,0.3568
PDAC,TMBIM6,0.1529,0.5143,0.3551
PDAC,IQGAP1,0.2235,0.3338,0.3519
PDAC,FAM120A,0.2733,0.2616,0.3402
PDAC,CLTC,0.2638,0.2716,0.3223
PDAC,ITGA6,0.2286,0.3224,0.3214
PDAC,CAMK2N1,0.2193,0.3385,0.319
PDAC,PPY,0.9548,0.0308,0.3059
PDAC,ANXA11,0.2082,0.3584,0.3038
PDAC,DGKQ,0.7755,0.0516,0.3024
PDAC,CD82,0.2722,0.2591,0.2957
PDAC,SPINK1,0.1878,0.4027,0.2908
PDAC,CDH1,0.242,0.2982,0.2857
PDAC,SPINT1,0.247,0.2905,0.2804
PDAC,MUC17,0.7854,0.047,0.2658
PDAC,MGLL,0.2375,0.3025,0.2565
PDAC,AKAP13,0.2576,0.2729,0.2448
PDAC,CYSTM1,0.1881,0.3978,0.2444
PDAC,FER1L6,0.9375,0.027,0.2433
PDAC,CHST4,0.8712,0.0339,0.241
PDAC,DYNC1H1,0.2655,0.2621,0.2376
PDAC,FLNB,0.2446,0.2895,0.2304
PDAC,GFUS,0.2539,0.2762,0.2273
PDAC,RRBP1,0.2076,0.3526,0.224
PDAC,ERBB3,0.2571,0.271,0.2171
PDAC,KRT81,0.7583,0.0465,0.2144
PDAC,LITAF,0.2578,0.2697,0.212
PDAC,ENTPD8,0.8131,0.0385,0.2116
PDAC,ITGB4,0.2275,0.3142,0.2063
PDAC,CD59,0.1601,0.4749,0.197
PDAC,PRSS12,0.7369,0.0479,0.1916
PDAC,BTNL8,0.9159,0.0246,0.1905
PDAC,ABHD2,0.2165,0.3311,0.1767
PDAC,RIPK3,0.7752,0.0406,0.1749
PDAC,STYK1,0.8059,0.0354,0.1654
PDAC,HDGF,0.2352,0.2981,0.1648
PDAC,FXYD5,0.2177,0.3276,0.1617
PDAC,FAM83E,0.7521,0.0428,0.1605
PDAC,NPC1L1,0.8728,0.0265,0.158
PDAC,CTRB1,0.9935,0.0142,0.1562
PDAC,VASP,0.261,0.2603,0.1524
PDAC,SPATS2L,0.1998,0.3624,0.1498
PDAC,TM4SF20,0.845,0.0282,0.1399
PDAC,CMPK2,0.7486,0.0413,0.1381
PDAC,EIF4G1,0.2485,0.2759,0.1379
PDAC,GCG,0.9789,0.0136,0.1345
PDAC,LACC1,0.8106,0.032,0.1328
PDAC,NTSR1,0.9416,0.0166,0.1277
PDAC,MYL12A,0.1504,0.504,0.1259
PDAC,LRRC66,0.9279,0.0176,0.1245
PDAC,FGD5,0.7829,0.0349,0.1226
PDAC,SH3BP5L,0.7406,0.0411,0.1207
PDAC,CELA3A,0.984,0.0117,0.1173
PDAC,TNFSF11,0.9743,0.0123,0.1151
PDAC,SULT1B1,0.7493,0.0392,0.1144
PDAC,PDX1,0.8861,0.0205,0.1064
PDAC,APLP2,0.1642,0.4532,0.1058
PDAC,GJC2,0.9232,0.0164,0.1044
PDAC,ITGBL1,0.8071,0.0299,0.104
PDAC,CREG2,0.8509,0.0243,0.1036
PDAC,KIAA0513,0.7369,0.0401,0.1022
PDAC,MAL2,0.189,0.3832,0.102
PDAC,PSAPL1,0.9658,0.0119,0.1008
PDAC,CAPN9,0.7896,0.032,0.1002
PDAC,CD164,0.2019,0.3536,0.0997
PDAC,APOBEC1,0.7586,0.0362,0.0969
PDAC,CLPS,0.951,0.0116,0.0816
PDAC,FBXL19,0.7679,0.0333,0.0798
PDAC,FOXO4,0.8023,0.0284,0.079
PDAC,SOWAHB,0.9494,0.0115,0.0786
PDAC,MYH9,0.2276,0.303,0.0785
PDAC,CHMP3,0.2513,0.2667,0.0774
PDAC,EIF5B,0.2221,0.3123,0.0767
PDAC,TINAGL1,0.2507,0.2675,0.0763
PDAC,SYTL5,0.8559,0.0213,0.0757
PDAC,CLCN1,0.9615,0.0099,0.0739
PDAC,PNLIP,0.9939,0.0068,0.0722
PDAC,CLTB,0.1951,0.3661,0.0701
PDAC,APCDD1L,0.9018,0.0154,0.0682
PDAC,CTRC,0.9631,0.0093,0.068
PDAC,NMUR2,0.9711,0.0083,0.0649
PDAC,CDC42BPG,0.7553,0.0335,0.06
PDAC,KRT7,0.1576,0.4718,0.06
PDAC,PCDH20,0.923,0.0125,0.0599
PDAC,ADRA2A,0.7674,0.0314,0.0563
PDAC,LIMA1,0.2453,0.2732,0.055
PDAC,SLC15A1,0.7424,0.035,0.0543
PDAC,ATG9B,0.8063,0.0256,0.053
PDAC,NAGS,0.8433,0.0203,0.0471
PDAC,GOLM1,0.2195,0.3141,0.0447
PDAC,CELA3B,0.9838,0.0052,0.0435
PDAC,CATSPER1,0.8177,0.0231,0.0418
PDAC,ANKRD1,0.7428,0.0337,0.0403
PDAC,KPNA7,0.8966,0.0134,0.0385
PDAC,CIDEC,0.9093,0.012,0.0373
PDAC,CASR,0.9029,0.0126,0.0368
PDAC,ADCY4,0.8878,0.014,0.0341
PDAC,CPA1,0.9174,0.0108,0.0334
PDAC,HLA-A,0.1264,0.6057,0.0324
PDAC,TFF2,0.2473,0.2684,0.0323
PDAC,GATA5,0.9842,0.004,0.0294
PDAC,CCDC9,0.7683,0.0288,0.0281
PDAC,ATP8B3,0.8882,0.0134,0.0276
PDAC,EDAR,0.8835,0.0139,0.0276
PDAC,ZNF646,0.7734,0.0279,0.0266
PDAC,ALKAL1,0.8565,0.0169,0.026
PDAC,ZNF792,0.8864,0.0134,0.0256
PDAC,HOXC11,0.8697,0.0152,0.0247
PDAC,ZMYND15,0.8897,0.0129,0.0238
PDAC,CALHM3,0.9026,0.0115,0.0234
PDAC,C4orf36,0.7827,0.0261,0.0213
PDAC,CAPG,0.2258,0.3009,0.021
PDAC,HTR1D,0.9051,0.0109,0.0202
PDAC,MAP10,0.8201,0.0207,0.0182
PDAC,PTPRF,0.2337,0.2876,0.0181
PDAC,TBX6,0.8563,0.0162,0.0181
PDAC,BDKRB2,0.7542,0.0299,0.0172
PDAC,ANO8,0.7652,0.0281,0.0149
PDAC,CYP2C19,0.9834,0.0026,0.0134
PDAC,SPINT2,0.1511,0.4912,0.0133
PDAC,TBX4,0.9826,0.0027,0.013
PDAC,PEAR1,0.8626,0.0149,0.0113
PDAC,LRFN3,0.8417,0.0174,0.0112
PDAC,LMNTD2,0.8565,0.0156,0.011
PDAC,CELA2A,0.9758,0.003,0.009
PDAC,MYBPC3,0.9878,0.0018,0.0087
PDAC,MOGAT1,0.9443,0.0058,0.0074
PDAC,PRRC2C,0.1902,0.3719,0.0047
PDAC,MMAA,0.7688,0.0266,0.0046
PDAC,ZXDB,0.7763,0.0255,0.0045
PDAC,CACNG6,0.9739,0.0026,0.0034
PDAC,ZXDA,0.8806,0.0121,0.0026
PDAC,CEACAM3,0.9841,0.0016,0.0025
PDAC,UBASH3A,0.9633,0.0034,0.0013
PDAC,PRB1,0.9895,0.001,0.0011
PDAC,PLA2G2F,0.9422,0.0054,0.0008
PDAC,SPTBN5,0.8925,0.0106,0.0008
PDAC,TMIGD1,0.9883,0.0011,0.0003
Prostate,KLK3,0.6639,0.8453,9.182
Prostate,KLK2,0.6224,0.7678,8.194
Prostate,NKX3-1,0.6609,0.3969,4.0361
Prostate,PDLIM5,0.2677,0.5718,3.8174
Prostate,KLK4,0.8244,0.3501,3.8001
Prostate,SLC45A3,0.6921,0.3403,3.4555
Prostate,ACP3,0.7563,0.3255,3.4086
Prostate,TRPM4,0.3965,0.4126,3.2074
Prostate,LRRC26,0.6357,0.328,3.1859
Prostate,FOLH1,0.7693,0.294,3.0697
Prostate,SPON2,0.355,0.4242,3.045
Prostate,MESP1,0.4029,0.3948,3.0435
Prostate,MSMB,0.6657,0.2835,2.7472
Prostate,HOXB13,0.6872,0.2751,2.6984
Prostate,STEAP2,0.3856,0.3606,2.5396
Prostate,ALDH1A3,0.5442,0.2873,2.4556
Prostate,RDH11,0.3149,0.401,2.4202
Prostate,TRPM8,0.7696,0.2338,2.3807
Prostate,TMPRSS2,0.3541,0.3597,2.2986
Prostate,SORD,0.3509,0.3531,2.1981
Prostate,ABCC4,0.5885,0.2482,2.1452
Prostate,OR51E2,0.7349,0.2159,2.1138
Prostate,ALOX15B,0.5228,0.2605,2.0727
Prostate,SPDEF,0.3206,0.348,1.8695
Prostate,ARHGAP6,0.8132,0.1809,1.8441
Prostate,FASN,0.3223,0.3424,1.822
Prostate,SLC30A4,0.6827,0.1929,1.7464
Prostate,NPDC1,0.2666,0.3892,1.7098
Prostate,PLPP1,0.3894,0.284,1.6874
Prostate,ZBTB10,0.4792,0.2371,1.6308
Prostate,CCNG2,0.4468,0.2483,1.6082
Prostate,DHRS7,0.2436,0.4014,1.4956
Prostate,STEAP1,0.4267,0.2437,1.4493
Prostate,SLC4A4,0.4374,0.2368,1.428
Prostate,CAMKK2,0.5223,0.2016,1.3956
Prostate,NUDT8,0.3497,0.2827,1.3807
Prostate,HOMER2,0.488,0.2114,1.3737
Prostate,MTARC1,0.5949,0.1791,1.3717
Prostate,NAAA,0.5726,0.1834,1.3557
Prostate,TBX3,0.3593,0.2707,1.3192
Prostate,ZG16B,0.3334,0.2891,1.3139
Prostate,ARHGEF26,0.4273,0.2308,1.3051
Prostate,AMD1,0.282,0.3354,1.2975
Prostate,FBXO25,0.4628,0.213,1.281
Prostate,NIBAN1,0.5289,0.1875,1.2578
Prostate,H2AJ,0.1933,0.473,1.2471
Prostate,HES4,0.3408,0.2766,1.2365
Prostate,XAB2,0.4375,0.2182,1.2154
Prostate,MON1B,0.4701,0.2042,1.2135
Prostate,FOXA1,0.2976,0.31,1.1923
Prostate,SNRPN,0.2335,0.3852,1.1323
Prostate,MYBPC1,0.7603,0.1235,1.0997
Prostate,OGN,0.7116,0.1297,1.0808
Prostate,IGF1,0.414,0.2164,1.0644
Prostate,CREB3L4,0.3393,0.2622,1.0579
Prostate,SMDT1,0.2068,0.4263,1.0493
Prostate,HEBP2,0.2049,0.4274,1.018
Prostate,H2BC21,0.4566,0.1923,1.0133
Prostate,ADRB1,0.8672,0.1005,0.9992
Prostate,PPP3CA,0.2256,0.3843,0.9718
Prostate,NEDD4L,0.2911,0.2956,0.9528
Prostate,ACSM1,0.7678,0.1091,0.9481
Prostate,GNMT,0.6586,0.1275,0.9431
Prostate,ENTPD5,0.4741,0.1778,0.9293
Prostate,ATP6V1G1,0.1749,0.4926,0.9285
Prostate,ERGIC1,0.2703,0.3152,0.9128
Prostate,CPNE4,0.6262,0.1314,0.9087
Prostate,ATP2C1,0.3565,0.2358,0.8979
Prostate,SLC38A11,0.8981,0.0879,0.8943
Prostate,FAAH,0.5621,0.1453,0.8858
Prostate,RAB3B,0.4687,0.1758,0.8808
Prostate,MPC2,0.1632,0.5241,0.8807
Prostate,CERS4,0.3664,0.2264,0.8657
Prostate,CSKMT,0.4721,0.1701,0.8312
Prostate,STXBP6,0.4363,0.185,0.8276
Prostate,PM20D2,0.5086,0.1555,0.8161
Prostate,ARG2,0.3808,0.2126,0.8104
Prostate,RHOU,0.4871,0.1625,0.8095
Prostate,FMC1,0.3134,0.2616,0.8075
Prostate,COBLL1,0.4426,0.1779,0.7793
Prostate,LRRC75A,0.5091,0.1514,0.7711
Prostate,NCAPD3,0.485,0.1597,0.7687
Prostate,SCD,0.2876,0.2831,0.7685
Prostate,NME4,0.2264,0.3649,0.7649
Prostate,HSPA1B,0.1991,0.4169,0.7549
Prostate,AAK1,0.3347,0.2386,0.7474
Prostate,SLC2A12,0.7041,0.1003,0.7295
Prostate,MYL5,0.618,0.117,0.7225
Prostate,PTRHD1,0.2793,0.2881,0.7224
Prostate,H2AC8,0.6087,0.1188,0.7186
Prostate,MXD4,0.4358,0.1752,0.7141
Prostate,TMEFF2,0.4476,0.1688,0.7005
Prostate,SAR1B,0.3142,0.2513,0.6972
Prostate,ACLY,0.3409,0.2292,0.6933
Prostate,MIPEP,0.4496,0.166,0.6785
Prostate,UQCC3,0.2764,0.2871,0.673
Prostate,TRPV6,0.8271,0.0769,0.6727
Prostate,ANKRD37,0.359,0.2145,0.6726
Prostate,PLA2G2A,0.5147,0.14,0.6614
Prostate,RPL37A,0.1052,0.7996,0.6571
Prostate,OAZ3,0.738,0.0883,0.6566
Prostate,TSPAN1,0.189,0.4311,0.6498
Prostate,BRD2,0.2317,0.3449,0.6366
Prostate,HSPA1A,0.1756,0.4641,0.6251
Prostate,VGLL3,0.7954,0.0769,0.6238
Prostate,TTC36,0.7688,0.0788,0.6029
Prostate,CYP4F2,0.8457,0.0657,0.5704
Prostate,SMS,0.1908,0.4191,0.5629
Prostate,MICOS10,0.1861,0.4307,0.5621
Prostate,ANO7,0.8186,0.0678,0.5556
Prostate,RLN1,0.9482,0.053,0.5524
Prostate,PRAC2,0.752,0.0758,0.5388
Prostate,RPS28,0.105,0.7902,0.5369
Prostate,SLC9A2,0.7988,0.0679,0.5264
Prostate,CCNI,0.1575,0.5123,0.5227
Prostate,CHRNA2,0.9939,0.0461,0.5217
Prostate,UPK3A,0.8627,0.0585,0.5109
Prostate,DNAJB1,0.1848,0.4287,0.5025
Prostate,BEND4,0.8418,0.06,0.4993
Prostate,CLDN8,0.7822,0.0674,0.4945
Prostate,TPD52,0.2296,0.3344,0.4781
Prostate,KLK15,0.9584,0.0448,0.4703
Prostate,TSPAN13,0.2375,0.3211,0.4696
Prostate,TMEM134,0.2394,0.3166,0.4513
Prostate,AR,0.2387,0.3143,0.413
Prostate,RPL36,0.1057,0.7742,0.4096
Prostate,RPL23,0.1123,0.7234,0.3852
Prostate,MLEC,0.2248,0.3342,0.3829
Prostate,CCDC169,0.8553,0.0475,0.3752
Prostate,MIEN1,0.2351,0.3162,0.3707
Prostate,PMEPA1,0.1923,0.3978,0.3588
Prostate,EDF1,0.1562,0.5025,0.3556
Prostate,CWH43,0.9032,0.0397,0.3475
Prostate,RPL38,0.1194,0.6728,0.3354
Prostate,VIPR1,0.7242,0.0625,0.3353
Prostate,JCAD,0.7907,0.0516,0.3271
Prostate,KL,0.7542,0.0564,0.3205
Prostate,RPS15,0.0994,0.817,0.3083
Prostate,ALKBH7,0.215,0.3443,0.2965
Prostate,RPS29,0.1077,0.7475,0.2847
Prostate,HOXA13,0.7889,0.0482,0.2844
Prostate,NDUFB10,0.1906,0.3939,0.2691
Prostate,SELENOS,0.232,0.312,0.2662
Prostate,TMEM141,0.1964,0.3801,0.2643
Prostate,MRPL57,0.213,0.3452,0.2602
Prostate,RPL3,0.101,0.7992,0.2547
Prostate,RPL37,0.1054,0.7626,0.2489
Prostate,MRPL20,0.2121,0.3448,0.2369
Prostate,C12orf57,0.1739,0.435,0.2343
Prostate,ATP5MC2,0.1396,0.5581,0.234
Prostate,RPS12,0.0977,0.8257,0.2317
Prostate,SLC39A6,0.2139,0.3407,0.2285
Prostate,OST4,0.1541,0.4984,0.2238
Prostate,CHRM1,0.949,0.024,0.221
Prostate,DCXR,0.164,0.4638,0.2179
Prostate,TBX10,0.9537,0.0232,0.2169
Prostate,ATP6V1E2,0.7728,0.0443,0.2141
Prostate,CNTD1,0.857,0.0331,0.2123
Prostate,OR51E1,0.8135,0.0384,0.2114
Prostate,FOSB,0.1904,0.3895,0.2113
Prostate,BRI3,0.1915,0.3858,0.1986
Prostate,DNASE2B,0.9226,0.0244,0.1961
Prostate,TSTD1,0.1786,0.4182,0.1931
Prostate,RPL35A,0.108,0.7368,0.1894
Prostate,PLA2G7,0.8517,0.0313,0.1851
Prostate,CST4,0.862,0.0301,0.1847
Prostate,CYP2U1,0.7407,0.0463,0.1806
Prostate,ZNF615,0.7433,0.0459,0.1803
Prostate,ZNF613,0.8124,0.0358,0.1797
Prostate,TDRD1,0.8692,0.0285,0.176
Prostate,KLHL15,0.7222,0.0487,0.1733
Prostate,UBA52,0.1205,0.6517,0.1723
Prostate,LMAN1L,0.9828,0.0161,0.1671
Prostate,RPL7A,0.1047,0.7598,0.1602
Prostate,C19orf73,0.8135,0.0338,0.158
Prostate,ACTL10,0.7755,0.0388,0.1557
Prostate,RPL15,0.1038,0.7667,0.1554
Prostate,RPL24,0.1155,0.6816,0.1543
Prostate,RLN2,0.8477,0.0291,0.1534
Prostate,CHADL,0.7734,0.0386,0.149
Prostate,TOMM20,0.1827,0.4027,0.1419
Prostate,BRK1,0.1877,0.3899,0.1416
Prostate,COPS9,0.2106,0.3392,0.1396
Prostate,PDE11A,0.7227,0.0456,0.1388
Prostate,TOMM7,0.1408,0.5445,0.1387
Prostate,CNPY2,0.2131,0.3341,0.1371
Prostate,SHISA6,0.7702,0.0378,0.1349
Prostate,RPS5,0.106,0.7474,0.1322
Prostate,RPL30,0.1038,0.765,0.1308
Prostate,SAMD5,0.7146,0.0458,0.1258
Prostate,SELENOK,0.2212,0.318,0.1238
Prostate,MZT2B,0.1676,0.444,0.1232
Prostate,RPLP1,0.093,0.8616,0.1232
Prostate,COX17,0.1899,0.3828,0.1223
Prostate,RPL12,0.0995,0.7992,0.1142
Prostate,NRG4,0.7756,0.0342,0.1024
Prostate,RPL10A,0.1073,0.7348,0.0996
Prostate,ZBTB42,0.7268,0.0414,0.0989
Prostate,ETV2,0.7624,0.0355,0.0948
Prostate,RPS10,0.1188,0.6551,0.0921
Prostate,TMEM256,0.212,0.3321,0.0898
Prostate,CPED1,0.8299,0.0246,0.0773
Prostate,MATK,0.819,0.026,0.0771
Prostate,PERM1,0.9269,0.013,0.0704
Prostate,LY6G5C,0.8203,0.0251,0.0688
Prostate,NAA38,0.2046,0.3448,0.0657
Prostate,HRC,0.956,0.0097,0.0655
Prostate,SI,0.9672,0.0086,0.0651
Prostate,KCNJ12,0.8875,0.0167,0.0641
Prostate,RPS4Y1,0.1927,0.3707,0.0592
Prostate,ADI1,0.1967,0.3615,0.0586
Prostate,SLC36A1,0.778,0.03,0.0582
Prostate,RPL10,0.0934,0.8515,0.0551
Prostate,HERPUD1,0.1908,0.3747,0.054
Prostate,TGM3,0.8622,0.0186,0.0537
Prostate,H3C6,0.8622,0.0185,0.0524
Prostate,H3C10,0.7219,0.0381,0.0511
Prostate,RPS11,0.1052,0.7467,0.049
Prostate,TIGD6,0.7346,0.0356,0.0467
Prostate,RPL13A,0.0926,0.8595,0.0461
Prostate,SOX14,0.8251,0.0224,0.045
Prostate,ATF3,0.2101,0.3318,0.0428
Prostate,TMEM88,0.8777,0.0156,0.0395
Prostate,MRPL33,0.2109,0.3296,0.0353
Prostate,NENF,0.1999,0.3522,0.0342
Prostate,TMEM121B,0.8401,0.0194,0.0324
Prostate,MMP26,0.9564,0.0064,0.028
Prostate,PABPC1L2B,0.9723,0.0049,0.0275
Prostate,ZNF697,0.7183,0.0366,0.0273
Prostate,FBXL22,0.8446,0.0184,0.0273
Prostate,PABPC1L2A,0.984,0.0038,0.0271
Prostate,CUX2,0.7132,0.0374,0.0267
Prostate,NEU3,0.8151,0.0219,0.0237
Prostate,CCDC83,0.9712,0.0044,0.0208
Prostate,F8A3,0.9411,0.0072,0.0198
Prostate,GABRG3,0.7293,0.034,0.019
Prostate,ANKRD34B,0.9453,0.0067,0.0184
Prostate,TMEM210,0.9075,0.0104,0.0169
Prostate,GPX5,0.9949,0.0018,0.016
Prostate,WNK4,0.7917,0.0242,0.0142
Prostate,ADAMTSL1,0.7936,0.0236,0.0101
Prostate,DBI,0.1557,0.4739,0.0091
Prostate,GDPGP1,0.8447,0.0168,0.0091
Prostate,DCLRE1A,0.7744,0.0262,0.0089
Prostate,GABRA1,0.9807,0.0025,0.0085
Prostate,CA7,0.9791,0.0026,0.0085
Prostate,ADAM2,0.9871,0.0017,0.0062
Prostate,NALF2,0.9096,0.0092,0.006
Prostate,CEACAM20,0.9948,0.0009,0.0045
Prostate,OR51A7,0.9964,0.0007,0.0041
Prostate,HOXA11,0.8178,0.0196,0.0018
Prostate,CNNM1,0.8063,0.0211,0.0018
Prostate,FSHB,0.9886,0.0011,0.0013
Prostate,TAFA4,0.9618,0.0036,0.001
Prostate,CCDC183,0.7731,0.0257,0.001
Prostate,FOXB2,0.9986,0.0002,0.0005
Prostate,SEMG2,0.9989,0.0001,0.0001
SCLC,GRP,0.9438,0.3749,4.2373
SCLC,HES6,0.3018,0.4639,3.0039
SCLC,ASCL1,0.4436,0.3435,2.6826
SCLC,INSM1,0.6276,0.2692,2.4917
SCLC,UBE2S,0.2763,0.4234,2.2332
SCLC,CALCA,0.9685,0.1884,2.1263
SCLC,H1-10,0.2479,0.4398,2.0064
SCLC,BOLA2B,0.4422,0.283,1.9827
SCLC,HOXB5,0.7152,0.1853,1.726
SCLC,PCSK2,0.6599,0.1929,1.6954
SCLC,ACYP1,0.4168,0.2672,1.6638
SCLC,RGS16,0.431,0.2522,1.5702
SCLC,ADCYAP1,0.7736,0.1588,1.5279
SCLC,DLL3,0.4594,0.2343,1.5088
SCLC,CDKN2C,0.4218,0.2475,1.4662
SCLC,CHGA,0.2401,0.4036,1.4615
SCLC,CPE,0.2685,0.3588,1.3871
SCLC,POMC,0.7274,0.1537,1.3869
SCLC,NASP,0.2558,0.3747,1.3857
SCLC,MARCHF9,0.478,0.2147,1.369
SCLC,IGFBP2,0.1874,0.4974,1.3644
SCLC,DEK,0.1878,0.4957,1.3566
SCLC,SCG3,0.2828,0.3387,1.3457
SCLC,PSIP1,0.2558,0.3702,1.3342
SCLC,TPH1,0.9194,0.124,1.3338
SCLC,GLRX5,0.3148,0.3054,1.324
SCLC,RTBDN,0.8336,0.1286,1.2745
SCLC,CACNA1A,0.5145,0.1932,1.2707
SCLC,UBE2M,0.3194,0.2959,1.2602
SCLC,NEUROD1,0.8032,0.1281,1.2235
SCLC,TLE5,0.2347,0.3896,1.2043
SCLC,CTAG2,0.7889,0.1277,1.1961
SCLC,BARX1,0.7743,0.128,1.1753
SCLC,ST18,0.7384,0.1331,1.1709
SCLC,PCSK1,0.8189,0.1158,1.106
SCLC,BRD7,0.3778,0.2355,1.0526
SCLC,TUBA1B,0.1443,0.6068,1.0245
SCLC,CALM1,0.1593,0.5495,1.0208
SCLC,DDX24,0.2624,0.334,1.0173
SCLC,RIMKLA,0.6511,0.135,1.0114
SCLC,PEG10,0.3245,0.2699,1.0114
SCLC,CRYBA2,0.8595,0.1018,1.003
SCLC,DNMT1,0.341,0.256,1.0014
SCLC,GADD45G,0.3507,0.2478,0.9892
SCLC,PNN,0.2306,0.377,0.9853
SCLC,UBE2T,0.3974,0.2176,0.9773
SCLC,ESF1,0.355,0.2436,0.9749
SCLC,SMC3,0.3012,0.2873,0.9734
SCLC,USP1,0.3332,0.2595,0.9724
SCLC,FAM111B,0.7009,0.1215,0.9657
SCLC,TRIM28,0.3121,0.2752,0.9504
SCLC,TYMS,0.4139,0.2064,0.9502
SCLC,SVIP,0.2811,0.3058,0.947
SCLC,VGF,0.4912,0.1728,0.9444
SCLC,CDK4,0.212,0.4066,0.943
SCLC,VEGFB,0.4197,0.2028,0.9416
SCLC,SLC35D3,0.9044,0.0914,0.9416
SCLC,HSP90AA1,0.1208,0.7172,0.9411
SCLC,ETFRF1,0.3878,0.2197,0.9392
SCLC,MYL6B,0.2552,0.3361,0.9341
SCLC,DDX46,0.2723,0.3138,0.9239
SCLC,KRR1,0.3597,0.2357,0.9219
SCLC,CLSPN,0.5275,0.1584,0.9197
SCLC,HNRNPR,0.2335,0.3657,0.9088
SCLC,ARHGEF25,0.7353,0.1105,0.9068
SCLC,GINS2,0.4816,0.173,0.9065
SCLC,HTATSF1,0.3522,0.2392,0.9023
SCLC,ESPL1,0.8022,0.0993,0.8912
SCLC,STMN1,0.138,0.6226,0.8875
SCLC,CDKN1C,0.3865,0.2158,0.8861
SCLC,H3-3A,0.1202,0.7158,0.8861
SCLC,DTX3,0.3962,0.2096,0.8778
SCLC,SIX1,0.4171,0.1985,0.8769
SCLC,TDG,0.3674,0.2265,0.8743
SCLC,DHPS,0.3153,0.2654,0.87
SCLC,SLC12A5,0.6505,0.1228,0.87
SCLC,MDK,0.1693,0.5035,0.8642
SCLC,DHX36,0.2992,0.2795,0.8612
SCLC,RPRML,0.812,0.0953,0.8606
SCLC,RGS17,0.5118,0.1583,0.8604
SCLC,ARL3,0.3129,0.2667,0.86
SCLC,SLC36A4,0.4872,0.1668,0.8589
SCLC,SMC2,0.3915,0.2099,0.8517
SCLC,TXNL4A,0.2548,0.3291,0.8473
SCLC,PAFAH1B3,0.2407,0.3475,0.8285
SCLC,EIF5,0.2089,0.4022,0.8222
SCLC,GAD2,0.9404,0.0765,0.8133
SCLC,CCNE2,0.6815,0.1117,0.8128
SCLC,PAGE2B,0.6939,0.1094,0.8126
SCLC,SVBP,0.349,0.233,0.8051
SCLC,MAGOHB,0.3893,0.2069,0.8023
SCLC,SUPT16H,0.2882,0.2853,0.7998
SCLC,SMC1A,0.3457,0.2348,0.7982
SCLC,UPF3B,0.3589,0.2254,0.7964
SCLC,FKBP3,0.2403,0.3451,0.7931
SCLC,PGP,0.3971,0.2009,0.7842
SCLC,HEPACAM2,0.7927,0.0912,0.7836
SCLC,HOXB8,0.6629,0.1114,0.7688
SCLC,SRSF10,0.234,0.3527,0.7679
SCLC,HMGN2,0.1379,0.6123,0.7651
SCLC,ENY2,0.2063,0.4019,0.7596
SCLC,NUCKS1,0.1714,0.4862,0.7401
SCLC,SNRPD1,0.194,0.4202,0.6621
SCLC,KHDRBS1,0.2209,0.3638,0.6431
SCLC,PPP1R14B,0.2213,0.3627,0.6378
SCLC,NEUROD4,0.9545,0.0585,0.6223
SCLC,NUDC,0.2023,0.3981,0.621
SCLC,BEX1,0.1932,0.4158,0.5902
SCLC,ERH,0.1767,0.4573,0.5821
SCLC,RTRAF,0.2007,0.3974,0.5708
SCLC,PRDX2,0.1573,0.5156,0.5511
SCLC,DYNLT1,0.1941,0.4092,0.5372
SCLC,HSBP1,0.1877,0.4245,0.5369
SCLC,HNRNPA3,0.1809,0.4417,0.5343
SCLC,APEX1,0.2261,0.344,0.5193
SCLC,POLR2I,0.2189,0.3559,0.5109
SCLC,MARCKS,0.1971,0.3993,0.5021
SCLC,FUS,0.1903,0.4149,0.4993
SCLC,TCP1,0.2193,0.3538,0.4956
SCLC,SRSF11,0.2099,0.3712,0.489
SCLC,SNRPB2,0.2155,0.3603,0.4889
SCLC,JUND,0.1807,0.4373,0.4772
SCLC,PTH2,0.9838,0.0422,0.4675
SCLC,RBIS,0.2215,0.3453,0.4428
SCLC,POLR2K,0.2111,0.3635,0.4303
SCLC,KDELR1,0.2184,0.3485,0.4155
SCLC,SIVA1,0.1979,0.3894,0.4116
SCLC,XRCC5,0.2152,0.3537,0.4081
SCLC,SRSF3,0.172,0.4548,0.398
SCLC,LHX3,0.9939,0.0339,0.3827
SCLC,SNRPF,0.1869,0.4119,0.3711
SCLC,PTMA,0.1048,0.7777,0.3691
SCLC,TBCB,0.2096,0.36,0.3537
SCLC,H4C3,0.1818,0.4229,0.3466
SCLC,NDUFB11,0.1619,0.4801,0.3242
SCLC,DNAJA1,0.1891,0.4017,0.3163
SCLC,DAD1,0.1812,0.4217,0.3149
SCLC,ZSCAN5B,0.9745,0.0294,0.311
SCLC,SFPQ,0.1966,0.3829,0.3019
SCLC,ATP6V0B,0.1734,0.4387,0.2607
SCLC,BSND,0.959,0.0264,0.2596
SCLC,H2AZ2,0.1963,0.3787,0.2473
SCLC,CACYBP,0.2016,0.3668,0.2445
SCLC,COPE,0.1885,0.3969,0.2443
SCLC,PNISR,0.1867,0.401,0.2392
SCLC,C1orf127,0.9761,0.0222,0.2296
SCLC,PTGES3,0.1704,0.4444,0.2235
SCLC,EID1,0.1928,0.384,0.2139
SCLC,MYOG,0.9731,0.0209,0.2124
SCLC,FITM1,0.9687,0.0211,0.2098
SCLC,KTN1,0.1845,0.4039,0.2094
SCLC,PTMS,0.1514,0.507,0.2069
SCLC,DYNLRB1,0.1878,0.3951,0.2024
SCLC,SEC11C,0.1357,0.5734,0.2024
SCLC,RFPL4B,0.9696,0.0204,0.2024
SCLC,GRXCR1,0.9884,0.0186,0.201
SCLC,HTR3C,0.9668,0.0205,0.2009
SCLC,SLC17A7,0.9582,0.0213,0.2
SCLC,TRIR,0.1802,0.413,0.1837
SCLC,EPHA8,0.966,0.0181,0.1718
SCLC,CCM2L,0.9632,0.0178,0.1662
SCLC,PRMT1,0.207,0.3486,0.1635
SCLC,RAX,0.9938,0.0142,0.1569
SCLC,HNRNPM,0.2051,0.3516,0.1528
SCLC,RBX1,0.2029,0.3558,0.1499
SCLC,NEUROG3,0.9934,0.0132,0.1442
SCLC,PFDN2,0.1966,0.3688,0.1397
SCLC,LMOD2,0.9807,0.0139,0.1395
SCLC,GPR6,0.9904,0.0128,0.1373
SCLC,CPA5,0.9744,0.0141,0.1348
SCLC,DYNLL1,0.1491,0.5096,0.1341
SCLC,BANF1,0.1877,0.3888,0.129
SCLC,RFX6,0.9538,0.0147,0.1195
SCLC,NDUFC2,0.1764,0.4178,0.1194
SCLC,OCM,0.9786,0.0121,0.1166
SCLC,PRDM13,0.9551,0.0143,0.1166
SCLC,KCNK16,0.9939,0.0106,0.1148
SCLC,SRSF7,0.1783,0.4122,0.1146
SCLC,CLEC4G,0.9574,0.0129,0.1038
SCLC,RPL22,0.1223,0.6349,0.1034
SCLC,PRR18,0.9568,0.0129,0.1021
SCLC,BARHL1,0.9918,0.0096,0.1016
SCLC,TPBGL,0.9657,0.0118,0.1001
SCLC,SRSF9,0.1873,0.387,0.0956
SCLC,NDUFS5,0.1549,0.4845,0.095
SCLC,GPR88,0.9875,0.0093,0.0937
SCLC,TMEM114,0.9847,0.0095,0.0934
SCLC,ACTL7B,0.9972,0.0084,0.0931
SCLC,PAX4,0.9907,0.0089,0.0925
SCLC,HMGB1,0.1376,0.5548,0.0921
SCLC,PARK7,0.1645,0.4509,0.0884
SCLC,GIPC3,0.959,0.0114,0.0882
SCLC,CRHR2,0.9918,0.0084,0.088
SCLC,ADAD1,0.9875,0.0082,0.081
SCLC,AKAIN1,0.9856,0.0083,0.0804
SCLC,GNRH2,0.9945,0.0074,0.079
SCLC,NEUROG2,0.963,0.0101,0.0771
SCLC,MARCKSL1,0.1563,0.4773,0.0741
SCLC,HMX2,0.9628,0.0097,0.0727
SCLC,MAGEA8,0.9597,0.0099,0.0709
SCLC,ATOH7,0.9667,0.0092,0.0707
SCLC,SF3B5,0.1979,0.3595,0.0688
SCLC,SNRPE,0.1716,0.4271,0.0684
SCLC,CBX3,0.2005,0.3539,0.0679
SCLC,GHRH,0.9811,0.0076,0.0676
SCLC,HOXC12,0.9818,0.0071,0.0626
SCLC,RGS21,0.9798,0.0072,0.0624
SCLC,PLSCR5,0.9955,0.0058,0.0622
SCLC,PTF1A,0.9843,0.0068,0.0616
SCLC,SKOR1,0.9627,0.0087,0.0609
SCLC,MYH6,0.9732,0.0077,0.0605
SCLC,THEG,0.9694,0.008,0.0603
SCLC,RAB2A,0.2044,0.3447,0.0592
SCLC,PITX3,0.9891,0.006,0.0575
SCLC,NDUFAB1,0.1893,0.378,0.0506
SCLC,SRRM2,0.1957,0.3628,0.0466
SCLC,SELENOW,0.1624,0.4538,0.0451
SCLC,SHISAL2B,0.9725,0.0062,0.0432
SCLC,CACNG1,0.9649,0.0067,0.0405
SCLC,KCNG3,0.9562,0.0075,0.0401
SCLC,ACTN3,0.9813,0.0051,0.0395
SCLC,GRM2,0.9609,0.007,0.0392
SCLC,NEUROG1,0.9644,0.0066,0.0384
SCLC,FAM110D,0.9606,0.0069,0.0376
SCLC,HTR5A,0.9921,0.0036,0.0333
SCLC,ANP32B,0.184,0.3897,0.0328
SCLC,PABPN1L,0.9952,0.0032,0.0324
SCLC,GPHA2,0.9552,0.0066,0.0285
SCLC,GDF6,0.975,0.0047,0.0278
SCLC,ZSCAN10,0.992,0.0031,0.027
SCLC,TBR1,0.9545,0.0063,0.0249
SCLC,KASH5,0.97,0.0048,0.0245
SCLC,UTF1,0.992,0.0028,0.0236
SCLC,BPIFB4,0.9618,0.0054,0.0221
SCLC,LRRIQ4,0.9731,0.0043,0.0217
SCLC,UBE2U,0.9859,0.0031,0.0215
SCLC,KIR2DL1,0.9937,0.0024,0.0211
SCLC,KCNS2,0.977,0.0036,0.0182
SCLC,HMGN1,0.1522,0.4874,0.0179
SCLC,CALHM1,0.969,0.0043,0.0178
SCLC,SMYD1,0.9886,0.0024,0.0157
SCLC,KLHL33,0.9845,0.0027,0.0149
SCLC,CHRND,0.9548,0.0054,0.0148
SCLC,GPR62,0.9694,0.004,0.0144
SCLC,SLC6A5,0.991,0.002,0.0137
SCLC,FAM163B,0.9694,0.0039,0.0128
SCLC,ANKRD33,0.9755,0.0032,0.012
SCLC,ANKRD34C,0.9932,0.0015,0.0108
SCLC,C1orf105,0.9685,0.0037,0.0102
SCLC,AANAT,0.9727,0.0033,0.0101
SCLC,H1-8,0.9843,0.0023,0.01
SCLC,NUCB2,0.2013,0.347,0.0092
SCLC,C11orf58,0.1886,0.3761,0.0083
SCLC,TMEM89,0.9933,0.0013,0.0078
SCLC,FATE1,0.987,0.0017,0.0067
SCLC,TCF24,0.9584,0.0044,0.0066
SCLC,UQCRB,0.1418,0.5284,0.006
SCLC,STARD6,0.9697,0.0031,0.0046
SCLC,IL22,0.992,0.0011,0.0043
SCLC,SOAT2,0.9719,0.0029,0.0043
SCLC,FOXD4L1,0.9815,0.002,0.0037
SCLC,GPR150,0.9599,0.0039,0.0035
SCLC,PRLH,0.9938,0.0008,0.0031
SCLC,KRT36,0.9871,0.0014,0.0027
SCLC,DPPA5,0.985,0.0015,0.0024
SCLC,TRIM43,0.9835,0.0017,0.0024
SCLC,KRTAP5-5,0.9919,0.0009,0.0022
SCLC,HNRNPU,0.1809,0.3952,0.0021
SCLC,VGLL2,0.9728,0.0025,0.0007
SCLC,C17orf50,0.9555,0.0041,0.0005
SCLC,GADL1,0.9872,0.0012,0.0003
SCLC,DDX53,0.9892,0.001,0.0002
SCLC,GRK1,0.989,0.001,0.0001
Wilms_Tumor,PODXL,0.4298,0.5432,4.8992
Wilms_Tumor,CCN2,0.293,0.5601,4.0064
Wilms_Tumor,TCF21,0.9773,0.3513,4.0026
Wilms_Tumor,IGFBP7,0.1639,0.7891,3.9407
Wilms_Tumor,CLIC5,0.4469,0.4411,3.8181
Wilms_Tumor,NPHS2,0.9922,0.3293,3.7665
Wilms_Tumor,BCAM,0.2096,0.6537,3.7211
Wilms_Tumor,MME,0.4489,0.429,3.6899
Wilms_Tumor,NHSL2,0.6087,0.3762,3.6687
Wilms_Tumor,MXRA8,0.426,0.4307,3.5893
Wilms_Tumor,CPXM1,0.492,0.3903,3.4404
Wilms_Tumor,PTPRO,0.5409,0.3614,3.2932
Wilms_Tumor,MAFB,0.3529,0.4423,3.2361
Wilms_Tumor,MYL9,0.2649,0.5199,3.1848
Wilms_Tumor,PCOLCE2,0.4924,0.3569,3.0595
Wilms_Tumor,GPR85,0.6267,0.3116,2.9753
Wilms_Tumor,SBSPON,0.5079,0.3428,2.9599
Wilms_Tumor,ZNF90,0.2734,0.4783,2.8238
Wilms_Tumor,WT1,0.3923,0.3814,2.8227
Wilms_Tumor,TNNT2,0.8519,0.2506,2.6981
Wilms_Tumor,CDC42EP3,0.3769,0.377,2.6679
Wilms_Tumor,BEST1,0.4948,0.3211,2.6593
Wilms_Tumor,COL4A3,0.7634,0.2582,2.649
Wilms_Tumor,TIPIN,0.4763,0.3263,2.6401
Wilms_Tumor,HTRA1,0.3722,0.3695,2.5481
Wilms_Tumor,PDLIM2,0.4219,0.341,2.5385
Wilms_Tumor,NPHS1,0.7005,0.257,2.5183
Wilms_Tumor,FGF1,0.6561,0.261,2.4674
Wilms_Tumor,ID3,0.2789,0.4372,2.4249
Wilms_Tumor,ZNF302,0.3618,0.3594,2.3551
Wilms_Tumor,TGFBR3,0.6355,0.2552,2.3512
Wilms_Tumor,CYP1B1,0.5225,0.2729,2.214
Wilms_Tumor,PLA2R1,0.5957,0.2518,2.2075
Wilms_Tumor,MRGPRF,0.736,0.2229,2.1965
Wilms_Tumor,ARHGAP29,0.3145,0.3741,2.1073
Wilms_Tumor,AIF1L,0.3959,0.3081,2.0051
Wilms_Tumor,PTGDS,0.3874,0.3088,1.9581
Wilms_Tumor,PTH1R,0.8897,0.1744,1.8754
Wilms_Tumor,RNF220,0.4717,0.258,1.8371
Wilms_Tumor,CITED2,0.2518,0.4192,1.8333
Wilms_Tumor,COL4A4,0.7178,0.1935,1.8242
Wilms_Tumor,SOCS3,0.2866,0.3756,1.8149
Wilms_Tumor,CSDC2,0.7425,0.1885,1.8131
Wilms_Tumor,TJP1,0.2809,0.3775,1.7675
Wilms_Tumor,ENPEP,0.3063,0.3509,1.7569
Wilms_Tumor,WASHC1,0.4559,0.2544,1.7217
Wilms_Tumor,TYRO3,0.538,0.2249,1.719
Wilms_Tumor,TNS2,0.5171,0.2314,1.7182
Wilms_Tumor,TSPAN2,0.6838,0.1898,1.7132
Wilms_Tumor,THSD7A,0.3237,0.3286,1.6775
Wilms_Tumor,RIPOR1,0.4484,0.2536,1.6763
Wilms_Tumor,DCN,0.3993,0.2689,1.5773
Wilms_Tumor,SRGAP2B,0.6138,0.1916,1.5664
Wilms_Tumor,NECAB1,0.5344,0.2125,1.5646
Wilms_Tumor,TNNI1,0.6669,0.1796,1.5592
Wilms_Tumor,FOS,0.1352,0.6931,1.5458
Wilms_Tumor,VASN,0.436,0.246,1.5264
Wilms_Tumor,LEPROT,0.2815,0.3554,1.521
Wilms_Tumor,NPR1,0.4672,0.2268,1.4593
Wilms_Tumor,ITM2C,0.1967,0.479,1.4071
Wilms_Tumor,LTBP4,0.4517,0.2255,1.371
Wilms_Tumor,FLRT3,0.5686,0.1845,1.3563
Wilms_Tumor,GREM1,0.7453,0.144,1.309
Wilms_Tumor,FOXC2,0.7005,0.1512,1.305
Wilms_Tumor,SPOCK2,0.3659,0.265,1.3043
Wilms_Tumor,ARHGAP28,0.7179,0.1476,1.2993
Wilms_Tumor,DDN,0.9697,0.1158,1.2966
Wilms_Tumor,NACA2,0.293,0.3233,1.2934
Wilms_Tumor,SOST,0.519,0.1937,1.2932
Wilms_Tumor,FOXC1,0.5147,0.1951,1.2926
Wilms_Tumor,MYLK,0.5142,0.1939,1.2779
Wilms_Tumor,KLRB1,0.7926,0.1309,1.2388
Wilms_Tumor,RAET1E,0.8047,0.1291,1.2365
Wilms_Tumor,ST6GALNAC6,0.5564,0.1769,1.2308
Wilms_Tumor,ARMH4,0.4685,0.2053,1.2188
Wilms_Tumor,HLA-G,0.5131,0.188,1.2062
Wilms_Tumor,SULF1,0.4797,0.1972,1.1758
Wilms_Tumor,NDN,0.4597,0.2047,1.1711
Wilms_Tumor,CRB2,0.3318,0.2774,1.1661
Wilms_Tumor,HBB,0.3117,0.2923,1.1424
Wilms_Tumor,GOLIM4,0.3339,0.272,1.1228
Wilms_Tumor,SAMD11,0.6348,0.148,1.1209
Wilms_Tumor,MED22,0.588,0.1584,1.1148
Wilms_Tumor,CCL4,0.5669,0.1637,1.1129
Wilms_Tumor,TMEM98,0.26,0.3449,1.1062
Wilms_Tumor,ARHGEF3,0.3629,0.2492,1.1007
Wilms_Tumor,F3,0.3202,0.2807,1.0936
Wilms_Tumor,CCBE1,0.4402,0.2062,1.0921
Wilms_Tumor,ITM2B,0.1281,0.6885,1.0858
Wilms_Tumor,CA10,0.6055,0.1505,1.0736
Wilms_Tumor,HS3ST3B1,0.7485,0.1226,1.069
Wilms_Tumor,BTG2,0.2129,0.415,1.0593
Wilms_Tumor,JUNB,0.1392,0.6317,1.0581
Wilms_Tumor,NBEAL1,0.1649,0.5323,1.0371
Wilms_Tumor,NPNT,0.3006,0.2934,1.0357
Wilms_Tumor,EFEMP1,0.3702,0.2374,1.0194
Wilms_Tumor,GADD45B,0.2071,0.4225,1.0139
Wilms_Tumor,LRRC2,0.642,0.1371,1.0138
Wilms_Tumor,SYNPO,0.3742,0.2343,1.0134
Wilms_Tumor,PALS1,0.4638,0.1884,1.003
Wilms_Tumor,GLUL,0.2018,0.429,0.9613
Wilms_Tumor,IGFBP4,0.2081,0.414,0.9409
Wilms_Tumor,PDE4DIP,0.2856,0.2996,0.9329
Wilms_Tumor,EGR1,0.1798,0.4787,0.9252
Wilms_Tumor,EMC10,0.2701,0.3155,0.9131
Wilms_Tumor,BST2,0.1643,0.5201,0.875
Wilms_Tumor,ARID5B,0.2842,0.2935,0.8448
Wilms_Tumor,TPPP2,0.9794,0.0721,0.8055
Wilms_Tumor,CD151,0.1791,0.4697,0.8019
Wilms_Tumor,EIF3M,0.2035,0.4111,0.799
Wilms_Tumor,VAMP5,0.291,0.2821,0.7968
Wilms_Tumor,HIPK2,0.2796,0.2929,0.7802
Wilms_Tumor,GADD45A,0.2325,0.3555,0.7735
Wilms_Tumor,RERG,0.3025,0.2666,0.7503
Wilms_Tumor,SPARC,0.181,0.4555,0.6955
Wilms_Tumor,ZFP36,0.1786,0.4614,0.6904
Wilms_Tumor,TSC22D1,0.1901,0.432,0.6899
Wilms_Tumor,JUN,0.1391,0.5978,0.6654
Wilms_Tumor,TIMP3,0.2911,0.2677,0.6332
Wilms_Tumor,IER2,0.1604,0.5113,0.627
Wilms_Tumor,NECTIN2,0.2672,0.2904,0.586
Wilms_Tumor,N4BP2L2,0.2021,0.3952,0.5801
Wilms_Tumor,NUCB1,0.2603,0.2981,0.5749
Wilms_Tumor,CIRBP,0.15,0.5439,0.5687
Wilms_Tumor,NFIC,0.2508,0.2946,0.3902
Wilms_Tumor,RETREG1,0.2401,0.309,0.3758
Wilms_Tumor,BEX4,0.2297,0.3253,0.3752
Wilms_Tumor,TMEM59,0.1737,0.4477,0.3734
Wilms_Tumor,CALHM5,0.9731,0.0306,0.3228
Wilms_Tumor,EIF4A2,0.1574,0.4942,0.3125
Wilms_Tumor,SLC25A37,0.2548,0.2824,0.312
Wilms_Tumor,C20orf144,0.9403,0.0321,0.3042
Wilms_Tumor,APP,0.1973,0.3812,0.2992
Wilms_Tumor,STAT3,0.2579,0.2764,0.2913
Wilms_Tumor,SKP1,0.1555,0.4979,0.2775
Wilms_Tumor,TSC22D3,0.1893,0.3975,0.2726
Wilms_Tumor,DSTN,0.1452,0.5372,0.2693
Wilms_Tumor,DYNC1I2,0.258,0.2729,0.252
Wilms_Tumor,SAG,0.9529,0.025,0.2373
Wilms_Tumor,RHOXF1,0.9487,0.0244,0.2257
Wilms_Tumor,LAPTM4A,0.1594,0.4786,0.2115
Wilms_Tumor,BOLL,0.9803,0.0195,0.2038
Wilms_Tumor,ANAPC16,0.1953,0.3761,0.1909
Wilms_Tumor,CLCNKA,0.9357,0.0207,0.168
Wilms_Tumor,CLEC4M,0.9845,0.016,0.1671
Wilms_Tumor,LAMP1,0.2295,0.3071,0.1624
Wilms_Tumor,CYP3A43,0.9591,0.0169,0.1516
Wilms_Tumor,KLRC1,0.9455,0.0181,0.1496
Wilms_Tumor,LRPAP1,0.2375,0.2922,0.1396
Wilms_Tumor,BSG,0.1657,0.4514,0.137
Wilms_Tumor,SLC22A8,0.9812,0.0136,0.1366
Wilms_Tumor,ACTN4,0.1797,0.4099,0.1343
Wilms_Tumor,MINAR2,0.9672,0.0133,0.118
Wilms_Tumor,TCF23,0.9737,0.012,0.1105
Wilms_Tumor,MYL6,0.1206,0.6459,0.1105
Wilms_Tumor,MT1HL1,0.9587,0.0133,0.1088
Wilms_Tumor,CALHM4,0.9935,0.0093,0.1005
Wilms_Tumor,MT1B,0.97,0.0109,0.0938
Wilms_Tumor,FGF22,0.9491,0.0128,0.0926
Wilms_Tumor,SPAAR,0.9717,0.0103,0.0895
Wilms_Tumor,DDX17,0.1889,0.3821,0.0868
Wilms_Tumor,ZNF683,0.9583,0.0113,0.0861
Wilms_Tumor,SBDS,0.2182,0.3193,0.0767
Wilms_Tumor,GPX3,0.1606,0.4626,0.0757
Wilms_Tumor,RGSL1,0.959,0.0101,0.0735
Wilms_Tumor,TMEM244,0.9873,0.0074,0.0716
Wilms_Tumor,NCR1,0.9865,0.0074,0.0709
Wilms_Tumor,TMEM262,0.9883,0.007,0.0682
Wilms_Tumor,ISCU,0.2296,0.298,0.0602
Wilms_Tumor,SAMD3,0.9372,0.011,0.0595
Wilms_Tumor,TBX21,0.9376,0.011,0.0591
Wilms_Tumor,TRAT1,0.9385,0.0107,0.0567
Wilms_Tumor,GSTA3,0.9634,0.008,0.0541
Wilms_Tumor,SSTR3,0.9461,0.0094,0.0511
Wilms_Tumor,SYPL2,0.935,0.0105,0.0504
Wilms_Tumor,METTL24,0.9505,0.0088,0.0492
Wilms_Tumor,SMIM10L2B,0.9418,0.0095,0.0471
Wilms_Tumor,FCGR3B,0.9761,0.0062,0.0469
Wilms_Tumor,TSGA13,0.9716,0.0064,0.044
Wilms_Tumor,TNFRSF8,0.9652,0.0069,0.0426
Wilms_Tumor,LILRA4,0.9374,0.0094,0.0411
Wilms_Tumor,ICOS,0.9623,0.0069,0.0397
Wilms_Tumor,SLFN12L,0.9418,0.0086,0.0372
Wilms_Tumor,XCL2,0.96,0.0068,0.0365
Wilms_Tumor,SH2D1B,0.9687,0.0059,0.0351
Wilms_Tumor,CLEC10A,0.9452,0.0081,0.0347
Wilms_Tumor,ZNF366,0.958,0.0068,0.0338
Wilms_Tumor,PNLIPRP1,0.9586,0.0066,0.032
Wilms_Tumor,ITK,0.9384,0.0085,0.0315
Wilms_Tumor,TRAPPC3L,0.9808,0.0044,0.0305
Wilms_Tumor,IFNG,0.9472,0.0075,0.0304
Wilms_Tumor,RABAC1,0.2034,0.3442,0.0286
Wilms_Tumor,RNASE13,0.9892,0.0033,0.0264
Wilms_Tumor,HTR3E,0.9759,0.0043,0.0251
Wilms_Tumor,FASLG,0.9822,0.0037,0.0246
Wilms_Tumor,BLOC1S1,0.213,0.3243,0.022
Wilms_Tumor,NTN5,0.9547,0.006,0.0217
Wilms_Tumor,RGS8,0.954,0.006,0.021
Wilms_Tumor,IL18RAP,0.9747,0.0041,0.0205
Wilms_Tumor,LINGO4,0.9804,0.0033,0.0183
Wilms_Tumor,EOMES,0.9608,0.0052,0.0183
Wilms_Tumor,RP1L1,0.9644,0.0047,0.0166
Wilms_Tumor,CCL14,0.974,0.0036,0.0145
Wilms_Tumor,HUS1B,0.9527,0.0054,0.0128
Wilms_Tumor,TMEM95,0.9907,0.0019,0.0125
Wilms_Tumor,KIR2DL4,0.9892,0.002,0.0122
Wilms_Tumor,PSG2,0.9864,0.0021,0.0108
Wilms_Tumor,ARHGEF15,0.9815,0.0025,0.01
Wilms_Tumor,CFAP97D1,0.9884,0.0019,0.0098
Wilms_Tumor,HHLA1,0.9884,0.0019,0.0096
Wilms_Tumor,C12orf50,0.9556,0.0049,0.0095
Wilms_Tumor,CSH2,0.9934,0.0014,0.0089
Wilms_Tumor,TECTB,0.996,0.0011,0.0086
Wilms_Tumor,FOXI2,0.9854,0.002,0.0082
Wilms_Tumor,INSYN1,0.9593,0.0044,0.0082
Wilms_Tumor,FAM151A,0.9663,0.0038,0.0081
Wilms_Tumor,OR7E24,0.9539,0.0049,0.0079
Wilms_Tumor,KRT28,0.9941,0.0011,0.0069
Wilms_Tumor,SMIM9,0.9978,0.0007,0.0059
Wilms_Tumor,ISM2,0.9663,0.0036,0.0058
Wilms_Tumor,MCCD1,0.9854,0.0018,0.0056
Wilms_Tumor,CTXN3,0.9658,0.0036,0.0055
Wilms_Tumor,ATP6V1G3,0.9812,0.0021,0.0045
Wilms_Tumor,ACOD1,0.9907,0.0012,0.0042
Wilms_Tumor,CCDC168,0.9697,0.0031,0.0041
Wilms_Tumor,OR52K1,0.9903,0.0012,0.0039
Wilms_Tumor,KIR3DL1,0.9952,0.0008,0.0038
Wilms_Tumor,CDCP2,0.9923,0.001,0.0036
Wilms_Tumor,PTGDR2,0.9836,0.0018,0.0036
Wilms_Tumor,WNT8B,0.9851,0.0016,0.0036
Wilms_Tumor,C2orf78,0.9896,0.0012,0.0035
Wilms_Tumor,IL17F,0.9921,0.001,0.0031
Wilms_Tumor,GHSR,0.9895,0.0011,0.0026
Wilms_Tumor,MEP1B,0.9686,0.003,0.0023
Wilms_Tumor,SPINK9,0.9801,0.002,0.0022
Wilms_Tumor,IZUMO1,0.979,0.002,0.002
Wilms_Tumor,OPN5,0.9911,0.0009,0.0019
Wilms_Tumor,KCNA4,0.952,0.0046,0.0019
Wilms_Tumor,LIPN,0.9871,0.0013,0.0017
Wilms_Tumor,SIRPG,0.9504,0.0047,0.0017
Wilms_Tumor,CEACAM16,0.9841,0.0015,0.0011
Wilms_Tumor,SEMA3G,0.947,0.005,0.001
Wilms_Tumor,ALAS2,0.9467,0.005,0.0007
Wilms_Tumor,IL17A,0.9841,0.0015,0.0005
Wilms_Tumor,C20orf202,0.9856,0.0013,0.0001
