cell_type,symbol,m1,m2
B_cell,MS4A1,4.94399458497028,0.362097122866496
B_cell,BANK1,3.02211593057951,0.397896045663137
B_cell,CD79B,3.7904671024006,1.67533549031437
B_cell,CD79A,5.91605876193508,3.82008984442485
B_cell,VPREB3,2.06986922236075,0.508507546915837
B_cell,CD19,1.7908815853255,0.472388583825017
B_cell,BLK,1.64621361179622,0.373616667299989
B_cell,CD37,5.64926546004758,4.73111957040783
B_cell,FCER2,1.02216459793103,0.104606200015287
B_cell,ADAM28,2.00595388268136,1.13764045736741
B_cell,FCRLA,1.62649434689465,0.763020608763888
B_cell,EEF1B2,6.58438996897353,5.7729901077996
B_cell,BCAS4,1.41301515338701,0.60338255384366
B_cell,FCRL1,0.794598090481601,0.0386884470587175
B_cell,PAX5,0.865885287555084,0.132203516297451
B_cell,TNFRSF13C,1.24136018302929,0.509517212312709
B_cell,P2RX5,1.04541712594129,0.377158696158276
B_cell,NCF1,2.75171672073132,2.10088850844562
B_cell,TMEM243,2.27233442449112,1.71391504236967
B_cell,POU2F2,2.36836609230893,1.81034584470607
B_cell,ORAI2,1.91883986471297,1.37697573551035
B_cell,ARHGAP24,1.19409099316696,0.668405757688974
B_cell,CXCR5,0.653400232834251,0.133083444367103
B_cell,IRAG2,1.39426344157612,0.901972549992281
B_cell,QRSL1,1.04453548916203,0.575650259187883
B_cell,AIM2,0.955181060176057,0.487066715311038
B_cell,TNFRSF13B,1.27205092727941,0.825047114957944
B_cell,RCSD1,2.23319938296891,1.78683943385009
B_cell,BACH2,0.679419350840116,0.258176430965399
B_cell,TLR10,0.809653864104778,0.397080623377926
B_cell,HVCN1,1.38657805525316,0.977954404711015
B_cell,STAG3,0.734615373096451,0.348280211705752
B_cell,SMIM14,2.4908775820386,2.11090541481233
B_cell,TCL1A,1.26198557364295,0.885909749229619
B_cell,LY9,1.2689947744228,0.902596647433261
B_cell,SNX22,0.592220486725664,0.22605733211832
B_cell,HLA-DOB,1.50451548820366,1.15442149587738
B_cell,RPS5,7.49118625689991,7.14450877784166
B_cell,RPL8,8.02313909012088,7.6857223304201
B_cell,RPS8,8.39856191113494,8.06916581184806
B_cell,SP140,1.43687850041618,1.10943420484584
B_cell,RPS21,7.26119980188489,6.94704037269247
B_cell,FCMR,1.68939529873356,1.3756143217377
B_cell,SF1,2.79801730476679,2.4961182256544
B_cell,GGA2,1.4287039171558,1.14397497733887
B_cell,CR2,0.29622019718703,0.0264012712200606
B_cell,ZCCHC7,1.31164269230769,1.07349179399737
B_cell,FAM177B,0.349896373652443,0.11324229614641
B_cell,CD22,1.51179500571828,1.27558674395504
B_cell,MBD4,1.43515288410571,1.20117673438447
B_cell,MYCBP2,1.99007670898906,1.76076196593867
B_cell,PDE4B,2.00303141560028,1.78111388446375
B_cell,COL19A1,0.285771854568696,0.0642929487363932
B_cell,PXK,0.85819470205124,0.643536087977452
B_cell,CNR2,0.377963704884609,0.163937651085921
B_cell,GPR18,0.700680372698455,0.489490833636768
B_cell,RPL22L1,2.92128880977894,2.72329365485425
B_cell,PRDM2,1.27026461538462,1.07561527293254
B_cell,CCR6,0.835231237218619,0.645432919600716
B_cell,BTLA,0.510164666884815,0.348089893332316
B_cell,RUBCNL,0.739906345177665,0.583255450072652
B_cell,MAP4K2,0.582533959506504,0.426834076018284
B_cell,TFEB,0.770612942837014,0.616967772265226
B_cell,PPM1K,1.89717685864076,1.74503497313885
B_cell,C12orf42,0.217372723854932,0.0897234938138036
B_cell,CD72,0.992994534449772,0.865791107540785
B_cell,RABEP2,0.639596457819604,0.515707724584781
B_cell,INPP5D,1.61333634385105,1.49038267814342
B_cell,RIC3,0.879944069576218,0.75979740183694
B_cell,SPIB,1.31989549578457,1.20690632290425
B_cell,HDAC9,0.724355890992728,0.616138616376724
B_cell,TRIM38,1.42388640988453,1.31811881564093
B_cell,SMARCB1,1.78457979244335,1.6812325180427
B_cell,CD40,1.54211787294468,1.44343313880733
B_cell,SHISAL2A,0.462737623139464,0.364740031403165
B_cell,ANKRD13A,0.88446779744755,0.791629687776054
B_cell,DUS2,0.347420759222661,0.254730100388501
B_cell,AFF3,1.03590214048888,0.944614622604443
B_cell,FCRL2,0.721386532837528,0.632450218897426
B_cell,ABCB4,0.181356379379321,0.0979170200643827
B_cell,ZNF107,0.393749312002068,0.313784736247754
B_cell,GNB5,0.786732263757348,0.715049419000766
B_cell,SH2B2,0.352179050337019,0.282261033704223
B_cell,VCPKMT,0.429592616728966,0.36525366568577
B_cell,TRAF5,0.993176075472751,0.934277721363024
B_cell,FCRL4,0.0775735650069156,0.0216422124436574
B_cell,ATF7IP2,0.703828900321589,0.647972236494408
B_cell,PNISR,3.4738624293777,3.41964271640761
B_cell,PIKFYVE,0.645298647088086,0.596492339436129
B_cell,ZBTB24,0.3916048934915,0.34332516138702
B_cell,KHDRBS2,0.105175010273711,0.0592348716954959
B_cell,TMED8,0.456287082886138,0.412776079166369
B_cell,ANK1,0.137085768618109,0.0938748301889557
B_cell,SESN3,0.714314277379781,0.672835294454579
B_cell,SMCHD1,2.18772116235535,2.15235322463343
B_cell,TMEM156,1.1886830839833,1.15765519130083
B_cell,CLEC17A,0.0789984635356119,0.0491645288847722
B_cell,ZNF860,0.101154221259614,0.0721030298079181
B_cell,BLNK,1.52783370252636,1.50049318846096
B_cell,POLM,0.519290387083708,0.493243913891623
B_cell,MBNL3,0.264128735839144,0.238563081945371
B_cell,ZNF92,0.473489481985131,0.448288509147213
B_cell,ALG13,1.04103592200652,1.02076484979416
B_cell,KLHL14,0.146723845061577,0.127621216897787
B_cell,ZNF791,1.0237605869118,1.00577486819992
B_cell,PTK2B,1.21847583514198,1.20075013517885
B_cell,CHI3L2,0.413372887337131,0.396618641324907
B_cell,ZNF318,0.353599160680056,0.337663949167248
B_cell,SLC6A16,0.0756739141145219,0.0628334440072194
B_cell,BEND4,0.0767990668880456,0.0650571903995631
B_cell,H4C3,2.814733804072,2.80394537739162
B_cell,TGIF2,0.473371328137431,0.462779476955123
B_cell,GCSAM,0.295969151330618,0.286930831493885
B_cell,CD180,0.850059076373459,0.84123957187178
B_cell,BEND5,0.322509614781641,0.315286137560975
B_cell,CYB561A3,1.45782483747379,1.45365807360686
B_cell,IZUMO4,0.138315034166793,0.134188241123502
B_cell,LCN8,0.0767766025641025,0.074900427252152
B_cell,IL7,0.18747904961113,0.186325876701441
B_cell,PNMA5,0.0344443634352373,0.0338760510227778
B_cell,MATN1,0.0130900665717901,0.0128356874780645
B_cell,SHISA8,0.02528112968839,0.0252903020064539
B_cell,SLC35G5,0.0150887217608633,0.0155303216973799
B_cell,PARP1,2.31261210608916,2.31434435866222
B_cell,DNAH8,0.0376088756911993,0.039649477753079
B_cell,SPATA48,0.00515716658466368,0.00818584122161123
B_cell,ZPBP2,0.0103608914627798,0.0138037980208006
B_cell,BTN1A1,0.0120911526200723,0.0156240805915195
B_cell,CNKSR2,0.0871926722851525,0.0909186923657432
B_cell,IL12A,0.0477438864390746,0.0516476845884334
B_cell,HCG22,0.00759174583566057,0.0138168841313128
B_cell,ZCCHC18,0.0761584492738743,0.0824085252238992
B_cell,HTR3A,0.0548000452850854,0.0618830241036071
B_cell,KCNIP2,0.038031032658957,0.0451606618685756
B_cell,DPF3,0.084509262095797,0.0917026755196366
B_cell,H3C12,0.0232831187313388,0.0312584573610093
B_cell,ATP2A3,0.975404225654309,0.983495746936202
B_cell,TTC21A,0.154878758795111,0.163595748866532
B_cell,RABEP1,0.903082833512711,0.912044516986857
B_cell,TAF4B,0.276668736879102,0.286224109886133
B_cell,GLRA3,0.0124456560964864,0.0231225792093206
B_cell,KLK1,0.260952153858507,0.271664637392498
B_cell,CNR1,0.07296750273526,0.0840141751383638
B_cell,HCN2,0.00948728021362151,0.0215894153632682
B_cell,PLEKHG7,0.100143583359161,0.112391497262362
B_cell,GUCY2C,0.0918313952153717,0.105081167595888
B_cell,SCN3A,0.0543754937898914,0.0680348006381633
B_cell,MYBPC2,0.00897834860503018,0.0232182832741534
B_cell,GDF7,0.0193870097471112,0.035327905231529
B_cell,GALNTL6,0.0206899689238707,0.0367180756920446
B_cell,ZNF257,0.066849341976961,0.0830486122771987
B_cell,WNT16,0.0376756288780643,0.0545730276241754
B_cell,SERPINA9,0.0354171097589644,0.0528947186504447
B_cell,TCL1B,0.0324157283477216,0.0505550678238208
B_cell,COCH,0.27508180644945,0.293581603771365
B_cell,CENPM,0.541485293854633,0.560037477883192
B_cell,RPS4Y2,0.0182705279385958,0.0375015039114651
B_cell,STEAP1B,0.0635323303145057,0.0828392125968974
B_cell,NIPAL4,0.0213988310506285,0.0413877224099885
B_cell,USP6NL,0.436471232522137,0.456880649507716
B_cell,OSBPL10,0.504561336098411,0.527273783119049
B_cell,PARP15,0.634155013288109,0.659533962996062
B_cell,ZHX2,0.335936534674066,0.361587260568607
B_cell,ZNF75A,0.520474594646812,0.546126392914658
B_cell,CRIP3,0.0477648977753682,0.075768805747501
B_cell,HRK,0.0814537967174078,0.115369153765976
B_cell,PDE7A,0.932334335666592,0.969592027619116
B_cell,UTS2B,0.0237541849023873,0.0664109171557316
B_cell,SHLD1,0.321274150602378,0.365165058548706
B_cell,VPREB1,0.00879513274336283,0.0568224323133307
B_cell,TLR9,0.00868636363636364,0.0629822189736075
B_cell,RNGTT,0.654976339022372,0.710076500737093
B_cell,DTX1,0.0923571199794928,0.147865861481449
B_cell,TMEM131L,0.544068248843269,0.616139937922059
B_cell,COL4A3,0.112504592673285,0.202175469721141
B_cell,TTN,0.402433111968336,0.493466727907968
B_cell,AICDA,0.0195544415694602,0.113840085317243
B_cell,ELL3,0.0280208082505477,0.147691781525049
B_cell,STRBP,0.928768623539163,1.05089600210171
B_cell,NCOA3,1.30178555722854,1.42418642529901
B_cell,ZNF669,0.273134945984674,0.395828602754434
B_cell,NIBAN3,0.775345063089195,0.901720293563729
B_cell,KIAA0040,0.756881377656071,0.888101861442051
B_cell,CCSER1,0.140518038770205,0.316760288708618
B_cell,SPINK2,0.105342465535966,0.324372636621819
B_cell,KLK2,0.00943955307087467,0.618697618847743
B_cell,EEF1G,1.18643510508449,2.05966239272943
Dendritic,SYNGR2,4.29011863636364,3.28903789822117
Dendritic,HLA-DQA2,3.4997023255814,2.49893318128595
Dendritic,FMNL1,2.57575372340426,1.58936869196336
Dendritic,PNRC1,4.96863345478858,4.00296363844004
Dendritic,NUB1,2.13696438738754,1.1742530593939
Dendritic,LGALS2,2.79512558823529,1.84185460146866
Dendritic,HLA-DPB1,7.837365732516,6.89828122705563
Dendritic,FLT3,1.14931857880486,0.249681887993792
Dendritic,LSP1,5.35109753162163,4.46957826065644
Dendritic,EIF3L,4.27846422277811,3.42579703121445
Dendritic,CFP,2.26565793962705,1.42664987259488
Dendritic,HLA-DQA1,5.91789791976226,5.08129961504655
Dendritic,RPS10,6.588149836969,5.7551292666659
Dendritic,UVRAG,1.75367045454545,0.942002861968875
Dendritic,JAML,3.02382383303595,2.22829580993086
Dendritic,CD74,10.0809056241427,9.30555093604935
Dendritic,CCDC88A,2.93685727272727,2.16481680008269
Dendritic,CSF2RA,2.85581920438958,2.08733031112457
Dendritic,BASP1,2.52591143470908,1.76747549848518
Dendritic,ETV3,1.42751129271917,0.675379128565202
Dendritic,EIF3F,4.40631832419022,3.65934118530375
Dendritic,N4BP2L1,1.64512520025493,0.909030790179932
Dendritic,DAPP1,1.9192828532236,1.18389415024059
Dendritic,LRRFIP1,4.39602606170153,3.66688236517394
Dendritic,ATP5MG,5.94357358869528,5.22017581586372
Dendritic,PGLS,3.38601147843059,2.66727114279488
Dendritic,H3-3A,6.8934670212766,6.18417851846001
Dendritic,PABPC1,6.76024367647059,6.05432402296394
Dendritic,SLC20A1,1.949215,1.24537239965179
Dendritic,RPS9,8.05425272727273,7.35440433596032
Dendritic,LAMP3,0.954322920921656,0.264559949305927
Dendritic,RPS6KA4,1.347684,0.673629531700619
Dendritic,ETV6,1.96917209302326,1.30446776177966
Dendritic,UBA52,7.47715169953059,6.81527915578928
Dendritic,DBNL,3.01516062256871,2.3605188471742
Dendritic,UCP2,3.96388272037747,3.30975516377793
Dendritic,CD83,3.78117032020249,3.12938400905805
Dendritic,CD1E,1.0514026348036,0.402536788547065
Dendritic,BAZ1A,2.71031808510638,2.06326645879901
Dendritic,HLA-DPA1,7.89810033070473,7.25172035214539
Dendritic,HIGD2A,4.17742074468085,3.53666776805743
Dendritic,SLC15A4,1.26412954305646,0.62373705305928
Dendritic,GRSF1,2.15248430344985,1.52688958112232
Dendritic,CDKN1A,3.36940531914894,2.75343113629639
Dendritic,ATP5F1E,7.22968582052032,6.6262063103401
Dendritic,UXT,3.48335192347868,2.88293013062193
Dendritic,PLD4,1.606232,1.03284639782932
Dendritic,KDM2B,1.1035787865966,0.537891335055618
Dendritic,MALT1,1.33550930232558,0.773858823031671
Dendritic,LAP3,3.56085813953488,3.00157184374311
Dendritic,RASSF2,1.72598202080238,1.16939505345443
Dendritic,MTPN,2.85395164897936,2.30352381104406
Dendritic,DCK,1.72709288785744,1.17743492634001
Dendritic,GAPT,1.56374606060606,1.01559583627653
Dendritic,RALY,2.76878410104012,2.22670250551117
Dendritic,IRF8,2.68924569344906,2.15577094053076
Dendritic,RBM3,4.30372790697674,3.77599478882275
Dendritic,HLA-DRB5,5.62276755319149,5.09610833567156
Dendritic,PSMB8,3.60434117647059,3.07881409591879
Dendritic,MIS18BP1,2.00358013013595,1.48110056958797
Dendritic,HLA-DQB2,1.39694910836763,0.877780308738943
Dendritic,GPR183,3.9907735999558,3.47174946597571
Dendritic,GDI2,3.83920552979452,3.32379130108219
Dendritic,CSTA,2.79629661870044,2.28207687577464
Dendritic,RPS2,8.66338333333333,8.14936727763536
Dendritic,PSME2,4.61207209302326,4.10335891318896
Dendritic,UBXN1,3.58032393617021,3.07162734600239
Dendritic,RELB,1.373188,0.87278571865123
Dendritic,PTPN1,2.28631526521603,1.79240105086523
Dendritic,RPL28,8.69297514705883,8.20315942662665
Dendritic,GPSM3,3.65100013539851,3.16208796033521
Dendritic,WDR1,2.96936010415494,2.48127001073872
Dendritic,GNG5,4.70138670212766,4.21893044725292
Dendritic,APRT,3.94034852941176,3.46306599761448
Dendritic,DDX21,2.85392021276596,2.3796651069576
Dendritic,CMTM6,3.75597909150771,3.28445664583414
Dendritic,PRMT9,1.49536489361702,1.03450918718137
Dendritic,NSA2,2.84005184656671,2.38548572441601
Dendritic,TRABD,2.08846925280358,1.63563153150765
Dendritic,ADAM19,1.31486276807357,0.862351474870975
Dendritic,GNB2,3.07503512461084,2.62278027015729
Dendritic,PSMB9,4.24006463595839,3.79239582026892
Dendritic,SNN,1.17173254086181,0.728635356467481
Dendritic,RPL37,8.13116716196137,7.69073873331787
Dendritic,WDFY4,1.03913499360458,0.607658783277706
Dendritic,CCL22,0.621393604668074,0.191076740201633
Dendritic,THEMIS2,2.83331307578009,2.40338137289095
Dendritic,AP1S2,3.65305069907416,3.22314724099356
Dendritic,ROCK1,2.56654458161866,2.13776667057918
Dendritic,APPL1,1.71374417009602,1.28563607386613
Dendritic,ERP29,4.07549044885136,3.65403060519257
Dendritic,CD86,2.6253075,2.21090045375439
Dendritic,PTPN2,2.18968861454047,1.77874023220465
Dendritic,WAS,2.22142706489344,1.81618000176147
Dendritic,PTPRE,2.890994696754,2.48860647994967
Dendritic,EIF3K,4.75129734042553,4.3518272093125
Dendritic,PTRHD1,2.12930470108185,1.73511437037025
Dendritic,ARPC4,3.56770294432468,3.17353510447287
Dendritic,MCM5,1.26776816098672,0.874673174964843
Dendritic,SCAF11,2.82066436170213,2.4289057174695
Dendritic,TBC1D8,0.835421808510639,0.443682108878345
Dendritic,MAP2K1,1.80652620027435,1.41521801152625
Dendritic,MX2,1.55174909650582,1.1637201420888
Dendritic,PRKCB,1.93504704000634,1.54930404190378
Dendritic,TRIM22,2.104626448737,1.72138080924729
Dendritic,KLF4,2.89297283950617,2.50988941760833
Dendritic,GLIPR1,3.14968486722772,2.768630578652
Dendritic,CERS6,1.37269272727273,0.992757053325338
Dendritic,TRAPPC1,3.23674186046512,2.85759471237113
Dendritic,ALDH2,3.31974697114386,2.9440084650056
Dendritic,SFT2D2,1.63359544117647,1.2580832869226
Dendritic,YPEL5,3.41790035928344,3.04310743992787
Dendritic,NAAA,1.91441838134431,1.54428995756969
Dendritic,PCBP2,4.23462139673106,3.8649726020675
Dendritic,GNA15,1.7252523030535,1.35688431636613
Dendritic,RPL36A,5.634488,5.26835940126671
Dendritic,IDO1,0.903735998534682,0.537816333932198
Dendritic,PHYKPL,1.34910823045268,0.985910129214323
Dendritic,PAK2,2.5309366255144,2.16783579656027
Dendritic,ATG3,2.54355193866334,2.18098362277854
Dendritic,RFTN1,1.43428610853699,1.07353869686889
Dendritic,DUSP5,1.92753685877842,1.56926551413777
Dendritic,TAOK3,2.77149725042687,2.41467102297279
Dendritic,BTF3,6.05365531914894,5.69752476254799
Dendritic,ARHGDIA,2.99173401920439,2.63599208045971
Dendritic,NR3C1,2.18228470331701,1.82673774395039
Dendritic,LDLRAD4,1.32557775218896,0.971049518945595
Dendritic,RUNX2,0.935141061582524,0.581145958603298
Dendritic,SUMO3,2.8304906315536,2.47791692199803
Dendritic,PMAIP1,1.93870084546417,1.58885320568905
Dendritic,BID,2.59089385976874,2.24698769770855
Dendritic,UNC119,1.22968606060606,0.887043824807784
Dendritic,PFN1,7.49281001371742,7.15094197831123
Dendritic,PLP2,2.94089104405301,2.59931402378979
Dendritic,BCL2L14,0.50768,0.166943779531065
Dendritic,HNRNPA3,3.67711984236122,3.33810483519768
Dendritic,CNPY3,3.27963968564802,2.9406920262883
Dendritic,GPR132,0.864044705882354,0.525760456941653
Dendritic,SERPINB9,2.08069494799406,1.74314804670335
Dendritic,ERICH1,1.89163655274889,1.55516532157196
Dendritic,SLC25A3,4.67873821879541,4.34551299423418
Dendritic,PSMB10,2.49000520059435,2.15884934688103
Dendritic,MYD88,1.80255061728395,1.47284522370492
Dendritic,RAB11FIP1,2.41235363636364,2.08714701975137
Dendritic,NDE1,0.838855999999998,0.516344806616788
Dendritic,CD1C,0.918748863636364,0.596423285930151
Dendritic,SNX3,4.37922371332786,4.05790393403949
Dendritic,BAX,2.73708454680535,2.42081273195756
Dendritic,BATF3,0.67661818181818,0.364612998190752
Dendritic,EOLA1,0.665173432392274,0.353324509366574
Dendritic,COX4I1,6.19205794947994,5.88173759985042
Dendritic,EIF4B,3.18911514705882,2.88149434088628
Dendritic,LYSMD2,1.54651330589849,1.24062636784035
Dendritic,TRADD,1.64031562147124,1.33531910813568
Dendritic,LRCH4,1.16408811292719,0.862332090410993
Dendritic,CAT,2.17675873465858,1.87517266319861
Dendritic,COTL1,5.19691200154439,4.8953338893472
Dendritic,NFATC2IP,1.25419673105498,0.952973610220872
Dendritic,NR4A3,1.885352,1.58415487824139
Dendritic,CDKN2D,1.27744511057063,0.977423496390356
Dendritic,MCOLN2,0.662547050754458,0.366192439145463
Dendritic,GPR157,0.492409696969697,0.20332059111726
Dendritic,PPA1,3.80615954545455,3.51822924293369
Dendritic,OPN3,0.990055813953488,0.702783057330368
Dendritic,TRAFD1,0.865094504871877,0.57849081584377
Dendritic,SH3BGRL,3.98441343222009,3.69875373547509
Dendritic,MTDH,3.95180191176471,3.66641488545524
Dendritic,RPS28,8.25257941176471,7.96766819243991
Dendritic,USP15,2.14125829903978,1.8568958748535
Dendritic,LY75,0.668894885136046,0.385108318931196
Dendritic,REPIN1,1.31839666673719,1.03490494375662
Dendritic,MAP3K14,0.581393617021277,0.29979402109875
Dendritic,SLC12A9,0.956483583986006,0.67620889739669
Dendritic,TVP23A,0.434838945625636,0.156445534108161
Dendritic,MCL1,4.67734234769688,4.40065366510179
Dendritic,STX7,1.99183897956593,1.71708648649998
Dendritic,TPT1,8.76594980258791,8.49148471601839
Dendritic,PTBP3,1.74516439498654,1.47098830124479
Dendritic,CD55,2.66091436170213,2.38757478805187
Dendritic,ANP32B,3.32537441860465,3.05221142653586
Dendritic,ICOSLG,0.662940156745591,0.390505172286444
Dendritic,TAF10,1.37185861477099,1.10086675480498
Dendritic,FLOT2,1.27538600823045,1.00498712558336
Dendritic,POLR2E,2.53780133729569,2.26856321990186
Dendritic,ST3GAL5,0.881581505018596,0.615280715667142
Dendritic,MOB1B,0.902416489361702,0.63663870748412
Dendritic,MYCL,0.525517045454546,0.266759249831055
Dendritic,EPSTI1,2.28106976744186,2.02256805252771
Dendritic,ANKRD11,2.28950980683507,2.03115527966261
Dendritic,EIF3M,3.15335186090974,2.89664661679638
Dendritic,PPIA,6.06197660114006,5.80535380767831
Dendritic,RBX1,3.69982790697675,3.4433303094854
Dendritic,CIITA,1.30599075757576,1.05104987859263
Dendritic,RUBCN,1.00297987117618,0.748141094582835
Dendritic,SCNM1,1.38281333333333,1.12846055761654
Dendritic,DBI,4.68353417533432,4.43709020946007
Dendritic,PLEKHO1,2.0430511659808,1.79678419370407
Dendritic,IGBP1,2.08942661817398,1.84399567347818
Dendritic,SNX20,1.16001705882353,0.914645600513416
Dendritic,EIF4E2,1.88997131264042,1.64789088638661
Dendritic,NACA,7.09649680851064,6.85486257097696
Dendritic,NIBAN1,1.55341272970807,1.31186431174041
Dendritic,TGFB1,2.1638920212766,1.92272048795361
Dendritic,DNAJC15,2.35320838117834,2.11278161311592
Dendritic,H2AZ2,3.04028373122731,2.79992442414515
Dendritic,ATP5F1D,3.823175,3.58315604753876
Dendritic,ARPC2,6.14281945599945,5.90400346370262
Dendritic,SMCO4,2.08382909190544,1.84586912723087
Dendritic,EIF3D,3.10968829787234,2.87215074679865
Dendritic,NOPCHAP1,1.61075621212121,1.37732719466262
Dendritic,DNAJC7,2.14791379412021,1.91456186149881
Dendritic,CYTH4,1.572908,1.33997912095043
Dendritic,CYRIA,1.73197209302326,1.50117045853182
Dendritic,UBE2D3,4.44586641901932,4.21509628999285
Dendritic,RAB8A,2.12091332048987,1.89049809078666
Dendritic,RILPL2,2.54469451303155,2.31484969759166
Dendritic,SERTAD2,0.971064019564028,0.742101070306031
Dendritic,CCNL1,3.38022139673105,3.15127779845329
Dendritic,PHF11,1.34325265957447,1.11479917316734
Dendritic,CSK,1.733052,1.50462977440207
Dendritic,DNAJC4,1.84827043090639,1.62025992599241
Dendritic,TAP2,1.16960136363637,0.942695614104237
Dendritic,HMGN3,3.48178665584184,3.25663168066132
Dendritic,HNRNPU,3.65291596652786,3.42927555812019
Dendritic,TASL,1.16396608995412,0.94060715541611
Dendritic,FOXN2,0.984209705882352,0.76180417288148
Dendritic,CHAF1A,0.640469983929932,0.421508398141785
Dendritic,HMSD,0.311007826536522,0.0935489462383787
Dendritic,CAMK1D,1.11021034886273,0.89596304890863
Dendritic,REL,3.52759790142165,3.31448750881216
Dendritic,AKIRIN2,1.78797241274867,1.57502897505955
Dendritic,LSM8,2.28415334323923,2.0735687741047
Dendritic,SERPINB1,3.39830507544582,3.18851765779433
Dendritic,UBAC2,1.51980142260997,1.31025247675919
Dendritic,HNRNPUL1,2.09285073529412,1.88348052124579
Dendritic,MAP2K3,1.60397613168724,1.3948373700039
Dendritic,RARA,1.0538950121307,0.845032126167909
Dendritic,PPP4C,2.47956046511628,2.27293973757069
Dendritic,NFKB2,1.42979494741407,1.22366694087254
Dendritic,MED28,1.7149532315817,1.51029694994427
Dendritic,PABPN1,1.6964585106383,1.49326539095533
Dendritic,SAMD9L,1.38150220588235,1.17864727302883
Dendritic,FBXW5,1.80501506110122,1.60223743468255
Dendritic,PIAS1,1.53791783264746,1.33599697420694
Dendritic,CCL17,0.348391489361702,0.146547784188817
Dendritic,CLASRP,0.786846323529412,0.586824067491903
Dendritic,SLC25A6,5.80256760960801,5.60281235793688
Dendritic,IDH3A,1.07698869242162,0.877781286115808
Dendritic,HCLS1,3.28452470070846,3.08675485802558
Dendritic,ACAA1,1.87474156413735,1.67712444590198
Dendritic,TRAF1,0.990991489361702,0.793478806571324
Dendritic,RHOG,3.5042357567814,3.30742828733507
Dendritic,CHMP4A,2.24114764705882,2.04615343791033
Dendritic,RBM25,2.74208776595745,2.54722162312345
Dendritic,RASGRP2,1.35203909465021,1.15948583857656
Dendritic,PCF11,1.37276436170213,1.1803594477322
Dendritic,PSMA5,2.29307338282079,2.10140769089296
Dendritic,MAPKAPK3,1.51703506686478,1.32561420659848
Dendritic,SH3KBP1,2.50285898959881,2.31187878391422
Dendritic,SUPT4H1,2.52976602941176,2.33920865699934
Dendritic,EIF3H,4.19714227727693,4.0068302160877
Dendritic,SEPTIN6,2.71334175334324,2.52340725169491
Dendritic,C17orf49,0.935650531914894,0.746854258511665
Dendritic,ATP2B1,2.18776550326199,1.99917544219059
Dendritic,COX7A2L,3.38715986994338,3.19996690090758
Dendritic,ATAD2B,0.739013991769548,0.55216528299995
Dendritic,MIF4GD,1.38613434790287,1.19967366621741
Dendritic,FYTTD1,1.48184,1.29778590955462
Dendritic,RAP1GDS1,0.976124279835391,0.792867942390874
Dendritic,ACTG1,7.24411689391141,7.06301902762821
Dendritic,POLR2A,1.52624588235294,1.34552279898676
Dendritic,TMEM131,0.891638074220599,0.711557048397083
Dendritic,CRYBG1,1.25585117329117,1.07652149910288
Dendritic,SRRM1,3.00631374195775,2.82762411902492
Dendritic,SFPQ,3.11236877922195,2.93375126524817
Dendritic,ATP5MJ,4.37164692492261,4.19303439659504
Dendritic,UPK3A,0.342125581395349,0.165472080351408
Dendritic,RFX5,0.779568,0.603011412923338
Dendritic,LAMTOR1,3.38298604651163,3.20666105135859
Dendritic,TAF15,1.35565802469136,1.17956505818499
Dendritic,CSNK1D,1.63605813953488,1.46166890770469
Dendritic,SMPD3,0.67796,0.504022998176568
Dendritic,BLOC1S6,1.44118568684995,1.26859792847577
Dendritic,FAM118A,0.999761831893575,0.827705003112568
Dendritic,SCN9A,0.480755313598295,0.309211750341545
Dendritic,CUX1,1.61461571500423,1.44329062425608
Dendritic,ATPAF2,0.82526,0.654133346644901
Dendritic,MICAL1,1.195424,1.02457173010294
Dendritic,SF3A1,1.16179287372766,0.991851035598267
Dendritic,SF3B5,3.26640014705882,3.09738968080408
Dendritic,POLR1D,2.72041535887217,2.55164577167795
Dendritic,BRK1,4.10107937622882,3.93383818789444
Dendritic,RNF144B,1.52647209302326,1.35959971983215
Dendritic,CAP1,4.22818941002104,4.06294739556361
Dendritic,POLB,0.734205052005943,0.56935375736886
Dendritic,RNASEH2B,1.65025920009097,1.48584654567027
Dendritic,TSPAN33,0.637197333894391,0.473114074161732
Dendritic,VAC14,0.70089499191278,0.537605769598348
Dendritic,EIF4A3,2.26424817608683,2.10192764465036
Dendritic,CTDP1,0.477035328575248,0.314749016554292
Dendritic,SH3TC1,0.937332446808511,0.775065655263135
Dendritic,AKIRIN1,1.58523607681756,1.42347761296833
Dendritic,ANP32A,2.17516861702128,2.01378316275218
Dendritic,NFKB1,1.73411122300294,1.57366837241036
Dendritic,IL15,0.612856615591998,0.455076329452506
Dendritic,GTF2E2,0.972320930232558,0.815304024608327
Dendritic,RRAGC,1.00328194141987,0.846856033844012
Dendritic,CD80,0.507152659574468,0.351190612375115
Dendritic,COMMD1,1.65618320713722,1.50057439585617
Dendritic,FUT7,0.412204042758798,0.256746815974588
Dendritic,DEK,3.07380849189328,2.91884603056062
Dendritic,SERPINF2,0.540750754458162,0.385862727235324
Dendritic,UQCRHL,0.954870270270269,0.800900833476491
Dendritic,SLC9A7,0.524974591381872,0.3713697625394
Dendritic,DOCK10,1.401452,1.24809082748865
Dendritic,GABARAPL2,3.75418829280173,3.60096713233345
Dendritic,ATP5MC2,5.67523365926594,5.52248982864927
Dendritic,EPS15,1.25083580980684,1.09809800001021
Dendritic,PCNX1,0.809136012984635,0.656706825987023
Dendritic,HMGN2,4.26946794117647,4.11729286187239
Dendritic,KIF2A,1.22756489361702,1.07579003995335
Dendritic,GRAMD1B,0.343981617647059,0.192535936534628
Dendritic,SERP1,4.96716473641274,4.81744114540823
Dendritic,CFL1,6.90724542064774,6.75868960977724
Dendritic,NABP1,1.85474457652303,1.70641618214244
Dendritic,NR1H2,1.557932,1.40968935249165
Dendritic,MOB1A,3.27202872340425,3.12434060637831
Dendritic,TRIM69,0.76637191679049,0.619275282589895
Dendritic,ARID4A,1.21266030840185,1.0658008209319
Dendritic,RPL4,6.79798763668771,6.65218657411362
Dendritic,UBE2L6,2.60805787878788,2.46292674174029
Dendritic,UBE2D2,2.940216,2.79570981567229
Dendritic,ABCA7,0.45406511627907,0.309585823808717
Dendritic,POGLUT1,0.740858546686504,0.597439564728179
Dendritic,TTYH2,0.538039804433202,0.39581358776068
Dendritic,UBE2L3,2.82003305057054,2.67800928354511
Dendritic,NMT1,1.37994705075446,1.23811042507005
Dendritic,R3HDM4,1.04304032921811,0.901924391174632
Dendritic,SLC7A5,1.07537409090909,0.936235454786004
Dendritic,N4BP2,0.698700851611575,0.559985367417832
Dendritic,JARID2,1.18840557923395,1.05184788130971
Dendritic,PCGF5,1.26194796765763,1.12574034347653
Dendritic,CCL19,0.63448857275806,0.499019450861043
Dendritic,KCNK6,0.988372,0.853205678093942
Dendritic,RAB4B,0.913922352941177,0.782686722187153
Dendritic,SP110,1.776496,1.6456260635498
Dendritic,NIN,1.09815181263871,0.968439716369089
Dendritic,TAP1,2.56769081976651,2.43819001002412
Dendritic,SH3BP1,1.110868,0.982199617484197
Dendritic,RELT,1.04698235336168,0.91850225098804
Dendritic,SLCO5A1,0.300023355668977,0.17174305828642
Dendritic,IL13RA1,1.86392298846152,1.73686394591245
Dendritic,IER5,1.83644873699851,1.71046885320789
Dendritic,NPIPB5,0.524813443072702,0.399816819726879
Dendritic,PPM1B,1.09216191176471,0.967198598507826
Dendritic,FOXN3,1.65428837209302,1.52950637700893
Dendritic,CNPPD1,1.0548170212766,0.930608068903868
Dendritic,PANK2,0.865336559448746,0.741230551170751
Dendritic,GLT1D1,0.264970140169428,0.141580064619645
Dendritic,RSRP1,3.36599804624177,3.24282165944125
Dendritic,RPS11,7.50953179791977,7.38673848876258
Dendritic,IL10RA,2.07191656978973,1.94946286035157
Dendritic,ACAP2,1.734032,1.61183908032761
Dendritic,CLCN5,0.388105075445816,0.266885996416688
Dendritic,YWHAB,4.3852392869547,4.26479540676799
Dendritic,KARS1,1.77180014858841,1.65271823610838
Dendritic,MED26,0.349266572566463,0.230686358200163
Dendritic,CD1B,0.271285696705012,0.153425160344387
Dendritic,DNM2,1.21040267459138,1.0940689168356
Dendritic,RNF5,1.71109281515194,1.59499011622925
Dendritic,MX1,1.62247323529412,1.50691816027125
Dendritic,PTP4A2,2.73668085106383,2.62131467947522
Dendritic,VMA21,1.84727503429355,1.73253554817636
Dendritic,DENND4A,0.766288,0.652082130112754
Dendritic,ARF3,1.7044,1.59020376836888
Dendritic,VPS13C,1.57556744186047,1.46178110132755
Dendritic,PDPK1,0.954159042553192,0.841017778045215
Dendritic,SYF2,2.77850205882353,2.66592861569711
Dendritic,ATG16L2,0.937161363636364,0.824843728993324
Dendritic,MRTFA,0.662355294117647,0.550196648534722
Dendritic,TPM3,4.77335581395349,4.66281759662712
Dendritic,TMX1,1.66225176930421,1.55197431072473
Dendritic,SPAG7,1.86380607673275,1.75380208328955
Dendritic,ZDHHC18,0.411607272727273,0.302675375480911
Dendritic,MYO1G,1.76205904255319,1.65417583065143
Dendritic,NECAP2,1.72541742835678,1.61799335226526
Dendritic,STAT1,2.60747360971907,2.50054780692679
Dendritic,SRSF3,4.04756516929763,3.94066785289993
Dendritic,HDAC10,0.545911627906977,0.440355470889864
Dendritic,CEP135,0.579862941176471,0.475120625122269
Dendritic,NAPA,1.96787191176471,1.86357590377087
Dendritic,TSC22D4,1.48777600391915,1.38423429107698
Dendritic,CNTRL,1.18506557717583,1.0818913272478
Dendritic,MAP2K6,0.382734979423868,0.27999801501264
Dendritic,BCL3,1.13343271425213,1.03104535817728
Dendritic,GHRL,0.334938809094525,0.232743459336497
Dendritic,PFKL,1.78776779411765,1.6860245666759
Dendritic,CEP164,0.611914723066418,0.510698106348827
Dendritic,EIF3A,2.79447210185372,2.69396173373774
Dendritic,PPM1J,0.278737958063569,0.178329734484409
Dendritic,SUSD1,0.641281133195643,0.541149365207138
Dendritic,DAZAP2,3.78182606382979,3.68199865463271
Dendritic,ADPGK,1.88470757800892,1.78512328315767
Dendritic,SLC41A2,0.43027538085727,0.330884167007402
Dendritic,JAZF1,0.674259545454546,0.577099331610046
Dendritic,CREB5,0.771557730012192,0.674557027496019
Dendritic,PRPF40A,2.30244186046512,2.20562277818833
Dendritic,MAPK1IP1L,1.78549424481475,1.68892696742665
Dendritic,EBI3,0.616005534892383,0.519545735815538
Dendritic,PPP6R1,0.78002633744856,0.684839151315498
Dendritic,EDEM1,1.14996336591118,1.05479926129214
Dendritic,NME8,0.202716,0.108016534955642
Dendritic,TUBA1B,5.01948439821694,4.92483145253461
Dendritic,RIC1,0.557316176470588,0.462697090274016
Dendritic,FBXO6,0.949356515775036,0.855100485957802
Dendritic,INPP4A,0.960923676470588,0.866758913144239
Dendritic,PIP4P1,0.833861042524006,0.739842275214893
Dendritic,TBCB,2.48999636363637,2.39682980981777
Dendritic,CD1D,0.760877194606274,0.667734440784374
Dendritic,PHLDB3,0.413417021276596,0.320430411168189
Dendritic,TNNI2,0.542095154081921,0.449815218238507
Dendritic,RAB8B,1.59166463595839,1.49946272664262
Dendritic,SPNS3,0.474695784531249,0.382747114501012
Dendritic,MPEG1,2.31136158252302,2.21955444689226
Dendritic,OXA1L,1.86178118910469,1.77014374655551
Dendritic,CHST11,1.23994338235294,1.14878141520866
Dendritic,C15orf39,0.618319830460963,0.527824799531639
Dendritic,CCNK,0.853418930041153,0.762960539245175
Dendritic,RRP7A,1.435875,1.34547972555896
Dendritic,PRKAR2B,0.386697719983655,0.296725179461105
Dendritic,SELL,2.35291235294118,2.26303910084766
Dendritic,ERCC1,1.83670671455629,1.74712706152833
Dendritic,SMAP1,1.26879558659026,1.17934922354978
Dendritic,KMT2C,1.52541408805664,1.43779460609237
Dendritic,PSME1,5.108138957476,5.02064100409648
Dendritic,HCCS,0.712252322754799,0.625202964192545
Dendritic,PPP3R1,0.701248142644874,0.614447332485319
Dendritic,TRMT6,0.709833291109448,0.623455709098638
Dendritic,BIRC2,1.29834028468786,1.21223403075266
Dendritic,M6PR,2.80596523031204,2.71990164576754
Dendritic,TNIP1,1.54729514705882,1.46139145213621
Dendritic,FBXO7,1.59113701619393,1.50527890687403
Dendritic,CSNK1G2,0.74727132243685,0.661918932314025
Dendritic,HIVEP1,0.584583970588236,0.499412497494749
Dendritic,GPBP1,2.45306542553191,2.36863191735905
Dendritic,KHDRBS1,2.58553528898767,2.50195254134861
Dendritic,TNKS2,1.00113563829787,0.918649020748969
Dendritic,TATDN3,0.694375098573821,0.612636532933545
Dendritic,ARL14EP,0.905679999999998,0.8252323475224
Dendritic,ACSL5,0.788995735294117,0.708591352691834
Dendritic,UBE2I,2.76000867647059,2.68067790369492
Dendritic,RFXAP,0.290099736297697,0.210951204321319
Dendritic,IGFLR1,1.07824651162791,0.999330816584029
Dendritic,SULF2,1.62656117647059,1.54893263760894
Dendritic,TMUB2,0.940511536244225,0.863092676391467
Dendritic,PHEX,0.284408,0.207281828844297
Dendritic,PBRM1,1.19846744186047,1.12249496216805
Dendritic,LIMD1,0.545931961591221,0.470619708692932
Dendritic,PPP1R9B,0.766374418604651,0.691364808722704
Dendritic,HIVEP3,0.543533088235295,0.468862922773153
Dendritic,TICAM1,0.553597010747484,0.479257986687917
Dendritic,HS3ST3B1,0.414336085266926,0.341149555822939
Dendritic,SNX11,0.533169615727384,0.46004394625934
Dendritic,ATXN7,0.995231617676559,0.922297986656023
Dendritic,LRRK1,0.936971808510639,0.864255368225827
Dendritic,CLEC4C,0.45724,0.385076330257438
Dendritic,CDC40,1.19339546190617,1.12135889109188
Dendritic,PHACTR1,1.81520638297872,1.74323106348088
Dendritic,CCDC88B,0.717321673525378,0.645710634300004
Dendritic,USP24,0.587717058823529,0.516115476516616
Dendritic,PRR14,0.627366012089559,0.556557013257331
Dendritic,UGCG,1.8157020476315,1.74551751659176
Dendritic,FCHO1,0.347588,0.277690048657952
Dendritic,SH2B3,1.46106953937593,1.3913026457641
Dendritic,RNF138,0.819403529411765,0.749775418822449
Dendritic,DHX58,0.394544827089223,0.324919203091265
Dendritic,THG1L,0.563849778149212,0.494711609639658
Dendritic,SPG11,0.870348588410104,0.801436466073396
Dendritic,NIPBL,1.56755865968695,1.4988553353767
Dendritic,ARHGAP27,0.823402841940033,0.754922997961265
Dendritic,EEF2,6.00988998628258,5.94141663328662
Dendritic,SHKBP1,1.67993880225206,1.61214557139093
Dendritic,IL1R2,0.575006395993051,0.507391071891593
Dendritic,LYST,1.71659560606061,1.64917697946263
Dendritic,DIPK2A,0.711652552761364,0.644545635142632
Dendritic,CD1A,0.225663901308361,0.158580535907513
Dendritic,OTULIN,0.718264,0.651419736030234
Dendritic,COX19,0.928125454545455,0.861364658859336
Dendritic,ITSN2,1.80814180621755,1.74216962534011
Dendritic,DYNC1LI1,1.09615119831269,1.03070256282393
Dendritic,UBE2E2,1.46387978723404,1.39903524157597
Dendritic,MDM4,1.63045426470588,1.56663033987043
Dendritic,ZNF277,0.807097197356556,0.743709278988586
Dendritic,DR1,1.28769720588235,1.22472060158302
Dendritic,USP36,0.962261626479016,0.899326511962928
Dendritic,MTHFR,0.637202494823386,0.574491513388979
Dendritic,TBC1D10A,0.566495095139959,0.50383496005831
Dendritic,CEP350,1.37261256513265,1.31040992389428
Dendritic,ZFAND5,3.25943176285162,3.197655246576
Dendritic,MAD1L1,0.801192,0.740116969940061
Dendritic,SMG1,1.60082258543834,1.54012495697333
Dendritic,PARP10,0.857614251280279,0.797285552893484
Dendritic,PRKCD,1.03246,0.972327026227528
Dendritic,ZNFX1,1.06455348837209,1.00473194073201
Dendritic,EHBP1L1,1.0297940564636,0.970952896187406
Dendritic,ZDHHC24,0.926906858710562,0.868197141044547
Dendritic,BEST1,0.938814540466392,0.880304208134374
Dendritic,SNW1,1.50832093023256,1.44985636937594
Dendritic,ANKRD33B,0.209319627066702,0.151564002440291
Dendritic,ARID2,0.765920735294116,0.709437213161821
Dendritic,NOTCH2,1.24923472932198,1.19351159273461
Dendritic,IMPDH1,1.00745581395349,0.952173360063327
Dendritic,B3GNTL1,0.312148,0.257043733465788
Dendritic,ZNF124,0.495664,0.441016005406997
Dendritic,MMP25,0.168237647058823,0.113773651320035
Dendritic,MEF2D,0.799920411329955,0.746399084489881
Dendritic,SFMBT2,0.710352127659575,0.657370471183053
Dendritic,DNAJB12,0.952680795610425,0.89987895899798
Dendritic,GRK3,0.935432272727273,0.88292847010572
Dendritic,NFKBIE,0.928824468085107,0.876442302128144
Dendritic,FBRS,0.621463374485597,0.569266000940819
Dendritic,ACHE,0.267360950478388,0.215915607851732
Dendritic,SHOC2,1.28054791686706,1.22973126765705
Dendritic,SEPTIN9,2.28999569093611,2.23951738916846
Dendritic,NUP62,1.197568,1.14724538903245
Dendritic,LILRA4,0.816111030735598,0.766216412184007
Dendritic,IREB2,0.83602498552135,0.786715583368839
Dendritic,IDO2,0.0959495399425134,0.0472741556286593
Dendritic,ST3GAL2,0.626209302325581,0.578364483080386
Dendritic,NRM,0.450419680851064,0.403212700345174
Dendritic,IL12B,0.0518368246376612,0.00492396008439852
Dendritic,TPK1,0.474412520031361,0.427819203909461
Dendritic,NUDT18,0.30034992752524,0.254628472133832
Dendritic,HOOK3,1.35825233493952,1.31270058320997
Dendritic,SIAH2,1.03285386150592,0.987419165444964
Dendritic,RUFY3,0.977036552748886,0.931852612300674
Dendritic,MAP3K2,1.61669893617021,1.57155179948367
Dendritic,P2RY6,0.690389618773938,0.645272775645527
Dendritic,CHKB,0.417359678084746,0.372538096829512
Dendritic,IDH3G,1.72742872340426,1.68282556554869
Dendritic,BCL2L11,1.09113164933135,1.04671757368608
Dendritic,DDX27,1.37951117021277,1.33541382315476
Dendritic,IKBKG,0.656857032812349,0.612763504551931
Dendritic,ZNF672,0.620007446808511,0.576348420598108
Dendritic,KYAT3,0.637936444630647,0.594599971486863
Dendritic,NUP42,0.73285116688405,0.689779847414559
Dendritic,MSL3,1.11193759661858,1.06914689690978
Dendritic,SLC2A6,0.855242575757576,0.813454194881503
Dendritic,NPFFR1,0.0920407982180411,0.0504467952491239
Dendritic,UTF1,0.130594148509955,0.08932489582704
Dendritic,C2CD2L,0.274,0.232770520956998
Dendritic,UQCRC2,2.29793488372093,2.25684091994019
Dendritic,NMI,1.56039470107869,1.52072723498997
Dendritic,ANKRD55,0.132804964178441,0.0931388038579067
Dendritic,TOMM40L,0.259937405281286,0.220843398517582
Dendritic,TMEM167B,0.868831382839939,0.829853488468301
Dendritic,STK11IP,0.310623790603026,0.273746864719698
Dendritic,WDFY2,0.882912000000002,0.846117268917811
Dendritic,NADSYN1,0.697452127659574,0.660726770882334
Dendritic,GTSF1,0.202661899783954,0.166105528480019
Dendritic,DUSP22,1.2787029717682,1.24228679213453
Dendritic,ACSF3,0.543322581416243,0.507838010529644
Dendritic,CFLAR,3.14214235170293,3.10692080656663
Dendritic,ARHGEF2,1.01121906721536,0.976104782129766
Dendritic,AP1M1,0.964791530460625,0.929919864107007
Dendritic,TRAF3,0.683433116175627,0.648969875281654
Dendritic,EOLA2,0.580112411287827,0.545806618392753
Dendritic,R3HDM1,0.690409764355243,0.656561913345286
Dendritic,TMEM102,0.233752748885587,0.200079693379644
Dendritic,USB1,0.831561720002756,0.798327585298736
Dendritic,CXorf38,0.698998416188324,0.665939721978452
Dendritic,TMEM218,0.590139696969697,0.557121516398979
Dendritic,CHML,0.50539,0.472449887590976
Dendritic,KAT8,0.701372260610563,0.668632093690563
Dendritic,ADCY7,1.05061485368987,1.0180421286992
Dendritic,PHF5A,1.22461223404256,1.19220235274842
Dendritic,CCR7,1.54227110299543,1.51024489324392
Dendritic,MGRN1,0.87286914893617,0.841335139694263
Dendritic,TNFRSF11A,0.231198147658425,0.200106413001956
Dendritic,NBPF11,0.256953217565842,0.225997240688942
Dendritic,XKR8,0.299571617647059,0.268709512247137
Dendritic,KCNE5,0.0684438952620486,0.0376436925613264
Dendritic,XPNPEP1,0.748515500685871,0.717804240680389
Dendritic,TENT4A,0.398452960714476,0.367906877762508
Dendritic,TEPSIN,0.282004011887073,0.251484394658152
Dendritic,VRK2,0.819899393939394,0.789571602327087
Dendritic,ALDH16A1,0.660409558823529,0.630086667447214
Dendritic,TEDC1,0.296453150785196,0.266206331841997
Dendritic,RNF139,0.895493164933136,0.865377857623273
Dendritic,PARP12,0.693015909090909,0.663019775947815
Dendritic,ENSA,2.90245957446808,2.87266570542386
Dendritic,BANP,0.543133474953274,0.513429878233045
Dendritic,MSRB1,0.99932681818182,0.971497386047065
Dendritic,C3orf38,0.6202175,0.593375428856124
Dendritic,ARRDC5,0.125478343367648,0.0986512166298576
Dendritic,UBL7,1.12354418604651,1.09690334369317
Dendritic,TNFRSF8,0.131399819696245,0.10499708549361
Dendritic,ZBTB18,0.399649057763862,0.373578849377514
Dendritic,NFYC,0.993559705882352,0.967547173151216
Dendritic,KIAA0513,0.419836,0.394344183828239
Dendritic,SCLT1,0.802023696590972,0.776711244491278
Dendritic,COP1,0.744377964094242,0.71944236024536
Dendritic,KCTD20,1.01243779185793,0.988154233034918
Dendritic,L3MBTL3,0.309817087667162,0.28556469112568
Dendritic,FAM53B,0.460368945022288,0.436739934454199
Dendritic,NBPF14,0.761361515601783,0.7380729758201
Dendritic,FAM221B,0.0483535625283679,0.0250788027508674
Dendritic,AFTPH,1.03558449931413,1.01234751513042
Dendritic,ZBTB10,0.715790697674419,0.692842115064086
Dendritic,IGLON5,0.0768224852061729,0.0538902848308513
Dendritic,BCL11A,1.35031783264746,1.32740606480812
Dendritic,BRPF1,0.240259585923844,0.217742939556225
Dendritic,LCP1,4.35734526748971,4.33539265968212
Dendritic,SLC9A9,0.472970588235294,0.451034339736641
Dendritic,HRH2,0.701873251028806,0.679949445587175
Dendritic,FBXO33,0.473721818181818,0.451831570547746
Dendritic,U2AF1L4,0.881061948522121,0.859335636544704
Dendritic,CHORDC1,1.08370661262984,1.06225212679224
Dendritic,NRROS,0.623194932037377,0.601744413092124
Dendritic,LORICRIN,0.0360569960411803,0.0149026749636361
Dendritic,BMF,0.268194264705882,0.247064371289823
Dendritic,ZUP1,0.324786880863358,0.304580647998405
Dendritic,GPATCH3,0.288337044500746,0.268403280236887
Dendritic,USF2,1.47998658806611,1.46009296609631
Dendritic,VHL,0.770904651162791,0.751102141904712
Dendritic,ZNF296,0.427031352154532,0.407370694251439
Dendritic,COL26A1,0.0582915490523969,0.039325087433879
Dendritic,RELL2,0.18577251053173,0.167196737222257
Dendritic,AP2A1,0.969827906976744,0.951638110262953
Dendritic,ACCS,0.219695348837209,0.20152200451152
Dendritic,CCDC112,0.658873699851412,0.64078243379276
Dendritic,C7orf31,0.194812,0.177054304974182
Dendritic,LRRC8D,0.387924,0.370771703698255
Dendritic,ATP13A1,0.619697530864197,0.602857489023129
Dendritic,TREML1,0.113675630383215,0.0969248431742074
Dendritic,CTDNEP1,1.23405596707819,1.21746508536469
Dendritic,DPP9,0.673906208925208,0.657484294860051
Dendritic,SMNDC1,0.828887242798354,0.812616953520799
Dendritic,TMEM268,0.320660735294118,0.305100187279445
Dendritic,IL22RA2,0.0547698927489364,0.0394204239216064
Dendritic,MAP7D1,1.29363723404255,1.27877308016775
Dendritic,ADAT3,0.110445349794239,0.0966479185712814
Dendritic,BCL2L13,0.841835147058822,0.828230821898125
Dendritic,NCCRP1,0.237588350967756,0.224102707137954
Dendritic,C16orf86,0.159168351961574,0.145945897232199
Dendritic,TBC1D5,0.868477424242424,0.855881098651235
Dendritic,GANC,0.329979411764706,0.317622309526205
Dendritic,TBX19,0.111996285289748,0.0997825001849711
Dendritic,C6orf226,0.548542883644547,0.536653060920485
Dendritic,GMIP,0.700424965706447,0.688645715343094
Dendritic,TYK2,0.695454787234043,0.684085655084622
Dendritic,RASGRF1,0.0900505528029672,0.0787473361302579
Dendritic,TCP11L1,0.247032121212121,0.23577879621072
Dendritic,ELL,0.504612064062961,0.493453953945482
Dendritic,TTC7A,0.626484806938116,0.615578529908657
Dendritic,TANK,1.74143337084119,1.73083295963251
Dendritic,F8A1,0.516020189056239,0.505521721910396
Dendritic,NOMO3,0.17197032667599,0.161868160809902
Dendritic,INPP5F,0.45294563098398,0.443049545903577
Dendritic,DCP2,1.03996726115113,1.03009453085187
Dendritic,TIFAB,0.291254546180097,0.281575961379555
Dendritic,RUFY4,0.110863970944673,0.101489553618954
Dendritic,IPMK,0.381980345133984,0.372919623267535
Dendritic,GBP1,1.52439455735,1.5155538940811
Dendritic,GPATCH11,0.481048168945482,0.472400542323549
Dendritic,TAFA2,0.104275171467764,0.0957111536340095
Dendritic,ENHO,0.15953023255814,0.151761693618389
Dendritic,SIDT1,0.503704,0.495976638623206
Dendritic,ARID1B,1.20228525742324,1.19494631772757
Dendritic,SRGAP2B,0.809978970588236,0.803345167387394
Dendritic,ZFAT,0.611075637865997,0.604525727457261
Dendritic,ICAM4,0.336784090909091,0.330376896048748
Dendritic,CASP9,0.321756,0.315774802414841
Dendritic,CLCN1,0.02593505351825,0.0201223108843642
Dendritic,KCNN1,0.0954101771460724,0.0900256048387896
Dendritic,ENO3,0.255215125333159,0.249890844306213
Dendritic,PHF21A,0.546728162041841,0.541648873950729
Dendritic,CDK5R1,0.136266271603042,0.131223944231656
Dendritic,TRAPPC8,0.488437003461654,0.483406347378689
Dendritic,TIGD3,0.0550979795989843,0.0507353129145211
Dendritic,CYTH1,1.57985488645954,1.57628831991477
Dendritic,C17orf99,0.0316117400767248,0.0282945691537647
Dendritic,EIF3E,4.5716244680851,4.56868722999253
Dendritic,FIGLA,0.00802095675640241,0.00510182976876612
Dendritic,PBX2,0.619878991549861,0.617582855208941
Dendritic,ASCL4,0.011509829588909,0.00957258300231219
Dendritic,ACYP2,0.846088372093023,0.844901195544974
Dendritic,FRG1,1.36799042553191,1.36690763493664
Dendritic,FSCN3,0.0171654192740926,0.0165240561048826
Dendritic,SLC25A35,0.127097530864197,0.126596794048667
Dendritic,KCTD5,0.528799690133638,0.528331420353363
Dendritic,PLEKHM1,0.518317753204476,0.518597866732342
Dendritic,LMBR1L,0.716229717682021,0.716546183299557
Dendritic,KLHL15,0.254175,0.254757189955094
Dendritic,CIB3,0.015656869901367,0.0164281382618042
Dendritic,ERMN,0.0536696844993141,0.0549463446616359
Dendritic,FOXD4,0.00905785544381485,0.0104251465707672
Dendritic,CGAS,0.649024042756312,0.650391603316676
Dendritic,TRAF6,0.264335705407742,0.265772593780349
Dendritic,PALD1,0.722675637920045,0.72412136116014
Dendritic,TTF2,0.416919435770551,0.418412513426188
Dendritic,FOXD4L1,0.00682995072047905,0.00834501251302775
Dendritic,IRF5,0.751948837209302,0.753754041234001
Dendritic,TSKS,0.0281858710562414,0.0300645330700349
Dendritic,OR2C3,0.00484547325102881,0.00723058950473681
Dendritic,ZNF385C,0.0471411320637332,0.050033275464364
Dendritic,RIMBP3C,0.00244088235294118,0.00536435597260567
Dendritic,KDM8,0.0598719480461095,0.0628024490013367
Dendritic,POU5F2,0.0971728723404257,0.100153945048451
Dendritic,GRAMD4,0.346643636363636,0.349671976252774
Dendritic,PPP1R3G,0.0507012860234111,0.0537346352210294
Dendritic,HPS6,0.172541673178056,0.175687040017079
Dendritic,KCTD19,0.0460039791824786,0.0493385927779057
Dendritic,STK38L,0.864365714426541,0.867904767956268
Dendritic,PHETA1,0.178014852941177,0.181609423666449
Dendritic,ARID3A,0.914894506117229,0.918655000242568
Dendritic,PLXNA4,0.140039502406087,0.144080039751388
Dendritic,RFPL4A,0.0103567692601316,0.0144115875537882
Dendritic,GALR2,0.0263153285331146,0.0307926894711574
Dendritic,ABHD18,0.33761441307578,0.34220641852241
Dendritic,CCDC18,0.432195747599451,0.436837649475997
Dendritic,BORCS5,0.51933023255814,0.524181765133068
Dendritic,USP32,0.596073705707033,0.601064287398552
Dendritic,KCNK17,0.132123033300897,0.137222525284082
Dendritic,TP53BP2,0.5862,0.591311732083554
Dendritic,SPATA32,0.00639208598560589,0.011601363865486
Dendritic,ASTL,0.01119597183711,0.0164371891654087
Dendritic,ZNF350,0.332488297872341,0.338090798488921
Dendritic,SBF1,0.342127660435338,0.34788159201407
Dendritic,FLII,1.19783786008231,1.20370200812435
Dendritic,TRDMT1,0.190036702924429,0.195951689648948
Dendritic,ATR,0.391846511627907,0.397768379810213
Dendritic,OPRL1,0.10289190702988,0.108931973329718
Dendritic,ZPR1,0.89847985052005,0.904535075071631
Dendritic,DMXL1,0.645144576595973,0.651432348533331
Dendritic,SLC37A1,0.430532334230868,0.436870278151896
Dendritic,HMHB1,0.0254693616309914,0.0318232292232155
Dendritic,KCNC3,0.120511968171105,0.126982634410422
Dendritic,KCNK10,0.0419438805970149,0.0492385183888154
Dendritic,CMTM1,0.00946139129346266,0.0167594724911596
Dendritic,AIRE,0.00923722936798278,0.0169085857279694
Dendritic,RNPEPL1,0.909346808510638,0.917078089506754
Dendritic,TMUB1,1.125708,1.13353915500977
Dendritic,C10orf105,0.0219690815064908,0.0298861085714846
Dendritic,PRKAG2,0.974202325581395,0.982163046648042
Dendritic,ABHD13,0.561351343938473,0.569378793212491
Dendritic,VASH2,0.141945085439104,0.150153264133838
Dendritic,RGSL1,0.00353300239899032,0.012017439473195
Dendritic,KLHDC7B,0.184438400023272,0.192967210833343
Dendritic,WDR49,0.106385308864636,0.114942866200897
Dendritic,CCR9,0.0109374212893549,0.0195533485563865
Dendritic,DGAT2,0.159644848484849,0.16828961232455
Dendritic,BAZ2A,1.1131341563786,1.12197473639801
Dendritic,SUMO4,0.0915529040601043,0.100512345404564
Dendritic,NHLH1,0.0198200425178907,0.0290622263707298
Dendritic,EBLN2,0.151646227709191,0.161773065444563
Dendritic,ZNF581,0.882832575757574,0.893187595579553
Dendritic,RAPGEF1,1.24375453194651,1.25501126632446
Dendritic,CCDC62,0.0141884737530771,0.0254528991773138
Dendritic,ADA,0.808240304078989,0.819649379476929
Dendritic,LKAAEAR1,0.0492389301634472,0.0608182536357349
Dendritic,ACSBG1,0.0436546781244132,0.0554738315257581
Dendritic,SMC6,0.83257066295026,0.844479989611723
Dendritic,RUFY1,0.73754099768328,0.749589324133952
Dendritic,SEZ6L,0.0610983866985717,0.0735891590414875
Dendritic,MREG,0.352111502501286,0.364941582002011
Dendritic,DUSP18,0.440068339517277,0.452947416038319
Dendritic,ZNF93,0.127557978723404,0.140922132199164
Dendritic,PROC,0.196705337847041,0.210163921152641
Dendritic,BRD4,1.58425493464113,1.59778882675883
Dendritic,RIMS3,0.0678968862640838,0.0814841156026893
Dendritic,NBPF20,0.124964197530864,0.139139630259026
Dendritic,GOLGA8R,0.0551865293680623,0.0695725130195361
Dendritic,ZFAND3,0.980735499408932,0.995178451984213
Dendritic,WDR44,0.297299696969697,0.312000697245234
Dendritic,DOCK8,1.90753695876957,1.92234183391389
Dendritic,AIFM3,0.0740017447103345,0.0889733338338747
Dendritic,RGPD8,0.0188416802590639,0.033862816791875
Dendritic,POLD1,0.264137897022498,0.279197983126265
Dendritic,SAG,0.0119377373940129,0.0270629849357905
Dendritic,TET2,1.09657421124829,1.11183310285443
Dendritic,GUCY2D,0.0256046639231824,0.0411348195315789
Dendritic,DCAF15,0.280302325581395,0.295946128632199
Dendritic,KDM2A,1.0603316872428,1.07602480294946
Dendritic,CLEC4F,0.0470786764705883,0.063062957787573
Dendritic,SLC6A12,0.100324638510451,0.116378676471837
Dendritic,REC8,0.366549411764706,0.38331944764984
Dendritic,CACNA1F,0.0230930920313215,0.0399714454214622
Dendritic,CYBC1,1.65201887072808,1.66895031104292
Dendritic,CEP192,0.272941724450557,0.290200871991089
Dendritic,TBC1D13,0.271887400798111,0.289276481445007
Dendritic,SLC7A11,0.383036,0.400523065182758
Dendritic,ZNF169,0.0865976744186047,0.104210858053146
Dendritic,PLEKHM3,0.172602401548455,0.190365327077565
Dendritic,MAP3K1,0.79622867756315,0.814503089669872
Dendritic,NOA1,0.698597374992581,0.716929005599592
Dendritic,EFTUD2,0.841718085106383,0.861235138365082
Dendritic,ARPP21,0.0129106575353685,0.0325851460247947
Dendritic,CCDC81,0.057587960287911,0.0773184070468826
Dendritic,POMC,0.389658139534884,0.409725186526701
Dendritic,TTC24,0.0676201995670676,0.0878167026017995
Dendritic,MLX,1.29230991748219,1.31277488811603
Dendritic,MAPKAPK2,1.32018382352941,1.34081306654589
Dendritic,CD101,0.151588811330908,0.172507917848233
Dendritic,ZNF230,0.127348676470588,0.148542708597495
Dendritic,GNAO1,0.128209463663912,0.149732019308453
Dendritic,PLEK,3.37161560033372,3.39332211186151
Dendritic,STX18,0.672952272727273,0.694756291470925
Dendritic,TAPBP,3.30076589213605,3.32269976671909
Dendritic,CRTC2,0.408954046639232,0.431030500517812
Dendritic,AGER,0.146148404255319,0.16830522492193
Dendritic,DNMT1,1.29731647058824,1.31952650908912
Dendritic,CBFA2T3,0.457633529411764,0.480016896992832
Dendritic,GAB2,0.471265957446808,0.493657604457618
Dendritic,CD207,0.0901517593390117,0.112566710557415
Dendritic,USP8,1.29966203076614,1.32213715578903
Dendritic,DPPA4,0.0825020292643918,0.105478085997364
Dendritic,CLEC4G,0.0816451470588236,0.104711478731116
Dendritic,AKAP17A,0.845601772816979,0.868725599920954
Dendritic,VTI1A,0.546930303030303,0.570378006036627
Dendritic,VPS8,0.568275185735512,0.591942197299815
Dendritic,TMEM170B,0.376620059435364,0.400297060913822
Dendritic,NOCT,0.155339443279394,0.179801863632525
Dendritic,APBA3,0.351815909090909,0.377170471122668
Dendritic,ARHGAP22,0.474817021276596,0.500954830393874
Dendritic,PLCD1,0.229549326428712,0.255699319249017
Dendritic,PDCL3,1.08614102941176,1.11238143007586
Dendritic,SETD2,0.940136323529412,0.967300715848146
Dendritic,CUX2,0.105052,0.132473638333544
Dendritic,PPY,0.0158770352153536,0.0434287968061703
Dendritic,PARP11,0.322371280086609,0.350230952785259
Dendritic,MDN1,0.405287752284785,0.433174708273328
Dendritic,OAS2,0.918711634751932,0.946672681975692
Dendritic,SLC4A3,0.10491322507168,0.132961077471222
Dendritic,SENP6,1.236628,1.26526785704243
Dendritic,APC,0.613303017832648,0.642243093112475
Dendritic,GMEB1,0.406250831268039,0.435200769765279
Dendritic,JMY,0.523307573589885,0.553125287064683
Dendritic,SEMA7A,0.634204435210216,0.664564749847676
Dendritic,C11orf86,0.00205553507535509,0.0324938147537332
Dendritic,TSGA13,0.00670516176569503,0.0372541584278168
Dendritic,SERPINB10,0.00698286223479579,0.0377333090091068
Dendritic,MAS1,0.0167192945328206,0.0478167200929152
Dendritic,CARD11,0.592985368762611,0.62422878833422
Dendritic,SLC25A20,0.393117021276596,0.424391475046846
Dendritic,MSS51,0.0343614705882353,0.0656718724024861
Dendritic,ASMTL,0.700556128642897,0.732272952293898
Dendritic,NR1I3,0.0272379721437833,0.0592732373166563
Dendritic,LMNB1,0.820168818665483,0.852326597990802
Dendritic,APOBEC3B,0.0850098137084419,0.117349801294476
Dendritic,GRIN1,0.0314876078579802,0.0641175144923101
Dendritic,DEDD2,1.0511819797008,1.08392398806521
Dendritic,MCTS1,1.51666654466696,1.55012817075347
Dendritic,GRIPAP1,0.764777874375567,0.798857403637606
Dendritic,CDH23,0.280289301634473,0.315702789626305
Dendritic,CCNA1,0.0331434839855409,0.0698188238670509
Dendritic,TEP1,0.292731375018504,0.329833854298919
Dendritic,MTMR1,0.282313551487136,0.319605391242378
Dendritic,CNN2,2.29791627906977,2.33590259126779
Dendritic,SLC9A8,0.258122710484326,0.296740993958053
Dendritic,SPECC1,0.8479875,0.886641137538776
Dendritic,PHC3,0.74009773344985,0.780397046717177
Dendritic,ZNF736,0.238739516676865,0.279469221160304
Dendritic,INSM1,0.0227098601927463,0.0634436108603703
Dendritic,NUAK2,0.358967553191489,0.399800692507891
Dendritic,CTBS,1.02494614615469,1.06650356750509
Dendritic,MED13L,1.2172499257058,1.25922809948018
Dendritic,LRRC37A2,0.116248736998514,0.158508695821028
Dendritic,RNF111,0.48466551093105,0.527424497757981
Dendritic,TREML2,0.0688183631262549,0.111982428924501
Dendritic,BTN2A2,0.679818939393939,0.723801380984655
Dendritic,AP1G2,0.681119680851064,0.725421670742548
Dendritic,SLC12A3,0.14018,0.185749037697762
Dendritic,NIPSNAP3A,0.981899112399305,1.02765117708541
Dendritic,SLC1A2,0.0428745246784075,0.0887762088223036
Dendritic,CLIC2,1.17111180182279,1.21794020499798
Dendritic,ZMYM2,1.08995999291273,1.13689249915654
Dendritic,IRF7,2.17938137520064,2.22710555229986
Dendritic,HTT,0.497543617021276,0.545356562785257
Dendritic,PAK1,1.68548389939047,1.73407711764797
Dendritic,PI4KA,0.633352837935648,0.682136730517947
Dendritic,SMC1A,1.1331,1.18255024477125
Dendritic,E2F3,0.414917862985214,0.464629586054231
Dendritic,APBB1IP,1.78030219478738,1.83042196568088
Dendritic,SIRT1,0.441267437450912,0.491463603259185
Dendritic,CDYL,0.603897064073644,0.655191962934492
Dendritic,GCGR,0.00672110286320255,0.0580854407907795
Dendritic,ERAP1,0.608836625514403,0.661737543792269
Dendritic,CHFR,0.590988372093023,0.643904396146875
Dendritic,TFCP2,0.475290757575758,0.528249083183312
Dendritic,ATP9B,0.420213678026567,0.473846784812647
Dendritic,LCNL1,0.0254160232547854,0.079870832140765
Dendritic,SEMA4A,0.953101711712125,1.00798841813597
Dendritic,CIB2,0.18831234051445,0.246108257189749
Dendritic,TMEM8B,0.370202115226338,0.428204777319899
Dendritic,STRADA,0.157153829285418,0.215380130053915
Dendritic,AVP,0.00198379125952887,0.0602743128078803
Dendritic,SCFD2,0.214010106382979,0.272870382605823
Dendritic,IRF2,1.18060905349794,1.23999874132521
Dendritic,RASA4B,0.0583282304355784,0.118232773322737
Dendritic,MOB3A,1.05379997924066,1.11403237626744
Dendritic,PLEKHD1,0.0552772986212411,0.116663728137246
Dendritic,JOSD1,0.830850531914894,0.893109180943078
Dendritic,ITIH1,0.0214982492190221,0.0853545812029798
Dendritic,PFKFB2,0.313991202402266,0.380888003019997
Dendritic,USF1,0.276424965706447,0.348501138158734
Dendritic,KAT2B,0.369837237585533,0.44297142012747
Dendritic,ASIP,0.0740116478262688,0.147934978425021
Dendritic,TENT4B,0.556706310013717,0.631135989762858
Dendritic,REST,1.05737405331767,1.13202275837028
Dendritic,IFIH1,0.634283510638298,0.71014851055543
Dendritic,CLASP2,0.680756029411764,0.758448485360626
Dendritic,SELPLG,2.16276987845868,2.24093589426189
Dendritic,SYK,1.80190585106383,1.88117079726193
Dendritic,PPP4R3A,1.00764418604651,1.08708668165901
Dendritic,GIT2,1.01694757763597,1.09885053743891
Dendritic,STAC,0.027323272544449,0.109728130728338
Dendritic,NEK8,0.33199,0.416072604380437
Dendritic,RABGAP1L,1.38944823529412,1.47525497690198
Dendritic,RGPD5,0.163119731138546,0.249120052247604
Dendritic,UBD,0.197343692621651,0.285247498876706
Dendritic,GTPBP1,0.696876595744681,0.785212290445786
Dendritic,TBC1D9,0.736290044576523,0.826388531874047
Dendritic,IFIT2,0.708609705882353,0.799775390937779
Dendritic,UPB1,0.0720503239817314,0.163890307013884
Dendritic,SLC35F3,0.0817048589769037,0.175492454459123
Dendritic,TCOF1,0.859895922105367,0.956291454041817
Dendritic,PER1,1.144992,1.24440039183005
Dendritic,NSD1,1.01873867604252,1.1192765124924
Dendritic,C19orf38,0.8447398993238,0.945368754772871
Dendritic,BIRC6,1.27398837209302,1.38007762850306
Dendritic,BTAF1,0.624111702127659,0.730789841845833
Dendritic,MYBL2,0.393518126523551,0.500432458079263
Dendritic,NXF1,0.905372093023256,1.01260870326772
Dendritic,ATF5,1.36045558823529,1.47060202258254
Dendritic,RGS7,0.0569514685052481,0.170174641871755
Dendritic,MED12L,0.0765722049699398,0.192627271631865
Dendritic,CDX2,0.00485898168271852,0.121985809644902
Dendritic,FCHSD2,1.17118383385418,1.28847429402738
Dendritic,IFNLR1,0.157868323185935,0.275537495035461
Dendritic,ZNF90,1.21565257575757,1.33503706260125
Dendritic,PTDSS1,0.944751162790698,1.06761027702077
Dendritic,MAD2L2,1.09499457678016,1.2210156776961
Dendritic,PACSIN1,0.185009215254227,0.314700551331848
Dendritic,ARHGAP26,0.728058139534884,0.862962773211267
Dendritic,A1BG,1.252012,1.39214030205615
Dendritic,LAMP5,0.51505579518605,0.656842163090065
Dendritic,SFTPA1,0.00449385074626867,0.16041756649211
Dendritic,SIK1,0.312291679049034,0.473156882277688
Dendritic,SLX1A,0.147247061919801,0.316462465793513
Dendritic,PTCRA,0.245337180102109,0.45688721120032
Dendritic,NAPSA,0.440817236255572,0.659497537031115
Dendritic,EIF3C,0.272506917790043,0.495453275191207
Dendritic,TRABD2A,0.328452674897119,0.559586164339483
Dendritic,MAN2B1,0.836908023774146,1.14597792967525
Dendritic,SCT,0.259651136363637,0.571576834577849
Dendritic,SHD,0.124604225895069,0.462874529821342
Dendritic,HLA-G,0.625315871468,0.980300432484716
Dendritic,AOC1,0.170060499202683,0.596581175042345
Endothelial,RAMP2,6.09349042182926,0.40461655217437
Endothelial,VWF,5.3817218752352,0.204615396566794
Endothelial,CLEC14A,4.25579075268817,0.128562849347549
Endothelial,PLVAP,4.41190714285714,0.29420147131383
Endothelial,RAMP3,4.3041,0.198758840039742
Endothelial,ADGRL4,4.12250781671159,0.133215468448693
Endothelial,CLDN5,4.17620604918026,0.252461398048861
Endothelial,EGFL7,4.65286279569892,0.830260123931119
Endothelial,GNG11,6.06565552325112,2.45394901494876
Endothelial,ENG,5.69215184275184,2.0823548371383
Endothelial,IFI27,7.44674924623116,3.93462192690916
Endothelial,RNASE1,5.36372391018456,1.86493264835435
Endothelial,HYAL2,4.2043743718593,0.716068905840309
Endothelial,EMCN,3.58939946091644,0.158384410229609
Endothelial,CALCRL,3.74434272025884,0.348604266701105
Endothelial,HSPG2,4.96264593432222,1.59638508160828
Endothelial,AQP1,3.98914129542061,0.668531086097795
Endothelial,CDH5,3.24963316109616,0.076899149615919
Endothelial,ESAM,3.95929943073648,0.822615394616028
Endothelial,PECAM1,5.23032252824375,2.10356430418809
Endothelial,ECSCR,3.173483851991,0.0562994766792583
Endothelial,PTPRB,3.40648947121716,0.314974858378188
Endothelial,CD34,3.49917777777778,0.438118968407979
Endothelial,FLT1,3.24123419354839,0.296513529825282
Endothelial,NPDC1,4.50461166496619,1.5973530222772
Endothelial,A2M,5.94281523447988,3.24023919828482
Endothelial,PODXL,3.24436826598908,0.587997260124152
Endothelial,CD93,3.95596328471289,1.34474168023472
Endothelial,DIPK2B,2.66084764208538,0.0794199802673588
Endothelial,LDB2,3.22456784577502,0.691523281721018
Endothelial,ROBO4,2.49363928571429,0.0365018500715532
Endothelial,MMRN2,2.51579665742887,0.105086976258267
Endothelial,ACKR1,2.53739572649573,0.127309832518667
Endothelial,FAM167B,2.49796807422064,0.093204393309346
Endothelial,EPAS1,4.70472033365677,2.32215559230031
Endothelial,ARHGAP29,3.62083411310484,1.24486363896368
Endothelial,CRIP2,5.32834307623664,2.95297666834209
Endothelial,NOTCH4,2.71169435475612,0.341154268583768
Endothelial,TM4SF1,5.87998190941971,3.52308818249891
Endothelial,FKBP1A,6.51290127122255,4.16642259082097
Endothelial,TGFBR2,3.58894824120603,1.27246954747685
Endothelial,SLCO2A1,2.42241075268817,0.128654263324521
Endothelial,TM4SF18,2.51375544425087,0.230767668109929
Endothelial,CYYR1,2.46026549865229,0.177445291474982
Endothelial,ADGRF5,2.95529927733454,0.731859512842901
Endothelial,INSR,3.59038732600444,1.38261802210331
Endothelial,ELK3,3.01193571428571,0.819461697565582
Endothelial,MYCT1,2.24521146793122,0.0531854620100478
Endothelial,VAMP5,4.63604008773633,2.50130849070015
Endothelial,PCDH17,2.35300542561695,0.230324513267323
Endothelial,TIE1,2.58824358974359,0.576055168789112
Endothelial,PALMD,2.44840752688172,0.446048015513494
Endothelial,TSPAN7,2.55954864037515,0.567869085608112
Endothelial,SPTBN1,4.33574430107527,2.40191467796014
Endothelial,VWA1,2.92374814823814,0.991357475090524
Endothelial,TGM2,2.87600673234377,0.950579317306365
Endothelial,PDLIM1,4.85677910679392,2.93586710615492
Endothelial,S1PR1,2.62225997459388,0.703194937611365
Endothelial,KDR,1.989775,0.0752267428241142
Endothelial,NOSTRIN,2.24336948989463,0.342435590953471
Endothelial,SOX18,1.92889730650725,0.0599532747261635
Endothelial,ERG,2.19728258064516,0.329371671006974
Endothelial,TCF4,5.18433578585062,3.34934807626891
Endothelial,APP,5.34515987152493,3.52466766958073
Endothelial,WWTR1,3.22192021439052,1.41699886814945
Endothelial,RDX,3.63791513595084,1.83754808366169
Endothelial,HEG1,2.82115512745085,1.02252934371813
Endothelial,ICAM2,3.45282510089226,1.6564774463726
Endothelial,PTPRM,2.20459658119658,0.423813673482148
Endothelial,JAM2,2.24593760683761,0.483519188022342
Endothelial,ACVRL1,2.26503302851431,0.529045207983508
Endothelial,CCDC85B,4.20626156751097,2.47351602167643
Endothelial,ID1,4.07478255674665,2.37026666608477
Endothelial,BCAM,3.53576063860408,1.83828560163379
Endothelial,DOCK9,2.11315740362533,0.419295086169404
Endothelial,ECE1,2.85275213675214,1.18866928745935
Endothelial,STOM,4.40521610594689,2.75985506982824
Endothelial,BMPR2,2.83267777777778,1.18989884396483
Endothelial,SPARCL1,5.86476397779699,4.24576830266937
Endothelial,ADCY4,1.74583180592992,0.148981010421155
Endothelial,TMEM88,1.7569488172043,0.198085450671729
Endothelial,EHD4,2.54204590592335,1.01884350188933
Endothelial,TEK,1.57072193515608,0.05663084492856
Endothelial,MTUS1,2.66799161290323,1.19226782073077
Endothelial,COL4A1,4.64762858116851,3.17394160251775
Endothelial,GJA1,2.46134949938316,1.00101417247619
Endothelial,APOLD1,2.04247075268817,0.614718805788673
Endothelial,KANK3,1.49155659464081,0.0700049060357484
Endothelial,STC1,1.69094443514575,0.279330992257563
Endothelial,PLXND1,2.44714214734479,1.04689362742919
Endothelial,GARRE1,2.00034063711367,0.603372431317726
Endothelial,ITGA6,2.72305963149375,1.33005697685493
Endothelial,RHOJ,1.81043817305619,0.422982700960996
Endothelial,SNCG,2.15311604872588,0.780782663724204
Endothelial,DLL4,1.44533610311823,0.0776754572186945
Endothelial,NEDD9,2.66928989247312,1.30168354467659
Endothelial,SHROOM4,1.4988350171482,0.135040017986436
Endothelial,ITGA5,2.57914173495252,1.2305658784025
Endothelial,EMP1,4.10267435897436,2.75822541813938
Endothelial,DOCK6,1.76060329642474,0.416174205796321
Endothelial,CDC37,4.13421590296496,2.79727434742102
Endothelial,MGST2,3.63799395519829,2.30245070655963
Endothelial,NFIB,3.39008215053764,2.05837039231647
Endothelial,AFAP1L1,1.41511601025135,0.0916120236850325
Endothelial,APLNR,1.50526368959365,0.188523891659605
Endothelial,ADAM15,2.38676495726496,1.0833919889078
Endothelial,RAPGEF5,1.64916415554086,0.359460210424141
Endothelial,COL15A1,2.56592332005973,1.28222353144066
Endothelial,ETS2,3.40231400491401,2.12624202212806
Endothelial,PRCP,3.03344824120603,1.76537463130543
Endothelial,RASIP1,1.47986910766694,0.212254419899455
Endothelial,SOX17,1.46504773869347,0.197841609098428
Endothelial,LIMS2,1.86896328639467,0.60549492197909
Endothelial,SPRY1,3.0680461201459,1.82348900111508
Endothelial,CCL14,1.28554088539665,0.0421308986175115
Endothelial,CRIM1,2.40806656296665,1.16504104857328
Endothelial,IL33,1.7068033786652,0.467381535030116
Endothelial,MARCKSL1,4.04884285714286,2.81717644970466
Endothelial,CD59,5.62172367494538,4.39755760061756
Endothelial,TJP1,2.55349401709402,1.33027769824206
Endothelial,LMO2,1.91760068439422,0.704562904605556
Endothelial,GRB10,1.58152506520773,0.37967118009423
Endothelial,HECW2,1.30855268817204,0.107467312428019
Endothelial,ARHGEF15,1.21132060961052,0.0156278328054553
Endothelial,SCARF1,1.55894615384615,0.366962912558128
Endothelial,RGCC,3.44458804390121,2.25968760433682
Endothelial,DYSF,1.48331519907869,0.3045649030918
Endothelial,SOX7,1.31790327899453,0.140524763558744
Endothelial,NRN1,1.55368688172043,0.378655813782341
Endothelial,EFNB2,1.937975,0.764452403038896
Endothelial,RPGR,1.60472813684641,0.435975212161612
Endothelial,LUZP1,2.35464131972992,1.19238347665443
Endothelial,PREX2,1.30684188034188,0.147061530366231
Endothelial,LIFR,1.60231253071253,0.443537351992435
Endothelial,FAM107A,1.36636388206388,0.213708421222597
Endothelial,RAI14,2.22181744471745,1.07603628804782
Endothelial,GALNT18,1.45260666666667,0.311784889852209
Endothelial,FGD5,1.29549899744472,0.155714659097332
Endothelial,IL6ST,3.36576586579562,2.23228831284088
Endothelial,MCAM,2.61393271935614,1.4863370201167
Endothelial,FZD4,1.4611976344086,0.335435389755363
Endothelial,SH3BP5,2.35043165639048,1.22718001720709
Endothelial,BCL6B,1.15369986244728,0.0333827478889287
Endothelial,TCIM,2.71222971308816,1.60684473889341
Endothelial,RPS6KA2,1.50616126735924,0.401108140637267
Endothelial,SYNPO,1.81435606190611,0.70989765209806
Endothelial,TMEM204,2.65141274962134,1.55976810157951
Endothelial,COL4A2,4.47713125811389,3.39555088025476
Endothelial,PNP,2.1166037735849,1.03810583542295
Endothelial,SHANK3,1.12639548387097,0.0567583365593156
Endothelial,GASK1B,1.9647029540992,0.895862104182979
Endothelial,SELE,1.10275773955774,0.035799090529251
Endothelial,THSD7A,1.57617440860215,0.512114022814539
Endothelial,HDAC7,1.98498045111138,0.927609194598901
Endothelial,SELP,1.09542051282051,0.0478432546373166
Endothelial,JCAD,1.43480683760684,0.401000703524649
Endothelial,ARGLU1,3.94563241043731,2.92188429503623
Endothelial,CD200,1.52459385749386,0.505872875516486
Endothelial,CTNNB1,3.53860073710074,2.53146170284703
Endothelial,PDE2A,1.12282707983693,0.118717877128628
Endothelial,ADAMTS9,1.77089380053908,0.773012840184154
Endothelial,FAM241A,1.563975,0.566157324853346
Endothelial,KLF2,3.07664425845178,2.08121660090321
Endothelial,IPO11,1.32664591103078,0.331533624403045
Endothelial,BTNL9,1.13164674357425,0.139161408168258
Endothelial,PCDH12,1.05517277628032,0.0691237092850708
Endothelial,SASH1,1.7628288172043,0.77944296093408
Endothelial,THBD,2.22586273909206,1.24916497950125
Endothelial,S100A16,3.92535647334649,2.95412703405701
Endothelial,PIK3C2A,1.80200653115216,0.832134594455579
Endothelial,GUK1,5.31150687138155,4.34191887761446
Endothelial,NUAK1,1.5374679245283,0.568348332682722
Endothelial,CDH13,1.48064757925738,0.512030567472113
Endothelial,JAG2,1.18445199207989,0.219864829949472
Endothelial,RAPGEF4,1.11297740839113,0.148831407300627
Endothelial,TSPAN18,1.09824481719783,0.143384016410294
Endothelial,SHE,1.03831320754717,0.0859026401618622
Endothelial,ARL4A,2.49564348894349,1.54416000327326
Endothelial,TNFAIP1,1.60049572649573,0.65906603262112
Endothelial,RAB11A,3.73818761185906,2.80018081408355
Endothelial,ARL15,1.27158215053764,0.333705287231008
Endothelial,ASAP1,2.38042894710726,1.44516255327497
Endothelial,PLXNA2,1.34601482195535,0.412048144150837
Endothelial,PLK2,2.27979091158379,1.34633610765281
Endothelial,MAGI1,1.70208339717289,0.768848890400917
Endothelial,CAV1,4.58035,3.64847041473093
Endothelial,FLT4,0.975849277711215,0.0453822435433222
Endothelial,FAM43A,1.4723369807798,0.547916005919462
Endothelial,ZNF385D,1.13611609337285,0.215355077590333
Endothelial,SH2D3C,1.50625528255528,0.587440126954726
Endothelial,TINAGL1,2.23658824997915,1.32399781193548
Endothelial,TRIOBP,1.84255038213219,0.931278777748721
Endothelial,NRP1,2.6772088830892,1.76610194021934
Endothelial,MMRN1,0.995662474705513,0.0865006151400277
Endothelial,MACF1,2.99101785714286,2.08702708139223
Endothelial,ESM1,1.03103590316327,0.137771757376192
Endothelial,MALL,1.82254791154791,0.93313097272569
Endothelial,SEMA3F,1.10477885199245,0.222233588616539
Endothelial,PLEKHG1,1.31498051018841,0.434301835391095
Endothelial,CPNE2,1.28992393162393,0.412426774329585
Endothelial,CASKIN2,1.0724456072673,0.202742994720315
Endothelial,PLPP3,2.62778451612903,1.75843717676588
Endothelial,FCN3,0.962120380424205,0.0969880828094483
Endothelial,PIK3R3,1.31483888187904,0.457942969169704
Endothelial,HSPA12B,1.00139648241206,0.144688915135346
Endothelial,NOTCH1,1.35900508941758,0.507238186441306
Endothelial,ARAP3,0.952751508145901,0.105577489592322
Endothelial,FEZ2,2.08176495956873,1.23790241000331
Endothelial,UTRN,2.76497890197662,1.92455880304491
Endothelial,MCF2L,1.16599885191812,0.330873043235491
Endothelial,SERPINB6,2.91886980945024,2.08951238170254
Endothelial,EPHB4,1.2675986522911,0.438800268922252
Endothelial,CPLX1,0.975891414054603,0.147858289018611
Endothelial,F8,1.00681504000314,0.185480801121261
Endothelial,HES1,3.27527425036694,2.45457480867683
Endothelial,RHOC,4.60533765772092,3.784968088471
Endothelial,NOS3,0.914334026030495,0.0948372455723043
Endothelial,PDGFB,1.145648479293,0.336301172992165
Endothelial,NECTIN2,2.65218972747636,1.84583426782479
Endothelial,ADGRL2,1.30990190915664,0.505270033104206
Endothelial,KLF7,1.47456068796069,0.674202082349341
Endothelial,PPM1F,1.30797591198395,0.513890423567869
Endothelial,PTPN14,1.41500535713036,0.62734698712895
Endothelial,ACE,1.04364271573604,0.256224716380455
Endothelial,TNFRSF10D,1.07845935156079,0.291384549827961
Endothelial,YPEL2,1.589321196844,0.806962819359087
Endothelial,NDRG1,2.6338575501638,1.85179154286735
Endothelial,SNRK,1.62541265699859,0.848816835585302
Endothelial,SOCS2,1.54012222222222,0.763748474751466
Endothelial,FAM110D,0.793236155097726,0.0172809151112468
Endothelial,RFLNB,1.17613360908792,0.401434064335169
Endothelial,PKP4,1.64786159780986,0.874105075608665
Endothelial,RAPGEF3,1.00326494623656,0.236458611681855
Endothelial,NDST1,1.22987388829259,0.465038596915908
Endothelial,PHACTR2,2.26657435897436,1.50248583963516
Endothelial,ANGPT2,1.89280301075269,1.12913777353645
Endothelial,PIEZO1,1.28228274363827,0.519486837822234
Endothelial,GPR146,0.868257002457003,0.108345998690361
Endothelial,SELENON,1.43451603084626,0.674667182189848
Endothelial,CSGALNACT1,1.14722329944377,0.387707506739233
Endothelial,ABCD4,1.49166718204037,0.741017512304937
Endothelial,PLPP1,2.71850793414017,1.97015728081951
Endothelial,EXOC3L1,0.834293162393163,0.086409119017562
Endothelial,TACC1,3.11753115577889,2.37787670684651
Endothelial,PTPRG,1.75030836019083,1.01102853544697
Endothelial,RALGAPA2,1.44338365591398,0.704915290451982
Endothelial,CLEC1A,0.823190986674864,0.0855163172408832
Endothelial,CTTNBP2NL,1.44540482827277,0.712771386836658
Endothelial,RGS3,1.93097131454994,1.19879225470492
Endothelial,ENTPD1,2.13957057615729,1.40990299448777
Endothelial,MRTFB,1.28125390835579,0.552826138583306
Endothelial,RAB13,3.69362172135647,2.9690838961503
Endothelial,CD320,2.18083715640047,1.45696796553694
Endothelial,SMAD1,1.21905085995086,0.501441540980672
Endothelial,CAVIN2,3.12742211302211,2.41179359294761
Endothelial,NOVA2,0.799810714285714,0.0856643266709332
Endothelial,EDN1,1.51867257893448,0.808295276418072
Endothelial,LIMCH1,1.75321785714286,1.04345766595831
Endothelial,RBP7,1.23468328328995,0.526812043365458
Endothelial,ZEB1,2.17527174931381,1.47309530602739
Endothelial,SOCS3,3.46373531462069,2.76169417954633
Endothelial,USHBP1,0.745588944723619,0.0456745331806918
Endothelial,F2RL3,0.833883018867926,0.134038526601843
Endothelial,CMIP,1.87737493261456,1.18014237527889
Endothelial,RBMS2,1.28161092796451,0.586714025644174
Endothelial,CAVIN1,4.62024084506112,3.92698127551498
Endothelial,PRSS23,3.71470529913035,3.02501401552966
Endothelial,SEC14L1,3.1098371277075,2.42359772147314
Endothelial,CAV2,2.77220119865008,2.08915516958336
Endothelial,DCHS1,0.985924665474269,0.30309786019185
Endothelial,EXOC3L2,0.785100453073997,0.108435533126627
Endothelial,GIMAP8,1.1911364991548,0.51573454577434
Endothelial,PTTG1IP,3.1487771760202,2.47372177049853
Endothelial,ENPP2,1.33355333333333,0.6664477221901
Endothelial,DLC1,2.37123180592992,1.70415667789784
Endothelial,CPNE8,1.14365479115479,0.483890411663592
Endothelial,SEMA6B,1.00718205128205,0.348256197727317
Endothelial,LRRC8A,1.49051626545801,0.831789344381021
Endothelial,RASGRP3,1.56457062565318,0.906573315717705
Endothelial,ARHGEF12,1.96379862349428,1.31643381251307
Endothelial,SNTB2,1.44369029649595,0.796722330109554
Endothelial,RIPOR1,1.33668571428571,0.690520914338156
Endothelial,NES,1.5097169074484,0.866991212981464
Endothelial,NRP2,1.69524884425632,1.05362528614058
Endothelial,TAOK2,1.01644500700156,0.37692073716466
Endothelial,PTPN12,1.96813169094937,1.33223400003821
Endothelial,SLC44A2,1.86773271779279,1.23299793242502
Endothelial,CNTNAP3B,0.811123826328034,0.177180811133499
Endothelial,IL3RA,1.84724632971723,1.21384401235553
Endothelial,PDK4,1.7956857727616,1.16543144651323
Endothelial,ITPRIP,1.46030174838228,0.830197341766665
Endothelial,ITM2B,6.98879720307968,6.36046459144164
Endothelial,TSPAN14,2.01275213675214,1.39089728910158
Endothelial,TGFBR3,1.52741621621622,0.906170792351248
Endothelial,FAM171A1,1.02903128815308,0.408493026968003
Endothelial,SELENOW,4.5510318487943,3.93143482255186
Endothelial,SEMA6A,1.0969608040201,0.478967868234265
Endothelial,LAMA5,1.50371613262618,0.88683249170602
Endothelial,NPR1,0.812095619779312,0.197291559533915
Endothelial,CCM2L,0.634337735849057,0.0207091316240366
Endothelial,MATN2,1.10995760215741,0.498853459666783
Endothelial,STING1,2.16364881732697,1.55392178177549
Endothelial,HMGB1,5.95311649555023,5.35124351831854
Endothelial,C2CD4B,0.757988865830336,0.156833085678787
Endothelial,RGL2,1.4737089918342,0.87401818123933
Endothelial,HOXD9,0.703203571428571,0.105925893276054
Endothelial,SWAP70,2.43222228533697,1.83671133249695
Endothelial,EPB41L4A,1.06491616400798,0.475834963112609
Endothelial,MAPK3,1.47045152253777,0.881376028230022
Endothelial,PPFIBP1,2.23909852541818,1.6501969068814
Endothelial,SRP14,6.42957493857494,5.84085371867423
Endothelial,MYL12B,5.91542682231808,5.32789418051534
Endothelial,TMEM184B,1.31249855928291,0.725899972678788
Endothelial,KBTBD2,1.19568461422669,0.60974859495622
Endothelial,OLFM1,0.943173342080131,0.359468472263281
Endothelial,HIP1,1.49715569892473,0.919397909579138
Endothelial,GFOD2,1.16717643608484,0.590483962797922
Endothelial,SLC35G2,0.87684188034188,0.302501908309115
Endothelial,ZNF521,1.03281032258064,0.459932439257625
Endothelial,ADAMTS6,0.843439621673408,0.274324537028273
Endothelial,KLHL5,1.25235527638191,0.683292724320955
Endothelial,YBX3,3.91809327632606,3.34907622473444
Endothelial,ADM5,0.63375904728824,0.0652419184065412
Endothelial,THSD1,0.662379514824798,0.0961769701784347
Endothelial,SPNS2,0.78835714145044,0.222563085910857
Endothelial,TANC1,1.23048552762568,0.66530556874342
Endothelial,TMOD3,2.10249743935709,1.53855366051306
Endothelial,VEGFC,0.795598671218499,0.233129915941366
Endothelial,TMTC1,0.884664636345644,0.325026368031507
Endothelial,MYH9,3.94950554600618,3.39180683546818
Endothelial,ARL2,2.88736118723236,2.33382583869853
Endothelial,BCR,1.11155952213059,0.559259223654443
Endothelial,LEPR,1.02966591125745,0.480364873684463
Endothelial,DGKH,1.20669359631008,0.659852628613193
Endothelial,PLCB1,1.10373773584906,0.558583376063245
Endothelial,WASF2,3.11213931623932,2.56910174049539
Endothelial,TMEM255B,1.88754479322484,1.34687171363153
Endothelial,HEY1,1.13241531312051,0.59384868117191
Endothelial,NFAT5,1.68863010494368,1.15156913716407
Endothelial,FSCN1,2.20848114874674,1.67899591993005
Endothelial,CNKSR3,1.09515228947548,0.565951019943313
Endothelial,CD109,0.954207748316722,0.425696996392224
Endothelial,HOXD8,0.7675,0.239192492416533
Endothelial,GPR4,0.906036581335931,0.379319310785559
Endothelial,PKN3,0.629373913175985,0.103300601348639
Endothelial,C1orf54,2.06123076923077,1.53572947054815
Endothelial,TNFAIP8L1,1.2136912541813,0.689079662635487
Endothelial,GPIHBP1,0.535144745340187,0.0146154046521224
Endothelial,ITPRID2,1.6901735483871,1.17171587321725
Endothelial,MAPK11,0.611128571428571,0.094321280920499
Endothelial,SEMA3G,0.548701865312286,0.0319505322136981
Endothelial,PLEKHA1,1.66861636844301,1.15256759928503
Endothelial,CTNNAL1,1.52287235836235,1.00714856064075
Endothelial,RCAN1,1.39612568933496,0.880907464380012
Endothelial,CDK17,1.27744043010753,0.762431666540561
Endothelial,IFI16,3.45181709401709,2.93801433379268
Endothelial,HMBOX1,1.14902879573544,0.636553124561089
Endothelial,RHOB,3.94274201474202,3.43193516143556
Endothelial,ID3,4.98471785714286,4.47457950561147
Endothelial,LRRC8C,1.10305956873315,0.595425229018385
Endothelial,EOGT,0.897484621606105,0.391124016154413
Endothelial,MCTP1,1.35492447792587,0.849761761345875
Endothelial,CRK,1.77312211028437,1.2683765114598
Endothelial,ABL2,1.85402451214223,1.35003191578364
Endothelial,NFIA,2.33650596130434,1.83694967757913
Endothelial,NR5A2,0.63386753053629,0.134482912194557
Endothelial,PXN,1.72582142857143,1.23165831680684
Endothelial,FRYL,1.40512697478829,0.912982043946952
Endothelial,DPYSL2,2.59547287879093,2.10400900970851
Endothelial,SHC1,1.85477603968795,1.36553440167685
Endothelial,SPRY4,1.10213607949522,0.613107381481606
Endothelial,ACTN4,3.41430715657337,2.93054466787607
Endothelial,PCGF2,1.20687264154587,0.723255830846132
Endothelial,MOB2,1.33634957264957,0.859350236787028
Endothelial,GPRC5B,0.945049226925417,0.472030438684919
Endothelial,CEP68,1.09264023706211,0.620456915505387
Endothelial,SPAG9,1.90760788506643,1.43673140416025
Endothelial,SPTAN1,2.02204708737204,1.55203083181452
Endothelial,IFITM3,7.94621547911548,7.47919371214359
Endothelial,EVA1C,1.15500170940171,0.688424042662523
Endothelial,MAP3K11,1.63629018126046,1.1703091948199
Endothelial,GIMAP4,2.97051794722785,2.5051219414605
Endothelial,MAP4K4,1.80161154650048,1.33655906336031
Endothelial,FLI1,1.65757897574124,1.19380445343874
Endothelial,MECOM,1.42659397849462,0.964772720712575
Endothelial,YES1,1.36153576406172,0.900519220085512
Endothelial,CLEC3B,0.607133007715281,0.14632407897415
Endothelial,TCF7L1,0.869247174447174,0.41016901025065
Endothelial,INPP1,1.26308729045929,0.804660281162476
Endothelial,LMCD1,2.13383348870058,1.67667313100998
Endothelial,TLNRD1,1.10217946791679,0.645481109944392
Endothelial,ELF2,1.57169173105015,1.11645595210778
Endothelial,ARHGAP23,0.775304766052762,0.324397182156285
Endothelial,TSHZ2,1.70057857142857,1.25092908232597
Endothelial,CDC42BPB,1.23102667418637,0.783815439193037
Endothelial,EFNA1,2.52284526563766,2.07587845871064
Endothelial,TLL1,0.48454097906142,0.0414513630391599
Endothelial,SIPA1L2,0.876294017094017,0.434619100792061
Endothelial,NKTR,2.35605606926005,1.91522889096565
Endothelial,SEC62,4.50127005915137,4.06070445639702
Endothelial,GNAQ,2.20191550627861,1.76192673422643
Endothelial,TSC22D1,4.49286145824322,4.05422902287858
Endothelial,ST6GALNAC3,0.654101599292568,0.215745893130515
Endothelial,RASAL2,1.32075849462366,0.882701698664795
Endothelial,APOL3,1.2388701343743,0.801059404548262
Endothelial,GIMAP6,1.59862430107527,1.1615107052954
Endothelial,JMJD1C,2.78329775866033,2.34902684569303
Endothelial,LRCH1,0.999201505376344,0.5662314199566
Endothelial,ABCG2,0.516165797375331,0.0835345165994838
Endothelial,INHBB,0.805430591454807,0.374739550141778
Endothelial,PIK3C2B,0.812382194873285,0.385666417460488
Endothelial,PLA1A,0.534909336609336,0.109179470452326
Endothelial,KIFC3,0.995043846441015,0.570690164446437
Endothelial,LPAR6,1.94571757093081,1.52339407228381
Endothelial,DDX17,3.56344344201095,3.14180858029439
Endothelial,GSDMD,2.06406198720305,1.64448794227738
Endothelial,TIMP3,4.24212357761019,3.82357624824673
Endothelial,NASP,2.44922426644045,2.03427377466558
Endothelial,GNAI2,3.98027708894879,3.56588365623513
Endothelial,TSPAN9,1.22673689197642,0.813745281437143
Endothelial,CFI,1.51513076923077,1.10247498118366
Endothelial,GFOD1,1.26208653718991,0.849477221535279
Endothelial,TCN2,1.4246152543073,1.01465135691857
Endothelial,RND1,0.823913253793174,0.415191561641134
Endothelial,EXOC6,0.970072719944422,0.561512265824158
Endothelial,EMP2,2.67836322580645,2.27040090709372
Endothelial,TEAD4,0.745075104508808,0.338157529685294
Endothelial,NAV1,1.1567961646672,0.752068865086491
Endothelial,LMBR1,1.02687179487179,0.623128666890156
Endothelial,ATP11C,0.853623712398938,0.449897928593714
Endothelial,FIS1,3.63522802422907,3.23151664377118
Endothelial,TTC28,1.00100064516129,0.598916435335614
Endothelial,EPHA4,0.68880523508422,0.288616296622916
Endothelial,MIER2,0.685955778894473,0.28675245237044
Endothelial,HPCAL1,1.74763597941774,1.34846590422067
Endothelial,FLNB,1.90631617250674,1.50806606344684
Endothelial,CCNY,1.23393694385026,0.83687621455739
Endothelial,GIT1,0.918805331958903,0.522253493709436
Endothelial,ITGA10,0.59713692722372,0.201219324723381
Endothelial,TNS2,1.56780008806678,1.17225514854284
Endothelial,FABP4,0.755523931623931,0.361132310247917
Endothelial,PIP5K1C,0.819340489739418,0.425329731722209
Endothelial,TAGLN2,5.29244668304668,4.8991430579187
Endothelial,SPG7,1.41691784946237,1.02529030493544
Endothelial,DOC2B,0.522317797256381,0.13072358872805
Endothelial,CLDN15,0.736289188696934,0.346540122291526
Endothelial,RASGRF2,0.549399630642579,0.163853927351542
Endothelial,CDA,0.880652560646901,0.501097816053648
Endothelial,SLC29A1,1.12975857580766,0.750729010192093
Endothelial,BMX,0.417348717948718,0.0402881893591055
Endothelial,GJA5,0.569189360012895,0.192190137954515
Endothelial,PGM5,0.545818172212645,0.170803307254337
Endothelial,NOD1,0.534102229345406,0.160215632814488
Endothelial,PITPNC1,1.17694995448508,0.804302520035553
Endothelial,TBXA2R,0.589816853286331,0.2180456807898
Endothelial,GAS2L1,0.876592783824963,0.505092152749743
Endothelial,CYTL1,0.583110714285714,0.212837316611384
Endothelial,LAMA4,2.52964178081941,2.15954658882669
Endothelial,FXYD6,1.76281867321867,1.39309949838276
Endothelial,EML3,0.879540419176822,0.510305363478284
Endothelial,PRKD2,1.06623674433782,0.698420681265874
Endothelial,GRAMD1A,1.59633226729716,1.22933125278819
Endothelial,LHX6,0.398395493107159,0.0318839513337821
Endothelial,ARHGAP31,1.07612407862408,0.709644839357912
Endothelial,HRH1,0.642224227594993,0.27574935656246
Endothelial,TMEM109,2.22223139784946,1.85598821655806
Endothelial,GBP4,1.62222614555256,1.25689590970358
Endothelial,HIPK3,1.37623273394724,1.01213269546859
Endothelial,GNA14,0.472922110552764,0.109146294942636
Endothelial,ELMO1,1.5941000365372,1.232817105399
Endothelial,ATXN3,1.19822161393642,0.837053510829696
Endothelial,NCOA7,2.49697297297297,2.13648508291306
Endothelial,WSB1,3.58042908476325,3.22298850470447
Endothelial,TP53I11,1.08993774528634,0.732940088072055
Endothelial,CHST1,0.487001271687717,0.131808549076421
Endothelial,ADAM10,1.82181150238136,1.46709468543371
Endothelial,FAM219A,0.621608817932168,0.268254139106572
Endothelial,ABCG1,1.22703032708392,0.874044839869626
Endothelial,FRY,0.868279548982235,0.515476998290739
Endothelial,PLEC,1.850520701873,1.49853920401847
Endothelial,FRMD4B,1.6227178585513,1.27169546539482
Endothelial,PINK1,1.2111563342318,0.860650040586414
Endothelial,SMAD9,0.68227075600507,0.33309076853366
Endothelial,MSN,4.04587691637631,3.69853566966
Endothelial,DLL1,0.675915091479946,0.329081774060786
Endothelial,FDPS,2.74717978936537,2.40119570974088
Endothelial,SMAD6,0.496275851663049,0.152322046363397
Endothelial,N4BP2L2,3.39725485883189,3.05412754354567
Endothelial,SSH1,0.973847845289453,0.630823706767762
Endothelial,MANSC1,0.998372525065746,0.655554905258462
Endothelial,MGLL,1.877018715779,1.53565114260254
Endothelial,STARD8,0.578112146111555,0.239789747993129
Endothelial,FZD6,0.974616003284561,0.636700825245407
Endothelial,TBCD,1.16019484029484,0.823665962937922
Endothelial,ITGA9,0.611569247311828,0.276630264255647
Endothelial,GALNT15,0.559337066289047,0.226016265309937
Endothelial,FRMD4A,1.16494373464373,0.836093683260093
Endothelial,BCAR1,1.30890728175124,0.980175615846721
Endothelial,CEP112,0.6774025604633,0.348762222696393
Endothelial,AFF1,1.13451055276382,0.806183486555243
Endothelial,GRPEL2,0.692099962480978,0.364352400984263
Endothelial,IGFBP3,2.16160442260442,1.83418984829891
Endothelial,GNB1,2.43728106954234,2.11184206740699
Endothelial,DDX3X,3.12186976732085,2.79977702147714
Endothelial,SH3GLB1,2.50591785714286,2.18435655844418
Endothelial,DGKE,0.667761908909906,0.346313781348756
Endothelial,MYO10,1.22204188034188,0.901504516392731
Endothelial,APLN,0.407546428571429,0.0886156088931595
Endothelial,RUNDC3B,0.466478528722908,0.148309375286206
Endothelial,C1orf115,0.707117789757413,0.390224511488085
Endothelial,TECPR1,0.724162656200099,0.408118073015513
Endothelial,SLC30A7,1.12653611793612,0.812377504259425
Endothelial,DNM3,0.595670761670762,0.281554049480079
Endothelial,NCKAP1,1.7222700753361,1.40881246249821
Endothelial,FRMD8,0.92499858715574,0.611822575971573
Endothelial,CSNK1A1,3.2870093952215,2.97510208240611
Endothelial,PRMT1,2.65534359680574,2.34437676509124
Endothelial,KALRN,0.635366021505376,0.324420952806791
Endothelial,LAMP1,2.69377892857361,2.384380060436
Endothelial,TMOD2,0.606324860637386,0.299765592069272
Endothelial,NAA38,3.06953162393163,2.7637446780902
Endothelial,BAZ2B,1.69644131092679,1.3925655254869
Endothelial,HERC2,1.30275706528925,0.999093191360749
Endothelial,KIF17,0.364551573795136,0.060945056481996
Endothelial,MAP3K3,0.904436594202161,0.603269142151134
Endothelial,CD151,3.72640138972735,3.42592948804117
Endothelial,KAT6A,1.1869307037975,0.886786615561535
Endothelial,KTN1,3.99549408979203,3.69554501880967
Endothelial,TBC1D15,1.22561484419693,0.925739854821376
Endothelial,SRSF4,2.09150897212544,1.79291734136501
Endothelial,PON2,2.2646400085777,1.966158817685
Endothelial,TSPAN12,1.11007311827957,0.812466356046392
Endothelial,ASAP2,0.888416921306442,0.591539810880277
Endothelial,DIPK1B,0.515621565735087,0.219744371983513
Endothelial,ABLIM1,1.58128119187572,1.28620257508951
Endothelial,PPP3CA,1.92792448920177,1.63349847169518
Endothelial,ADD1,1.90106812750078,1.60707828347623
Endothelial,MID1,0.711809131352519,0.418996494034766
Endothelial,SEPTIN10,1.38493846153846,1.09522592324186
Endothelial,SIN3B,0.726572515665094,0.43801363945596
Endothelial,CRYBG3,0.767073612758217,0.481143477478257
Endothelial,GIMAP1,1.51353763255195,1.22887671724938
Endothelial,DOCK1,0.927588644848185,0.644059294458395
Endothelial,MYO1C,1.83506423793763,1.55202016297167
Endothelial,KLHL3,0.402739353099731,0.120415814899689
Endothelial,AKT3,1.09194064516129,0.810074216821991
Endothelial,TRIM56,1.41567042932606,1.13488976869742
Endothelial,RAB6A,2.04574514101292,1.76559994240714
Endothelial,VAMP3,1.86211648143363,1.58243917653092
Endothelial,BCAP29,1.8319570854277,1.55270664512628
Endothelial,CX3CL1,0.934284034591475,0.655644919255932
Endothelial,PDGFD,0.791086726561187,0.51333112549074
Endothelial,BTBD3,0.826439319942928,0.55048508243989
Endothelial,STAT3,3.08347775556964,2.80818386867542
Endothelial,PROS1,1.22720860215054,0.952787008559945
Endothelial,CARD8,1.53748562199367,1.26502873404186
Endothelial,TMEM150C,0.621908625336927,0.349581793685197
Endothelial,UHRF2,0.785292991913747,0.513566195109143
Endothelial,MTRF1L,0.918846426819758,0.647391540120461
Endothelial,PHACTR4,1.47275567459819,1.20169150520142
Endothelial,LAYN,0.930883799153135,0.660386335390246
Endothelial,STC2,0.593214191309808,0.323614791477887
Endothelial,ASB9,0.41617985443305,0.147563487419621
Endothelial,NAA10,2.26932999245468,2.00096642298228
Endothelial,MSX1,0.631136277620724,0.362923313995316
Endothelial,PCDH1,0.862074431056347,0.595107134636729
Endothelial,TEAD2,0.891749435903051,0.625352392536001
Endothelial,FOXO1,0.982858106792759,0.716547032437799
Endothelial,HYAL1,0.511972826274634,0.24622500337764
Endothelial,CETP,0.345533108503644,0.0798340708833482
Endothelial,STIM2,0.988458064516129,0.72280123274459
Endothelial,PRKD3,1.11372490489035,0.849158688490677
Endothelial,NXN,0.884453071253071,0.624231665857999
Endothelial,SON,4.16821462272485,3.90822202548678
Endothelial,CLIC4,2.79008306578107,2.53151802086902
Endothelial,PDE8A,0.707388950959831,0.449037121592019
Endothelial,PDLIM5,2.42344122120481,2.16723785485949
Endothelial,TNFSF10,3.04704177897574,2.79125939512515
Endothelial,TSPAN15,1.15314749366476,0.897403245724807
Endothelial,ATP11A,0.920424624133184,0.665381369190882
Endothelial,MXD4,1.28562564102564,1.03101395242601
Endothelial,TMEM140,0.757935611710356,0.503871383428949
Endothelial,SLK,1.40987161290323,1.15598710382758
Endothelial,ARHGEF10,0.67422352346665,0.42043055714657
Endothelial,PLCG1,0.749578632478632,0.496614860971061
Endothelial,ACKR3,0.726556334231806,0.473813387582616
Endothelial,NOL4L,0.94825,0.696897866708366
Endothelial,ADARB1,0.620657681940701,0.36971507356101
Endothelial,SMURF2,0.872995219070404,0.623062736646447
Endothelial,CD81,3.62671124995703,3.37692709095242
Endothelial,PML,1.19926923076923,0.949490453564097
Endothelial,NEDD4,0.56730623655914,0.320156929129893
Endothelial,ACACB,0.45972350649805,0.212816270686357
Endothelial,ALPK3,0.370717857142857,0.123904291706253
Endothelial,MAP3K6,0.548648892689996,0.302268438223268
Endothelial,MYRIP,0.370989285714286,0.125224787821209
Endothelial,EFNB1,0.880750648751829,0.63757521750314
Endothelial,FAM171B,0.520275202156334,0.277415704472674
Endothelial,SPAAR,0.275283814149562,0.0324324077663985
Endothelial,PEAR1,0.661671612903226,0.420033463670026
Endothelial,TMCC3,0.804410714285714,0.5629183692091
Endothelial,RAB11FIP5,0.568307692307693,0.326948081152786
Endothelial,TNIP2,1.16760921080964,0.926668818974882
Endothelial,GABRD,0.340092055619502,0.100830274084364
Endothelial,ATOH8,0.418180323450134,0.179351671931741
Endothelial,GRAP,0.602761766218826,0.364485491229098
Endothelial,CDC42BPA,1.34606923076923,1.10867694395991
Endothelial,MEOX1,0.303387374346602,0.0663794790377036
Endothelial,RBM17,2.15067970846255,1.91396180325855
Endothelial,RC3H2,0.904603010752689,0.669857181525837
Endothelial,ROM1,0.37583700188832,0.141164816960333
Endothelial,IGFBP4,4.95055714285714,4.71792128338606
Endothelial,DENND11,0.67499386894871,0.444482328343667
Endothelial,AVPR2,0.253969099994508,0.0241649917417072
Endothelial,SOS1,0.922975254893326,0.695542463547843
Endothelial,MPHOSPH8,2.30792145275285,2.08167749535639
Endothelial,NTAN1,1.36317405012228,1.13772820504635
Endothelial,TAF1C,0.58492311557789,0.360406132616589
Endothelial,NACC2,0.505919784946237,0.281490303532268
Endothelial,KLF11,0.598411820597161,0.374074443666779
Endothelial,WARS1,2.2318462025123,2.00811215717224
Endothelial,UBTD1,0.770303265195878,0.548111248053544
Endothelial,SHISA5,2.07502668463612,1.85363212854544
Endothelial,ELFN1,0.280869541778976,0.0599532217353519
Endothelial,PTPRN2,0.930813420744484,0.710135507941546
Endothelial,PIM3,2.30303015075377,2.08321362997428
Endothelial,DAB2IP,0.599935228969637,0.38119337914473
Endothelial,RNF115,1.39857406927366,1.1798931310955
Endothelial,KCNJ2,0.452737557135215,0.234758448412647
Endothelial,CAPNS1,2.43843931623932,2.22052702562566
Endothelial,PDE10A,0.371475471698113,0.153719675852068
Endothelial,A4GALT,1.12798615885573,0.91251977688293
Endothelial,BTBD7,0.94260419673025,0.72866723444637
Endothelial,KCNC4,0.385505570507864,0.17177367734156
Endothelial,CCDC68,0.464503767306912,0.250892842125859
Endothelial,OAF,1.33718214285714,1.12372739864445
Endothelial,PYURF,2.64495307125307,2.43155398301211
Endothelial,IGFBP7,8.0572076923077,7.84451339432499
Endothelial,FURIN,0.808952991452992,0.596745033222395
Endothelial,LAMB1,2.07200703991241,1.8600942790472
Endothelial,ARRDC3,1.62168673271497,1.41011611880968
Endothelial,ADAMTS7,0.520609822112609,0.309151686555472
Endothelial,HAPLN1,0.274719333753534,0.063299439213735
Endothelial,PPM1D,0.664073164626257,0.453111561791748
Endothelial,FAM89A,0.481019981634045,0.270261740687434
Endothelial,HSPB1,6.01094752170292,5.80034911802252
Endothelial,FOXC1,0.830945013477089,0.620347791479986
Endothelial,ITIH5,0.828462554600848,0.618090994854117
Endothelial,VCP,2.54661024982603,2.33690029484622
Endothelial,TSHZ1,0.59719401210861,0.388061319810081
Endothelial,RABGAP1,0.973464166609191,0.764371539158367
Endothelial,SULT1C4,0.460852440243576,0.253166572197805
Endothelial,NCK1,1.26823407873825,1.06098989716379
Endothelial,TDRP,0.537379998118074,0.330483223429967
Endothelial,KIF26A,0.260556240666998,0.0538371395490706
Endothelial,SNAI1,0.795080592991914,0.588661984028183
Endothelial,CCL23,0.432833645717449,0.226482343274346
Endothelial,LAMC1,2.24756258024678,2.04333265671472
Endothelial,MPDZ,0.836221061473369,0.632294137232686
Endothelial,TNXB,0.778886324786325,0.575019890707779
Endothelial,ZFYVE21,1.56536772499413,1.3619202950629
Endothelial,TBKBP1,0.298633099254867,0.0952712143974376
Endothelial,ARHGEF7,1.18884323980024,0.985576570006135
Endothelial,PXDN,1.81199033862973,1.60907751431574
Endothelial,SYT15,0.341969902776698,0.139994778814806
Endothelial,PGM2L1,1.16572021563342,0.963765493676148
Endothelial,SEMA4C,0.688255437328366,0.486709832150329
Endothelial,EBF3,0.330146428571429,0.12964070098728
Endothelial,CARD10,0.47402004787458,0.274074626871002
Endothelial,NUCB1,2.79635250259202,2.60052753371671
Endothelial,XAF1,1.77709137539137,1.58148406841436
Endothelial,MEIS2,1.23782633440505,1.04252933179509
Endothelial,TMEM50A,3.40522534319532,3.21058557589204
Endothelial,GIPC3,0.23655702210926,0.0420010729466151
Endothelial,PRRG1,0.423629448471061,0.229141455575259
Endothelial,S100A13,3.35814138528617,3.16520698325712
Endothelial,CAMSAP2,0.874747201213595,0.68263972988852
Endothelial,JAG1,1.64988132678133,1.45785864365798
Endothelial,BDKRB2,0.381790148305084,0.190263506191894
Endothelial,LEPROT,3.1919770113489,3.00133183678251
Endothelial,LCN6,0.360893925448868,0.170312627386822
Endothelial,SLC35E4,0.382796428571429,0.192237866298433
Endothelial,ZBTB46,0.393045552560647,0.202688637900913
Endothelial,HHEX,1.00142914572864,0.811692240421259
Endothelial,MAP1S,0.757602702702703,0.567865883576244
Endothelial,DUSP7,0.455532732635427,0.266920650845897
Endothelial,ABLIM3,0.477290417690418,0.28972619634557
Endothelial,MAP4,2.35827688771405,2.17153128659401
Endothelial,MAPK12,0.410612965913882,0.224071619143094
Endothelial,RBP5,0.804030455763105,0.617884616232285
Endothelial,TNFRSF10B,0.906503059875343,0.720963804411757
Endothelial,RBMS1,2.45241698924731,2.26689344907567
Endothelial,BNIP2,2.05827204301075,1.8733075524207
Endothelial,ZNF366,0.514119164619165,0.329185148460555
Endothelial,STARD4,0.56892231001423,0.385679931638836
Endothelial,CTNNA1,2.81649695781078,2.6340368887001
Endothelial,C5orf24,1.59746924731183,1.41542608383033
Endothelial,LYVE1,0.424666393995896,0.244291646479955
Endothelial,STARD3,1.05843422543774,0.87823054420306
Endothelial,GALNT1,1.28277597263368,1.10274011117259
Endothelial,CTNND1,2.17020107526882,1.99041766023349
Endothelial,LATS2,0.920244281981084,0.74216967398269
Endothelial,NSRP1,1.7294018660605,1.5515393695773
Endothelial,ICA1,1.12327643008399,0.945440965273625
Endothelial,FGD6,0.64950064516129,0.471669737089651
Endothelial,ATRX,2.5235671253218,2.3460564447987
Endothelial,DHRS7B,0.910614742014742,0.733116381118356
Endothelial,CYB5D2,0.969663153806648,0.79352703472708
Endothelial,WWC3,0.719041422500404,0.543059941723688
Endothelial,GNAS,4.31458726257676,4.13943890234275
Endothelial,SLCO4A1,0.499933168276047,0.326325936309925
Endothelial,TAMALIN,1.20215542708935,1.02899425646051
Endothelial,MMP28,0.465114040362329,0.292880373132262
Endothelial,KCTD15,0.424348063441255,0.252505965949126
Endothelial,ANO2,0.197207142857143,0.0255128467633615
Endothelial,MRPL33,3.25764404366404,3.08611237014988
Endothelial,ALPL,0.484787729842784,0.313870956708431
Endothelial,STARD9,0.452941778975741,0.282044656961354
Endothelial,FOSL2,2.06529676549866,1.89526607261668
Endothelial,LRP6,0.759120990670389,0.589368916983753
Endothelial,DBN1,1.16373247863248,0.994895290827558
Endothelial,ODF2L,1.99981716078572,1.83133220068373
Endothelial,SIK2,0.560575184275184,0.392668369252815
Endothelial,GABPA,0.637072777675744,0.469480170921309
Endothelial,HRCT1,0.381903947147966,0.215018040628835
Endothelial,CALR,4.58565619344093,4.41892274887024
Endothelial,PLEKHG5,0.346247464107882,0.179695648243222
Endothelial,MED10,1.77902945317389,1.6128776382694
Endothelial,CDH24,0.274817010444298,0.108858552694238
Endothelial,RTF1,2.22901707886417,2.06358637611636
Endothelial,TBC1D1,1.20934310905004,1.04454558651433
Endothelial,CDC27,1.04220952203528,0.877861135643906
Endothelial,MLKL,0.802696050999734,0.639209546968868
Endothelial,CLSTN3,0.768826003673007,0.605485678627799
Endothelial,SHC2,0.43572958495226,0.273181152143633
Endothelial,PLCB4,0.577774091587855,0.415787027032781
Endothelial,RALGDS,1.02570633739903,0.864660405732048
Endothelial,NBDY,2.2946023795712,2.13388341221371
Endothelial,TDRD10,0.195893224350597,0.0357579758250108
Endothelial,DPP8,0.887022365591398,0.727679212604644
Endothelial,FAT4,0.441615744985703,0.282919230315726
Endothelial,FUT11,0.705398940883255,0.546737632437302
Endothelial,H2AZ1,4.2343,4.07578259091592
Endothelial,RASA4,0.511672661143172,0.355590353470189
Endothelial,CPXM2,0.611776756516893,0.456830695289376
Endothelial,CPD,1.30354576540896,1.14870161118321
Endothelial,LUC7L,1.21903333333333,1.06473859266503
Endothelial,SERINC3,2.3148991348198,2.16113000468001
Endothelial,DELE1,0.801227652393696,0.647610374925125
Endothelial,PPP2R5A,0.947815638203148,0.794499019355073
Endothelial,PPFIA3,0.420026343327483,0.267024899638971
Endothelial,MRPL17,1.49438543370919,1.34203476705244
Endothelial,SCML1,0.818363924608394,0.666084304262251
Endothelial,KIAA1671,0.750685390741662,0.599105126357734
Endothelial,SYNJ2,0.688668939439627,0.537110084031333
Endothelial,PTPRK,1.40063808353808,1.24962599728322
Endothelial,WWC2,0.643134830902426,0.492340448424721
Endothelial,CCDC85A,0.220010065544108,0.0708550657679147
Endothelial,NEURL1B,0.695915838378489,0.546997049111437
Endothelial,PGM2,0.806029380053908,0.657478889739178
Endothelial,VGLL4,1.78800799981977,1.63970034477174
Endothelial,SBF2,0.931955913978494,0.783790089866827
Endothelial,EPHX4,0.247447190703693,0.0994578463842279
Endothelial,FBXL7,0.452671892576643,0.304900521495458
Endothelial,ANO10,0.629113477088949,0.481695106688893
Endothelial,DYNC1LI2,1.83983370120509,1.69250701521201
Endothelial,CPT1A,0.869370831615178,0.723949392831217
Endothelial,CCNYL1,0.515638716979317,0.370290750442015
Endothelial,MAN2C1,0.798834237812877,0.654057643707643
Endothelial,ZNF22,1.47157142857143,1.32685942327735
Endothelial,FKBP9,1.79532672494348,1.65075986854585
Endothelial,PVR,0.552038448951392,0.407531689022884
Endothelial,HIF3A,0.382640420976974,0.238284457840807
Endothelial,NEK3,0.417264959568733,0.273142370077008
Endothelial,RAB3C,0.355281625265317,0.211252154940011
Endothelial,IVNS1ABP,2.01974927760205,1.8760732610444
Endothelial,USP31,0.484146183041709,0.340950711802951
Endothelial,CMTM8,1.04832712296854,0.905660282451417
Endothelial,PDCL,1.03602405247657,0.893371238996105
Endothelial,STX12,1.56656688172043,1.4250433802808
Endothelial,CARD6,0.433507537688442,0.292880781718043
Endothelial,PLD1,0.476973096067695,0.336506693146075
Endothelial,DUSP23,2.54079658119658,2.40123440606354
Endothelial,ADAMTS18,0.176963541839446,0.0374087145118017
Endothelial,DYNC2I1,1.16414066705512,1.02717181780134
Endothelial,CNTNAP3,0.225009371039372,0.0883527312690612
Endothelial,MCC,0.634442647914496,0.498695241447054
Endothelial,ZFTA,0.364165831260158,0.228626062655913
Endothelial,SLC24A1,0.270001777176403,0.134642037502151
Endothelial,PLA2G4C,0.425919599258537,0.291086079895888
Endothelial,PSIP1,1.72607142857143,1.59191485628422
Endothelial,PGS1,0.702890598290599,0.569179790203056
Endothelial,CDC26,1.43151777421785,1.29814237325363
Endothelial,DOCK4,1.1975905982906,1.06453405867011
Endothelial,CAPN11,0.159479369401374,0.0265669310080702
Endothelial,MCMBP,0.860326663135899,0.727978847775722
Endothelial,ARRDC2,0.825770351758795,0.693602273524496
Endothelial,SPTBN5,0.177736752136752,0.0457029035987563
Endothelial,TMEM245,1.08285042735043,0.951015323425096
Endothelial,TNRC6B,2.05814847989945,1.9278832257444
Endothelial,IL15RA,0.802449120926385,0.672682240808957
Endothelial,CDS2,1.06001834567163,0.930615134396076
Endothelial,PPP1R13B,0.579831600375917,0.45047737109002
Endothelial,PRKAA1,0.969700983573002,0.840584090663553
Endothelial,RIMKLB,0.803566301642608,0.674776380657923
Endothelial,CDC42EP2,0.682451683141324,0.554345531271968
Endothelial,SH3BGRL2,0.752529457205153,0.624592804308588
Endothelial,C17orf67,0.277576923076924,0.149842215683631
Endothelial,FOLH1,0.363479784946237,0.236748982507367
Endothelial,ZDHHC14,0.462764941913804,0.336170425093207
Endothelial,ANKRD50,0.629225737235972,0.502709679732425
Endothelial,FAM114A2,0.541243022255538,0.414847235752704
Endothelial,PARVB,1.56472612650719,1.43872514915208
Endothelial,KL,0.256558996797951,0.130655164588949
Endothelial,PEA15,2.32999976356396,2.20417455189766
Endothelial,URM1,1.25562125890983,1.12983797337499
Endothelial,ADAMTSL1,0.366,0.240299559209263
Endothelial,NYNRIN,0.332178142939602,0.20698146098263
Endothelial,CRACDL,0.459896226415094,0.334873598344617
Endothelial,ATN1,1.17357576530612,1.04865276280533
Endothelial,SEMA6C,0.215038367160831,0.090730556044423
Endothelial,PRKAR1B,0.595869677419355,0.471677070396652
Endothelial,ARHGEF3,1.12040073710074,0.996673124733886
Endothelial,YWHAH,3.05642444605738,2.93277025023135
Endothelial,MYLIP,1.54813636363636,1.42486467677757
Endothelial,ZNF280D,0.945342795698925,0.822141890107667
Endothelial,SAMD5,0.26751094258723,0.144499664377977
Endothelial,NCOA1,0.873546153846154,0.750616374366922
Endothelial,GIPC2,0.555020638820639,0.432975433787258
Endothelial,CHD9,2.11919914529914,1.99719731826204
Endothelial,AP2B1,1.61259865963719,1.49088324698916
Endothelial,ATP8B1,1.04721659730418,0.925580115331337
Endothelial,ASXL1,1.01271805929919,0.891298486281202
Endothelial,CASTOR1,0.494348696966818,0.373158802624368
Endothelial,PTBP2,0.840236679485644,0.719495101347757
Endothelial,AIF1L,0.668252379133722,0.547517210120628
Endothelial,CCN3,0.423481818181818,0.303112905796658
Endothelial,FMNL3,1.07377977555394,0.953613423260363
Endothelial,SSUH2,0.155231981305677,0.0351121854196057
Endothelial,TRIM47,0.983603015075378,0.863561430689169
Endothelial,ADAMTS4,1.25219803439804,1.13226638563199
Endothelial,DYNC1I2,2.35016451612903,2.23036235409981
Endothelial,ANKS1A,0.572342896768554,0.452807005447387
Endothelial,KLC1,1.26604802174191,1.14674665210385
Endothelial,STXBP1,0.765966846361186,0.646983092210901
Endothelial,SLC39A10,0.953698466507987,0.834719414578394
Endothelial,FBXO31,0.381975,0.263512139141707
Endothelial,ADIPOR2,0.983165373409514,0.864832075888746
Endothelial,HTRA1,2.74208253344844,2.62410910159355
Endothelial,SLC30A1,0.660047522871109,0.542127614654204
Endothelial,EGLN2,1.07153614413839,0.953719136476435
Endothelial,RFTN2,0.431001935042309,0.313490170063009
Endothelial,CDR2L,0.442707920607267,0.325919575195534
Endothelial,MEX3C,0.613270893349141,0.496492084602304
Endothelial,ROCK2,1.34317574123989,1.22783245054183
Endothelial,SETD5,1.4061595457473,1.29132800135373
Endothelial,WDFY1,0.834539139784946,0.719912373930799
Endothelial,ZNF423,0.394034193548387,0.279531256406223
Endothelial,ZNF677,0.577843319040786,0.463970958237654
Endothelial,KIAA2026,0.937406165469971,0.823692523104121
Endothelial,NUDT3,1.4779229095122,1.3647103633828
Endothelial,CADPS2,0.729064285714286,0.616632480801061
Endothelial,RASSF9,0.346932075471698,0.234541543123031
Endothelial,NUFIP2,1.4394484029484,1.3271289310051
Endothelial,VPS35L,0.703648523852039,0.591752317100188
Endothelial,GDPD5,0.241966999987449,0.130232097100015
Endothelial,DDX46,2.1788377684335,2.06762591555274
Endothelial,ELK4,0.917716692433029,0.806918490473052
Endothelial,RNF38,0.702590706100198,0.591998044058818
Endothelial,SAV1,0.934025224447266,0.823871038816312
Endothelial,PRKCE,0.470773504273504,0.360906590799637
Endothelial,FAM124A,0.211952136752137,0.102216374768411
Endothelial,ERF,0.818610347585812,0.708893285540522
Endothelial,VAT1,1.72822649572649,1.61870880266344
Endothelial,STRN4,0.645171899068769,0.535677175725961
Endothelial,ADGRG6,0.406109290489637,0.296806936197738
Endothelial,SLC27A3,0.734444777849047,0.626761273995501
Endothelial,MYO9A,0.794962162162161,0.688052189468913
Endothelial,SLC16A14,0.246380974269793,0.140268826295601
Endothelial,AIDA,1.24153131957009,1.135928439435
Endothelial,ARHGAP17,0.81978688172043,0.714190848199081
Endothelial,PRKAR2A,1.11522114154017,1.00976001413756
Endothelial,CFAP20,1.35685956873315,1.25187165634612
Endothelial,ZNF347,0.338497562094419,0.23381398932807
Endothelial,C20orf204,0.223346280659429,0.118698427318014
Endothelial,CCDC3,0.824060660256267,0.719721481899
Endothelial,ARL13B,0.754051042233075,0.65015903830662
Endothelial,FHIP2A,0.526161179750223,0.422324724775196
Endothelial,PPP2R5E,1.19371361938742,1.09091881823176
Endothelial,CWC25,1.13168994974874,1.02901798963746
Endothelial,SH3GL1,1.01832389870582,0.915851791300928
Endothelial,GRK5,0.76866408963168,0.666356007292988
Endothelial,TRAK2,0.543454836075078,0.44136412665141
Endothelial,TACR1,0.148373665669658,0.046415283128572
Endothelial,NRGN,0.539937517227371,0.438179127443065
Endothelial,RPH3AL,0.43851839662273,0.337578000558069
Endothelial,NOSIP,1.86218484216248,1.76187020027779
Endothelial,MFNG,1.17000809326234,1.07045422634478
Endothelial,ZC3H7B,0.609370085470085,0.510180206808804
Endothelial,PICALM,2.05046153846154,1.95130409823857
Endothelial,CNST,0.978078733200598,0.878960467957345
Endothelial,GBA2,0.578238031913033,0.47934625676971
Endothelial,DYNC1H1,1.94322358722359,1.84460838604483
Endothelial,KPNA3,0.91801347708895,0.819566627199177
Endothelial,MINK1,0.594782800982801,0.49658451831492
Endothelial,ELOVL1,1.25561872119306,1.15853249875611
Endothelial,SLC41A1,0.521517444717445,0.424473600493253
Endothelial,KSR1,0.351541502380246,0.254578988830713
Endothelial,HOXD3,0.185235913978495,0.0883508660994151
Endothelial,PRX,0.246546191646192,0.150257569870857
Endothelial,SLC3A2,2.51544104453944,2.41947253543733
Endothelial,EGLN1,0.925263092329692,0.829492189572473
Endothelial,UBP1,0.636581132075472,0.541203337172015
Endothelial,LXN,1.2417664634907,1.14645474597177
Endothelial,GLCE,0.53552911051213,0.440322792948028
Endothelial,KLHL20,0.662336699032704,0.56746296299183
Endothelial,OTUD4,0.673781401617251,0.579235119951157
Endothelial,FNBP1L,1.21535223414644,1.1213840860386
Endothelial,EIF3J,2.07763846362835,1.98371905577168
Endothelial,INPP5K,0.715895963056564,0.622159693194141
Endothelial,OLFML2A,0.888149529635795,0.794528604835733
Endothelial,RAPGEF2,0.972610593757324,0.879237551912357
Endothelial,HOXB3,0.447558856070677,0.354412316085511
Endothelial,NT5E,0.803888451904934,0.711221110391651
Endothelial,AGO3,0.900959551948052,0.808353470037174
Endothelial,ME3,0.404761994609165,0.312709955803831
Endothelial,CSNK1E,1.4386305090227,1.34757418087636
Endothelial,EIF4G3,1.07686354997746,0.986476127624278
Endothelial,HGSNAT,1.0004265297283,0.910393427348231
Endothelial,TMEM39B,0.605736815146126,0.516895022201299
Endothelial,KRT222,0.119819269277001,0.0320718329485933
Endothelial,MIDN,2.22094927616731,2.13332527063239
Endothelial,LRP5,0.635399166991256,0.548052335297854
Endothelial,SAMD14,0.247215144631045,0.15996192557764
Endothelial,MBNL2,1.45932777554007,1.37221726998631
Endothelial,SMIM12,1.1846358974359,1.09773111938873
Endothelial,CSF3,0.178618534757631,0.0921221900026472
Endothelial,EDNRB,1.08337010366917,0.99688718677819
Endothelial,TCEA2,1.05462497453778,0.968356837125765
Endothelial,KLF8,0.278279533500895,0.192939723872616
Endothelial,APOL1,1.23252452830189,1.14784581180426
Endothelial,PXDC1,0.896799812029861,0.812188228897475
Endothelial,CCDC178,0.116921977238139,0.032524185462534
Endothelial,MDFI,0.596684262151523,0.512449159283709
Endothelial,ADAMTSL2,0.492520754716981,0.409037958853304
Endothelial,C4orf36,0.269607371007371,0.186311969664901
Endothelial,G3BP1,2.02760714285714,1.94468029799075
Endothelial,AFAP1,0.847779194593725,0.765424803331054
Endothelial,UNC5B,0.95151398554337,0.869268210717616
Endothelial,POLE4,1.83188999987608,1.75011137321429
Endothelial,WSCD1,0.188176214549409,0.106908797027695
Endothelial,PHF2,0.444584946236559,0.363442973879808
Endothelial,MYO1E,0.796232709059233,0.715135677316059
Endothelial,RGS12,0.785423905505828,0.705856471155748
Endothelial,ANKRD29,0.392911859838275,0.313381467242602
Endothelial,CDYL2,0.300741824866062,0.22169265396718
Endothelial,MEF2A,1.7465115902965,1.66761615331746
Endothelial,UFD1,1.63688407808698,1.55809729082794
Endothelial,DHH,0.116140703517588,0.0375193740863787
Endothelial,CHMP3,2.07423289257062,1.99577443363696
Endothelial,TBX1,0.194940161725067,0.116552752851794
Endothelial,PLCXD3,0.162607566348513,0.0846911221784658
Endothelial,UCK2,0.743579784366577,0.665750955395833
Endothelial,MTSS1,0.986090827599924,0.908263540009702
Endothelial,GPER1,0.146092462311558,0.0684322016287964
Endothelial,RBM5,1.31870248042984,1.24125484319142
Endothelial,METTL9,2.14552698256906,2.0684504640527
Endothelial,HDAC1,1.71428974358975,1.63748352121917
Endothelial,DENND5A,0.926257261139062,0.849940513325698
Endothelial,CACHD1,0.275581442680899,0.199916217501077
Endothelial,TRIB2,0.843033460001133,0.768114571380244
Endothelial,SHROOM2,0.245195439506344,0.170439818285884
Endothelial,KLHL4,0.152645226130653,0.0779267918882893
Endothelial,CCDC82,0.891470351758795,0.818058232899364
Endothelial,KCNN2,0.219557624509994,0.146407270600269
Endothelial,CCDC149,0.272366056681996,0.199286463551825
Endothelial,PHF14,1.86645866761241,1.79343105545924
Endothelial,ZSCAN18,0.828793162393163,0.756245904934243
Endothelial,INPP5A,0.391562468889995,0.319362882587927
Endothelial,RAPH1,0.671202015975024,0.599080171634247
Endothelial,HELZ2,0.584787096774194,0.512689537449637
Endothelial,RIN2,1.24425283018868,1.17293438228796
Endothelial,RELA,1.04630621884347,0.974992651001982
Endothelial,SBNO2,0.659113785542843,0.587855736736537
Endothelial,TNFRSF10A,0.388711626417046,0.317496057552103
Endothelial,SAP30L,0.439284731182796,0.36809593430112
Endothelial,E2F4,0.907011665662232,0.836107221136363
Endothelial,FUT1,0.265951566458994,0.19526843375367
Endothelial,ROBO3,0.347604668304668,0.277700028603511
Endothelial,SOX13,0.468634188034188,0.399030984333304
Endothelial,KMT2D,0.493235736997894,0.42389521819705
Endothelial,RAB5A,1.42772362351682,1.35850038753408
Endothelial,GLS,1.37973175628341,1.31055689894176
Endothelial,RNF122,0.276570214978535,0.207413086395286
Endothelial,SLFN12,0.338265498652291,0.269156077831297
Endothelial,ATF6B,1.41739559546003,1.34854177109537
Endothelial,SLC10A6,0.0843888912429379,0.0156173796469264
Endothelial,PRTG,0.168577800550183,0.0999720429654687
Endothelial,LYPD5,0.135641633709981,0.0671356804139948
Endothelial,SSBP4,1.06686393417779,0.998475939413632
Endothelial,CUBN,0.356272318362255,0.288084244238962
Endothelial,PDPR,0.512509457441513,0.445145098319439
Endothelial,PDCD6IP,1.6075688172043,1.54039380403415
Endothelial,TOX2,0.404361129987231,0.337274941449189
Endothelial,TTBK2,0.434535007328306,0.36775184621086
Endothelial,RBM22,1.07395315232803,1.00724914152295
Endothelial,DNAAF9,0.636500495169728,0.570022122017396
Endothelial,PPP2R5B,0.394229581156317,0.328166223267805
Endothelial,ZNF541,0.100560825991615,0.0347940932921653
Endothelial,SPRY3,0.0909916610007063,0.0256535109689922
Endothelial,CCDC25,1.22539315569816,1.16039101427201
Endothelial,ZDHHC8,0.375713544469238,0.311135261207432
Endothelial,ZNF224,0.509146733668342,0.444788875522618
Endothelial,RYBP,1.05041539310646,0.986625783995889
Endothelial,SH3RF3,0.318912912427827,0.255473510551891
Endothelial,C2orf76,0.599094348894349,0.535729033954837
Endothelial,PKD1L1,0.0762274588015229,0.0128698427704054
Endothelial,TCF15,0.0903813743269385,0.0270710884338177
Endothelial,MSANTD2,0.264957734768193,0.201803903598399
Endothelial,DPY19L1,0.451204750893516,0.388118815543294
Endothelial,MTMR9,0.641463819095477,0.578700133007614
Endothelial,PITPNM2,0.306165829145729,0.243641344429424
Endothelial,WIZ,0.440335202574924,0.37790037714626
Endothelial,VIP,0.071969426939181,0.00961571720858485
Endothelial,GATAD2B,0.888529062966651,0.826439926365507
Endothelial,GDF3,0.0656737162393387,0.00378206978800095
Endothelial,MFAP3,0.286194952773259,0.225291594190323
Endothelial,RHOBTB1,0.332060714285714,0.271369563445415
Endothelial,RAP2A,0.719788629619723,0.659257443534114
Endothelial,RAI2,0.396386293066182,0.335938195100205
Endothelial,SLC14A1,0.258983225806452,0.199240525882292
Endothelial,VAMP4,0.551039285714286,0.491940530404919
Endothelial,CRELD1,0.693668276760445,0.634578447508104
Endothelial,SNTG2,0.0950749354989281,0.0361151097221644
Endothelial,PABPC4L,0.107320069758682,0.0484927032523114
Endothelial,GJC2,0.0934104661891518,0.0346302144469496
Endothelial,PALM,0.514803704547729,0.456758195679434
Endothelial,LDLRAD2,0.11223363495979,0.0542129062437753
Endothelial,EFCC1,0.157457724990569,0.0998450787136062
Endothelial,PKN1,1.20357777777778,1.14613013915624
Endothelial,SCRN2,0.91359977407048,0.856639271775158
Endothelial,RFX3,0.564160717286997,0.507209012950939
Endothelial,ACR,0.0665512129380054,0.00970640161761414
Endothelial,HERC1,1.04402905982906,0.987245852146552
Endothelial,COL21A1,0.280413090822792,0.223846859079381
Endothelial,CREBRF,1.14979623329566,1.09347148513903
Endothelial,KCTD10,0.85272089505639,0.796545402679314
Endothelial,HACE1,0.275064102564103,0.219241342639148
Endothelial,SKI,1.00068766893896,0.944894717406845
Endothelial,STOX2,0.308060657068468,0.252591222371262
Endothelial,ZNF449,0.183289733698357,0.12803709171899
Endothelial,NLK,0.439959936535589,0.384748925322493
Endothelial,KLF10,1.80359291201628,1.74847527276603
Endothelial,CNOT8,0.965223423877588,0.910192607555667
Endothelial,USP12,0.640043980189105,0.585090967810726
Endothelial,CRHBP,0.152456603773585,0.0977405659892456
Endothelial,ZC3H12C,0.24187199017199,0.187806069605456
Endothelial,DAPK3,1.14912432432432,1.09558310723036
Endothelial,BCAR3,0.463008108108108,0.409651245408397
Endothelial,SCN1B,0.299220215053764,0.245962544493449
Endothelial,LIMK2,0.730206021505377,0.67697614070189
Endothelial,C1orf21,1.21680357142857,1.16453731280799
Endothelial,CDK9,0.667572922129305,0.615726680375448
Endothelial,LRCOL1,0.0781436559139786,0.0266901654620462
Endothelial,IPO8,0.492626381284221,0.441180617938853
Endothelial,TBC1D30,0.212370531980099,0.161344461774395
Endothelial,ZNF436,0.265283727059057,0.215456872262301
Endothelial,TMC7,0.226188140161725,0.176498660775963
Endothelial,CNTLN,0.637467205231006,0.588003667079965
Endothelial,KLF3,1.45954069758621,1.41013581066537
Endothelial,SP6,0.11301832884097,0.0636164992793722
Endothelial,DHX38,0.611837492431643,0.563026924915967
Endothelial,OIT3,0.0537509957627119,0.00513944877556291
Endothelial,CA4,0.150705405405405,0.102196549542994
Endothelial,PACS2,0.635613548387097,0.587160258040533
Endothelial,ADAMTS1,2.00487061994609,1.95686118067112
Endothelial,ULBP2,0.223302564102564,0.175631202539396
Endothelial,IKBKB,0.840474133949248,0.79304156593416
Endothelial,CD300LG,0.116924476112104,0.069751614365818
Endothelial,SERBP1,3.56789624351436,3.52094743508401
Endothelial,TXNDC12,1.72614190672787,1.67930846847961
Endothelial,CPAMD8,0.220012033098805,0.173565949581933
Endothelial,FAM124B,0.249218924731183,0.202958951810572
Endothelial,IFIT3,0.968831979090598,0.92273790996237
Endothelial,ARIH1,1.15543343147678,1.10971560458507
Endothelial,HOXA7,0.283926573353104,0.238331090438955
Endothelial,ARL2BP,1.64396239316239,1.59843674984902
Endothelial,TAFAZZIN,0.576764204622973,0.531368192969293
Endothelial,PRDM11,0.137882800982801,0.0925515822506052
Endothelial,PDIA5,0.741270889487871,0.696226822845624
Endothelial,EXTL3,0.385256269305917,0.341201672374693
Endothelial,SNX16,0.316597085127125,0.272599873563074
Endothelial,RYK,0.744754272605881,0.701082219358455
Endothelial,MEGF8,0.367500745864288,0.324069520804646
Endothelial,CGGBP1,1.37174397727976,1.3283279528624
Endothelial,BAALC,0.432307537688442,0.388927483900862
Endothelial,PTPN5,0.0611882893083792,0.0179440227938295
Endothelial,UBR1,0.681023664198151,0.638552132578513
Endothelial,TPO,0.0575988779494849,0.0152144025963312
Endothelial,KLHL2,0.400820396344812,0.358541100304188
Endothelial,TAOK1,1.17441625889702,1.13231494578478
Endothelial,GON4L,1.1194643986398,1.07736664369995
Endothelial,LEMD2,0.553503504043127,0.511523659235815
Endothelial,AGFG2,0.342987130590879,0.301193038751558
Endothelial,CCL21,0.465399784946237,0.423719675974458
Endothelial,IFIT1,0.626999891578908,0.585519701394214
Endothelial,CAMKK2,0.622726363483519,0.581735882009271
Endothelial,DUSP11,0.871560251032537,0.830616548639728
Endothelial,SYTL4,0.354961849072036,0.314195718740697
Endothelial,DLG4,0.214439429909052,0.173942709075118
Endothelial,GPR3,0.0875378575694237,0.0472596459934749
Endothelial,GPR182,0.0415302311959651,0.00156825761280687
Endothelial,BIN3,0.64421824434591,0.604337376051577
Endothelial,MICALL1,0.303453668647453,0.263819886966402
Endothelial,WDFY3,0.568809660606147,0.529190190966222
Endothelial,APBB2,0.932311699725589,0.892788472886232
Endothelial,DNAJC18,0.378518709677419,0.339144496286566
Endothelial,HIP1R,0.611096043686412,0.571760021747085
Endothelial,PHF10,0.619272298701986,0.580063214494126
Endothelial,DDI2,0.625372924968905,0.586164415646164
Endothelial,ANKRD26,0.606858793969849,0.567805665800828
Endothelial,TOPORS,0.977112905841596,0.938365771609566
Endothelial,DNASE1L3,1.05947331536388,1.02108037258792
Endothelial,TMEM181,0.778389016174938,0.740005368105555
Endothelial,MIDEAS,0.973195477386935,0.935261685102215
Endothelial,TMEM150A,0.497257402862507,0.459333652143291
Endothelial,NRAS,0.83628542194159,0.798429897410622
Endothelial,NFATC1,0.73493512250978,0.697332107215688
Endothelial,KCNMB4,0.25271262484206,0.215440810865713
Endothelial,ATL3,1.11351105527638,1.07624974399924
Endothelial,MYO15B,0.435955036855037,0.398751759404341
Endothelial,SPRED3,0.120678070247147,0.0835084475618497
Endothelial,MTMR2,0.626141790661452,0.588977717324701
Endothelial,PRRT1,0.20170003210301,0.164575345672737
Endothelial,GRAPL,0.0927541808526532,0.0557932200907387
Endothelial,DIAPH2,0.767978236170645,0.731035618262845
Endothelial,IQCK,0.630825477221922,0.594254055794998
Endothelial,WNT2B,0.232475520042615,0.195988333532728
Endothelial,RASL10A,0.101366632062798,0.0652615621057786
Endothelial,RPA4,0.0797865229110513,0.0438373831842509
Endothelial,ATG2B,0.36796794090699,0.332058109831139
Endothelial,EHD3,0.313595492677297,0.277699429192375
Endothelial,SLC25A25,0.877527032162333,0.84173984588379
Endothelial,PCGF3,0.740792857142857,0.705425235798881
Endothelial,CHSY1,1.17632870831259,1.1410141451167
Endothelial,FJX1,0.398854331789239,0.363545643229225
Endothelial,HMGN5,0.532946184072398,0.497806341162676
Endothelial,PPP1R3B,0.442401507537688,0.407865871134369
Endothelial,PDZD2,0.297941100947391,0.263852222467062
Endothelial,CHST7,0.388772623539257,0.354755504731695
Endothelial,HABP4,0.372227465778829,0.338292941744654
Endothelial,SANBR,0.381909608656515,0.34833968411732
Endothelial,AP3M2,0.53075147424753,0.497388599453152
Endothelial,PLD2,0.362416938518026,0.32935663468714
Endothelial,POLK,0.930674393530997,0.897741217105885
Endothelial,REEP3,1.58561421791945,1.55284882597463
Endothelial,CEACAM19,0.108107071779387,0.0753439336003953
Endothelial,MOV10,0.510672258064516,0.478238866276828
Endothelial,STAB2,0.0458079532733829,0.0134147611305583
Endothelial,C1QTNF9,0.0519599469003875,0.0197350099568475
Endothelial,SMOX,0.43884133444319,0.406702835750428
Endothelial,TECPR2,0.299502298122242,0.26740012282823
Endothelial,ZNF160,0.543174937646898,0.511279211386946
Endothelial,TNK2,0.557419768585436,0.525569494517289
Endothelial,HOXD10,0.10786676280211,0.0761031358859891
Endothelial,SCN4A,0.0436181818181818,0.0118956889922773
Endothelial,FATE1,0.047754515983791,0.016034483544255
Endothelial,TMEM121,0.254242127564656,0.222729370875267
Endothelial,ZNF71,0.251185012285012,0.21987301324469
Endothelial,SYNJ1,0.317527223719677,0.286221579010321
Endothelial,MARK4,0.33646892739378,0.305335424090325
Endothelial,ANGEL1,0.312542857142857,0.281593803276727
Endothelial,NSMCE4A,0.90576339066339,0.874901080299242
Endothelial,SLC5A4,0.0429224986796944,0.0120831488210427
Endothelial,BLMH,0.702012731754514,0.671381106056326
Endothelial,GPATCH2L,0.863252432361156,0.83274222064648
Endothelial,PPP1R12C,0.511151282051282,0.48094907465417
Endothelial,MMP15,0.448653552910209,0.419139940246916
Endothelial,RNF145,2.14840262691028,2.11912968244525
Endothelial,EZH1,0.504622464067531,0.475372329463934
Endothelial,CLOCK,0.668738279569893,0.640620075355972
Endothelial,RBM43,0.40341959798995,0.375459469699359
Endothelial,MOSMO,0.499134784893139,0.471254973670655
Endothelial,ITPKB,0.614340767437556,0.586665852868883
Endothelial,CCDC85C,0.350702964959569,0.32305618144067
Endothelial,IFI44,1.238718331072,1.21109540440604
Endothelial,VANGL1,0.370717857142857,0.343136016765341
Endothelial,EML1,0.510147008547009,0.482743920989113
Endothelial,RAB21,1.11571435068483,1.08864285291759
Endothelial,CEBPG,1.01240526152519,0.985337851997511
Endothelial,NID1,1.76263886986492,1.73608153015128
Endothelial,SUFU,0.286215904564024,0.259910645671244
Endothelial,FOXJ2,0.345368597086196,0.319159282531025
Endothelial,SPRYD3,0.528677386934673,0.50250381830588
Endothelial,ZNF75D,0.214317419354839,0.188167305619273
Endothelial,TNPO1,1.29605935483871,1.26998722477767
Endothelial,GAK,0.953600000000001,0.927914423249115
Endothelial,ABHD6,0.310571323803805,0.284958721835969
Endothelial,HOXD4,0.125892352207364,0.100385046564649
Endothelial,BTBD6,0.399656034162388,0.37416386353407
Endothelial,CTIF,0.371957142857143,0.3466791628483
Endothelial,SENP7,0.671874488518289,0.646626359836542
Endothelial,MED4,1.60096903225806,1.57622765334598
Endothelial,RUSC2,0.394596870759238,0.370288409996721
Endothelial,REXO1,0.299161400089911,0.274938774174718
Endothelial,TMEM30A,1.89593411901973,1.87183715940962
Endothelial,TMEM217,0.101699382402707,0.0778408303138966
Endothelial,DKK2,0.0967217204301076,0.0728747335394751
Endothelial,MICA,0.584435897435898,0.560712619851097
Endothelial,TBC1D20,0.691344172614967,0.667674709089349
Endothelial,ADM,1.32299101292613,1.2995173764953
Endothelial,HMCN2,0.0956040390377317,0.0722330947774116
Endothelial,LRATD2,0.754825806451613,0.731543501276874
Endothelial,CPT1C,0.221446620704145,0.198232858431773
Endothelial,MINDY3,0.473411281519123,0.45053591049154
Endothelial,FEM1C,0.544016195868591,0.521189393708772
Endothelial,CPEB2,0.37993316953317,0.357130702185747
Endothelial,IZUMO1,0.0380102425876011,0.0154762745930156
Endothelial,TRPM6,0.0679894878706199,0.0456258252983881
Endothelial,PPT2,0.3207608040201,0.298596133389024
Endothelial,GNA11,0.780833921473424,0.758692280681986
Endothelial,INF2,0.736962533692722,0.714994457527982
Endothelial,MYOZ3,0.0906766587040906,0.0688510249403559
Endothelial,TRAPPC3L,0.0362157719895868,0.0147470314822225
Endothelial,ZNF781,0.157914655926999,0.136525831521245
Endothelial,SEMA6D,0.297800884006615,0.276475196521497
Endothelial,DNASE1L1,0.595024720247513,0.573940684573126
Endothelial,ADCY1,0.230077887238588,0.209038383164507
Endothelial,RAET1G,0.0690279597690203,0.0480041859733634
Endothelial,PPP2R1B,0.516310717411948,0.495609109022687
Endothelial,DSTYK,0.571124475979442,0.550438010858654
Endothelial,MTARC2,0.398611320754717,0.377938245566275
Endothelial,GALNT10,0.508944736187158,0.488276175175401
Endothelial,FZD8,0.167891619032679,0.147512065718558
Endothelial,UBN1,0.823616283210488,0.803256333170672
Endothelial,TCP11L2,0.246873974428295,0.226673465540824
Endothelial,GABRE,0.300718876521476,0.281139756770013
Endothelial,AGPAT4,0.386029983822798,0.366625312331802
Endothelial,NRDE2,0.554571843894704,0.535245989146447
Endothelial,DISP1,0.180160562470412,0.160865736587095
Endothelial,FBXO39,0.0280150381986329,0.00877452682761232
Endothelial,GFM1,0.858214285714286,0.839024619296936
Endothelial,PPP1R16B,0.651424470416156,0.63224671596046
Endothelial,FGD1,0.176588206388206,0.157450234570017
Endothelial,LY6G5C,0.195402482090532,0.176300506598129
Endothelial,MPP3,0.17796936012418,0.159583920134891
Endothelial,N4BP3,0.17795062108092,0.159614479602383
Endothelial,SHPRH,0.669725641025641,0.651442399829527
Endothelial,GLYCTK,0.280588034188034,0.262505942824806
Endothelial,ACER2,0.0584342821854773,0.0407105963437181
Endothelial,SDE2,0.613096670312627,0.595395407505411
Endothelial,ART4,0.105784212996047,0.0881092817421517
Endothelial,EXD3,0.552804244793489,0.535160868923106
Endothelial,KLHDC1,0.168661312143017,0.151089069681077
Endothelial,BAHD1,0.235269798407168,0.217721408480503
Endothelial,TRIM35,0.241910934766126,0.224761696044974
Endothelial,SLC25A44,0.4713175839464,0.454289282071792
Endothelial,ODF3L2,0.022448107480562,0.00542896231987779
Endothelial,UBE2G2,1.31252731182796,1.2956065032761
Endothelial,MAMLD1,0.146203677090223,0.129419006533985
Endothelial,RFK,1.00485427135678,0.98812788028819
Endothelial,VASH1,0.810113758983477,0.793491570251872
Endothelial,DNMBP,0.341992722371968,0.325545837865529
Endothelial,SLC52A3,0.187557509593579,0.171467903574643
Endothelial,CXXC4,0.161409433962264,0.145332282863354
Endothelial,SUPT6H,0.874958221024258,0.859040984814608
Endothelial,TAF3,0.728030769230769,0.712199026740408
Endothelial,INPP5E,0.216860430107527,0.201384279090008
Endothelial,TUBE1,0.419698290598291,0.404665154632556
Endothelial,SLC12A6,0.537417634408602,0.522430761242455
Endothelial,CCDC9,0.201577658122125,0.186828308048051
Endothelial,USP13,0.340797487437186,0.326268645404838
Endothelial,PURB,0.80009361775199,0.785625482653699
Endothelial,ZBTB16,1.23202412060302,1.21758041448924
Endothelial,ANKFY1,0.523372228985173,0.509026696556159
Endothelial,SETD7,0.711514895285433,0.697268545183405
Endothelial,ZNF281,0.893004592502122,0.879047599829023
Endothelial,MADCAM1,0.0629356783919597,0.0492762564043609
Endothelial,SAMD8,0.60195903906045,0.588350342488976
Endothelial,IMPG2,0.0561615343702409,0.0432545896623282
Endothelial,NCBP3,0.814102512562812,0.801441463710472
Endothelial,C2CD4C,0.051221935483871,0.0385749031688612
Endothelial,ZNF597,0.127775409529117,0.115208041733784
Endothelial,APCDD1,0.637467096774193,0.624912230293911
Endothelial,SPOP,1.45918813732096,1.44671071516183
Endothelial,WNT9B,0.0189811214999716,0.00668156384031431
Endothelial,ADAD2,0.0296276927191387,0.0173300546851118
Endothelial,RBM44,0.0443608885017421,0.0321246931293828
Endothelial,LOXHD1,0.0184781547474018,0.0062512094708977
Endothelial,PPP4R1,0.814503504043126,0.802384751405136
Endothelial,SLC2A14,0.119365756295927,0.10734152477372
Endothelial,MTF2,1.06939318211164,1.05770768534288
Endothelial,CSNK2A2,0.533463247863248,0.521828085129426
Endothelial,ISLR2,0.0434078624078624,0.0318050536429681
Endothelial,MSL1,0.825449698075863,0.813934226150178
Endothelial,MAP3K10,0.11590623655914,0.104638283509981
Endothelial,BTN2A1,0.56805922136811,0.556901130530447
Endothelial,HDAC5,0.797779342944663,0.786759580638138
Endothelial,NRARP,0.285032958930863,0.274057778600554
Endothelial,ARRB1,0.716217891354006,0.705421178989473
Endothelial,SHROOM1,0.506998669666874,0.496242999810755
Endothelial,ZNF35,0.196188560633888,0.185542798457806
Endothelial,TSC22D2,1.0618601718333,1.05184556360149
Endothelial,BAG3,1.64833326779475,1.638327320228
Endothelial,ATP7A,0.287322794687519,0.277565739896433
Endothelial,AHDC1,0.51601935483871,0.506286782849973
Endothelial,NIPSNAP3B,0.123939316239316,0.11462136656634
Endothelial,ZNF676,0.0576618837602374,0.0483826404500924
Endothelial,ATP8A2,0.101311166149254,0.092040395575157
Endothelial,MTA2,0.41713423180593,0.407985757048411
Endothelial,ZYG11B,0.618836967912053,0.609838540620453
Endothelial,C1QTNF12,0.145124986504782,0.136190112006051
Endothelial,PRXL2C,0.87876212880387,0.87002456210963
Endothelial,ATP2B4,1.23910043010753,1.23037263966232
Endothelial,C9orf40,0.207209973045822,0.198694039093554
Endothelial,SREK1,1.66251259474243,1.65409479047721
Endothelial,TNFRSF10C,0.103697634408602,0.0953763795517521
Endothelial,TAF1,0.544988584654023,0.53669937769284
Endothelial,CCDC126,0.348442735042735,0.340300404058853
Endothelial,SLC30A4,0.225078138718898,0.217070032481298
Endothelial,EIF2B2,0.735213095583874,0.727257365042566
Endothelial,ACTR1A,1.29149642687389,1.28357080130926
Endothelial,REP15,0.0932717109757878,0.0855506159885013
Endothelial,EEF2K,0.493705566052154,0.486026836869946
Endothelial,TNFRSF4,1.15187381487378,1.14449505108593
Endothelial,ADAMTS5,0.352357049345481,0.345006203565376
Endothelial,P2RY1,0.204021327644127,0.196732104013274
Endothelial,SV2B,0.0840955976733407,0.0768134976948857
Endothelial,MID2,0.0994096774193548,0.0922169671397721
Endothelial,ICAM1,1.92984761697362,1.92275645603919
Endothelial,ZFP28,0.114040448324542,0.106967501474231
Endothelial,SLC22A4,0.145800906216734,0.138923819516232
Endothelial,RTL6,0.325891236011041,0.319029939984833
Endothelial,FNIP2,1.38346618458404,1.37661814004366
Endothelial,TPBGL,0.0235063801650604,0.0166699931273387
Endothelial,SLC9C1,0.0337545158185626,0.0269902733098837
Endothelial,GRM2,0.0296499458124977,0.0229072424748288
Endothelial,PTPN23,0.373916822903973,0.367466747918154
Endothelial,MYLK2,0.0128549278892751,0.00648035074899215
Endothelial,NPHP3,0.508001935483871,0.501662295799194
Endothelial,SCUBE1,0.0488552825552826,0.0425304184370247
Endothelial,SLC16A13,0.0823411164489093,0.0760341579889278
Endothelial,RIPK1,0.428042687606624,0.421847993833878
Endothelial,FITM1,0.0310862394206662,0.0249014270360918
Endothelial,HOXA4,0.1351920213188,0.129175265169885
Endothelial,FCN2,0.0144562916117626,0.00854470469546489
Endothelial,EVI5L,0.147284422110553,0.141414913268026
Endothelial,SMAGP,0.993485726729716,0.987638808321407
Endothelial,KIF3C,0.230848143753929,0.22503200258066
Endothelial,NHSL1,0.444117849462366,0.438375977226603
Endothelial,FCSK,0.220478571428571,0.214965686530675
Endothelial,CYP46A1,0.15769890105986,0.152240281001952
Endothelial,ARL5B,0.789262413451643,0.783867649380758
Endothelial,ADRA1D,0.0205250853546269,0.015450102806528
Endothelial,ZNF362,0.431465598556496,0.426494566995798
Endothelial,FOXO4,0.145318533542723,0.140388870168639
Endothelial,WFS1,0.450829059829061,0.445977428765943
Endothelial,UBXN8,0.386049246231156,0.381244471175649
Endothelial,NR3C2,0.226562480344673,0.221775254970816
Endothelial,NLGN4Y,0.128596135333131,0.123837789089412
Endothelial,ZNF83,0.789643243243244,0.784891661623622
Endothelial,ZZEF1,0.493612979094077,0.488877711233085
Endothelial,GJA4,1.05647857142857,1.05184128895589
Endothelial,PIP4K2B,0.468833341291839,0.464382099723315
Endothelial,MED12,0.372349326145553,0.367986389853313
Endothelial,SZT2,0.293071577897885,0.288767908524969
Endothelial,BICRA,0.142827301970245,0.138527423088445
Endothelial,RXFP1,0.0493739982084204,0.0450991951778849
Endothelial,EPN2,0.800778632478633,0.796597664395429
Endothelial,ZDHHC20,0.791224133433035,0.787275622236032
Endothelial,ASPRV1,0.0319944110834626,0.0280965492540389
Endothelial,TCAP,0.0399918918918919,0.0361149900125923
Endothelial,ZNF304,0.138581077778381,0.134707667330445
Endothelial,SEC16B,0.0941794871794873,0.090327068579473
Endothelial,TUT1,0.352869435488871,0.349044959907524
Endothelial,ABLIM2,0.214427096774194,0.210686038758877
Endothelial,PDE7B,0.432972849481399,0.429403861319714
Endothelial,EXOSC6,0.742699145299145,0.739293714818658
Endothelial,AKTIP,0.579787483192534,0.57659101315862
Endothelial,NOX5,0.0276071084681851,0.0245209336292601
Endothelial,PIR,0.507201586610254,0.504139534211157
Endothelial,SLC25A28,0.367797165712303,0.364772834376895
Endothelial,TMEM170A,0.804780318448937,0.80192453773916
Endothelial,MYBBP1A,0.413603484320557,0.410789536675317
Endothelial,ZNF684,0.137000407411973,0.134277315063828
Endothelial,LANCL3,0.0521387096774194,0.0499109906607117
Endothelial,SSTR1,0.0499256412894243,0.0476982418506358
Endothelial,BRF1,0.34851452991453,0.346548201357416
Endothelial,TNMD,0.0123495108888001,0.0105509359604578
Endothelial,PNMA8B,0.0569299460115907,0.0553081873026675
Endothelial,NKAPL,0.0869791154791156,0.0855180702929516
Endothelial,XXYLT1,0.400127961672474,0.39878979426715
Endothelial,ZNF354B,0.185119497457546,0.183806411496815
Endothelial,CYP26C1,0.00690515970515971,0.00560692662578939
Endothelial,AOC2,0.0194341935483871,0.0181372844528799
Endothelial,ZNF442,0.0713948787061994,0.0700991282895343
Endothelial,MYL4,0.0713397790771709,0.0702075290488237
Endothelial,ZNF467,0.619427493261455,0.618302090811292
Endothelial,DKKL1,0.0256120915307733,0.0246861210187222
Endothelial,RGS7BP,0.101898591427531,0.101287934235845
Endothelial,ZNF799,0.138991187755602,0.138495872559885
Endothelial,OVGP1,0.0514994974874372,0.0510362939766037
Endothelial,NEK7,0.737241896172996,0.736832838778662
Endothelial,LHB,0.0125507901938063,0.0121611421260956
Endothelial,RECQL,1.05941965811966,1.05908456082159
Endothelial,ATG14,0.446791517645551,0.446506456614309
Endothelial,TULP4,0.761710150151391,0.761435944777805
Endothelial,ANKAR,0.21533216080402,0.215376253376493
Endothelial,NANOS3,0.0621514599625007,0.0623033447950402
Endothelial,SLC35G1,0.150391815948476,0.150579720634869
Endothelial,ZNF225,0.0674121184594365,0.0676556225816489
Endothelial,EFCAB14,1.55790637573242,1.55820371476015
Endothelial,HCFC2,0.381934473767912,0.382342103778615
Endothelial,NETO2,0.358145845326558,0.358581356447875
Endothelial,MKLN1,1.15324978538569,1.15372604792432
Endothelial,ADAR,1.91737101874096,1.91787593201084
Endothelial,SYMPK,0.839538005390836,0.840162099246113
Endothelial,NYAP1,0.0159555974336637,0.0165941636754451
Endothelial,ZNF705A,0.00374025213343785,0.00455125247476989
Endothelial,ITPR1,0.700537071176712,0.701397431584643
Endothelial,RNF144A,0.438240170940171,0.439112891503074
Endothelial,NANOS2,0.00110341333625016,0.00203069352820442
Endothelial,ZNF582,0.110348040135208,0.111285703838887
Endothelial,AKR1E2,0.0547409211488337,0.0556947425640551
Endothelial,BMP6,0.261863799513556,0.262834042940725
Endothelial,CEACAM16,0.00290547585316833,0.00394517024016843
Endothelial,TAF5L,0.239441063889231,0.240677741924884
Endothelial,RNF112,0.0268213346135689,0.0281578414108507
Endothelial,PTH,0.00053168476075593,0.00198185741685243
Endothelial,VPS39,0.465347179026169,0.466797588643774
Endothelial,ZNF415,0.133322949922163,0.134897576813499
Endothelial,CRYGS,0.0362478728338098,0.0378437298034558
Endothelial,UBR3,0.558392979292018,0.559993727811084
Endothelial,UPF3A,1.54738528496765,1.54900918944013
Endothelial,LZTR1,0.335475500599338,0.337102707472354
Endothelial,GBP7,0.0862709061674796,0.0880351339418917
Endothelial,NOS2,0.0471904920346118,0.0491027087506816
Endothelial,FAM187B,0.000872403047091415,0.00282201075265652
Endothelial,SELENOV,0.00444608657775549,0.00639941423881069
Endothelial,GNAT1,0.00513401831471015,0.00711489613555343
Endothelial,TMCC2,0.0471660994167988,0.0492668367031999
Endothelial,TMEM31,0.0094834878976072,0.0116146900693167
Endothelial,CRISPLD1,0.263498924731183,0.265661208048223
Endothelial,ACSM6,0.0115743250756706,0.0137958979512969
Endothelial,KCNK7,0.0250150753768845,0.0272466321557834
Endothelial,DENND6A,0.423247194704199,0.425682130363201
Endothelial,ZNF792,0.148277395577396,0.150804635954576
Endothelial,LRRC55,0.031553887055667,0.0341442094804537
Endothelial,RP1L1,0.00781842751842752,0.0104897848763799
Endothelial,LIPE,0.153600810463347,0.156336628092192
Endothelial,RNF148,0.0167299384455154,0.0195482730131982
Endothelial,ZNF30,0.109548569486309,0.112403555481319
Endothelial,ZSWIM2,0.0065463467126377,0.0094263888888889
Endothelial,CCDC96,0.0652477649955182,0.0681388463832739
Endothelial,FREM3,0.00525930757694243,0.00817084869860512
Endothelial,BFSP1,0.0685270732937752,0.0714678185004001
Endothelial,SOCS4,0.466445958454722,0.469437207246375
Endothelial,RNF133,0.00179621866747034,0.00481346126675213
Endothelial,DCUN1D3,0.367889926289926,0.370957184099441
Endothelial,SLC6A2,0.0106401935823251,0.0137249418148689
Endothelial,ANKRD33,0.00270947307002572,0.00584553035769853
Endothelial,ZNF284,0.0696470983139667,0.0727869575592956
Endothelial,G6PC2,0.00444072619080111,0.00758559065324832
Endothelial,TRIM3,0.246891310045803,0.250059409454959
Endothelial,PELI1,1.32170049140049,1.32500741848999
Endothelial,HES5,0.0341533681125884,0.0374781091253979
Endothelial,CUTC,0.559831624049606,0.563158827697239
Endothelial,SKOR1,0.00641133814166073,0.00981441974542525
Endothelial,KCNF1,0.0226149384924989,0.0260393789769847
Endothelial,CAPN10,0.219863255317877,0.223300488765887
Endothelial,GRK7,0.00649113962220505,0.00998402905750101
Endothelial,NKX6-2,0.000686788507057071,0.00429742247260682
Endothelial,DNAJC10,1.29243261542372,1.29619127417004
Endothelial,OTOGL,0.00637965074329577,0.0101413419986921
Endothelial,TAF13,0.584326145552561,0.588102422753756
Endothelial,LRRC3B,0.01614606540732,0.0199440621455465
Endothelial,ZNF532,0.68570435193868,0.689513264594955
Endothelial,PLCB3,0.3394222620346,0.343370144276283
Endothelial,RAG1,0.0539832164862682,0.0580108979703649
Endothelial,KRT27,0.00681863124718595,0.0108924854218089
Endothelial,FGF12,0.22079443753111,0.224921347673291
Endothelial,RPS6KA3,1.2406531172225,1.2448457186506
Endothelial,ANKRD52,0.297250748195911,0.301486193982369
Endothelial,SMG6,0.562999765452197,0.56723562920177
Endothelial,ARHGAP19,0.128021241149786,0.132285874123678
Endothelial,LRRC38,0.00572619475080898,0.0100445982803478
Endothelial,MOV10L1,0.048856243406579,0.0532183708315218
Endothelial,ITPKC,0.602021935483871,0.606482403211967
Endothelial,IQSEC1,0.812646590662573,0.817138466297515
Endothelial,ZBTB8A,0.442902126874075,0.447461541548276
Endothelial,OAZ3,0.149769485269438,0.154514327563242
Endothelial,KIF25,0.0207372738238842,0.02551432294952
Endothelial,CACNG8,0.115412971360966,0.120215065439542
Endothelial,PHOSPHO1,0.00901252849336456,0.0138257786467419
Endothelial,KAT2A,0.552295726495726,0.557153593341648
Endothelial,STK32B,0.11179447961196,0.116759950713228
Endothelial,PRL,0.00782118082463984,0.0128425993978199
Endothelial,C1QTNF9B,0.0152141028499971,0.0203285611139025
Endothelial,TMC1,0.0397262255616736,0.0449371497795048
Endothelial,ATP4B,0.00242281029870324,0.00768924663696263
Endothelial,MAPK7,0.259499448078379,0.264800294937789
Endothelial,RXFP4,0.00281703774407033,0.00830879416217371
Endothelial,VWCE,0.0540351351351352,0.0595876484489596
Endothelial,ZFP2,0.0323995433284964,0.0379637808686001
Endothelial,USP50,0.00330921013412817,0.00921441349662102
Endothelial,ZNF573,0.165865759656792,0.171846275260274
Endothelial,SKIDA1,0.0825603015075377,0.0885980589144807
Endothelial,CREB1,0.922930488651693,0.928985955145978
Endothelial,ENDOU,0.0253331010452962,0.0315015404311369
Endothelial,LRRC70,0.0853376068376069,0.091552962522386
Endothelial,NPTXR,0.120646913887506,0.126990835683872
Endothelial,MSMP,0.0877773672903706,0.0941391826386667
Endothelial,ZHX3,0.367373421878093,0.373769047982174
Endothelial,RNF215,0.101507881885725,0.108067446695974
Endothelial,INKA2,0.163039316239316,0.169612366933957
Endothelial,UBAP1L,0.0668234408602151,0.0736110107915066
Endothelial,C11orf91,0.0065619712351946,0.0133887505955561
Endothelial,PTPRR,0.121358709677419,0.128256544130336
Endothelial,CHST10,0.149577587586987,0.156552616055093
Endothelial,LGI2,0.0997725067385446,0.106810291951291
Endothelial,NXPE2,0.000735789553635776,0.00780718164646119
Endothelial,SPINDOC,0.164685239864262,0.1719074248982
Endothelial,MGAT5B,0.0341394099231688,0.0413930711723079
Endothelial,CSNK1G3,0.777729643285049,0.784989220183224
Endothelial,ATP13A2,0.513895885232291,0.521181730857909
Endothelial,OVCH1,0.00526715596330275,0.0125748455566904
Endothelial,AFG1L,0.122941075268817,0.130356611201346
Endothelial,MYOM3,0.0523099983844762,0.0598739820296205
Endothelial,YLPM1,0.752450107526881,0.760128207685794
Endothelial,WDR27,0.261583760683761,0.269404245388515
Endothelial,FAM78B,0.0607061994609165,0.068542186261959
Endothelial,SYN2,0.0284238662711347,0.0362603412603238
Endothelial,PRRC2B,1.31663768442444,1.32454021940354
Endothelial,SYT11,0.597418427518428,0.605323739366218
Endothelial,MINDY4,0.164403420071613,0.172373707825849
Endothelial,KCNJ12,0.0472147366401429,0.0553720028724464
Endothelial,SVIL,1.57422120309767,1.5824819462663
Endothelial,BTBD17,0.00233404721685972,0.0107112064642054
Endothelial,ZSCAN4,0.00401096547556093,0.0124747789731953
Endothelial,TRIM25,0.603226727381628,0.611866732602878
Endothelial,CREG2,0.0118367350199131,0.020629085782799
Endothelial,PEAK1,1.03210838709677,1.04092914401077
Endothelial,CIC,0.463959029649596,0.472860559923949
Endothelial,ZNF454,0.066272252024729,0.0752245051167165
Endothelial,PLAC8L1,0.011033153638814,0.0200392608143691
Endothelial,ADAMTS3,0.0755798206049679,0.0845914867656583
Endothelial,HOXD1,0.183196376440853,0.19225175975101
Endothelial,LAMB4,0.0116237371680356,0.0207078981968105
Endothelial,WAC,1.77020761067348,1.77936022724744
Endothelial,PRR29,0.0900186411149826,0.0993288163477753
Endothelial,RPRML,0.00607157635086394,0.0154939598842488
Endothelial,PZP,0.0368235952764166,0.0463435406739744
Endothelial,GPM6A,0.511706049794668,0.521242730731171
Endothelial,CRYBB3,0.00805349888068982,0.0176674612006803
Endothelial,SRL,0.0504760310734463,0.0604414358352553
Endothelial,POU6F1,0.105624665241403,0.115597319637545
Endothelial,ADAM32,0.0357147461423594,0.0456967547786622
Endothelial,CCDC17,0.0405184299014262,0.0505431063046465
Endothelial,KATNAL1,0.290281909547739,0.30041488460576
Endothelial,TDRD6,0.0348333021077284,0.0450051242342837
Endothelial,PPARG,0.387910714285714,0.398114772407669
Endothelial,LSMEM2,0.0174388206388206,0.0279113189450189
Endothelial,STX2,0.534405808257604,0.544915767810045
Endothelial,CRY1,0.607438461538461,0.61804239138567
Endothelial,MYO7B,0.0731009738159509,0.0837125610290805
Endothelial,ZFP1,0.177032479320507,0.187660988979632
Endothelial,TRPM1,0.0153017499317499,0.0259360758004766
Endothelial,ZNF462,0.567601045296167,0.578236890087453
Endothelial,GJD4,0.00327904831155096,0.0139810515829632
Endothelial,ZBED3,0.244323180592992,0.255115759610415
Endothelial,TRIML2,0.00211388563710041,0.0129379951887457
Endothelial,CFDP1,1.95705726495726,1.9680187437972
Endothelial,METTL4,0.348162783054346,0.359204647014776
Endothelial,ZDHHC22,0.00152918885501228,0.0126806033768785
Endothelial,CLCN4,0.116904488619703,0.128060387470635
Endothelial,CHIC1,0.199413381922195,0.210741947004656
Endothelial,ZNF175,0.119884911582234,0.131268460258351
Endothelial,TMEM86B,0.0810347297297297,0.0925054368228433
Endothelial,DOK4,0.394542624433022,0.40602891857958
Endothelial,MON1A,0.210738338379687,0.22229795125659
Endothelial,SLC23A3,0.0447702705454659,0.0563353888762982
Endothelial,ZNF610,0.0525015732488511,0.0645033085221373
Endothelial,GORASP1,0.406043794256271,0.4181802009997
Endothelial,KATNAL2,0.109988339502338,0.122416360382697
Endothelial,C18orf54,0.11116227062071,0.123611211770689
Endothelial,INTS9,0.198914285714286,0.211373513578449
Endothelial,ARMC5,0.25774058242829,0.270203918869974
Endothelial,SERINC1,2.19671430585437,2.20921418295345
Endothelial,LRRC36,0.0643658784559417,0.0769013994860794
Endothelial,ETFBKMT,0.162979799851716,0.175803852131985
Endothelial,SLC6A17,0.0178358123465088,0.0306908272323178
Endothelial,PIWIL1,0.031805487804751,0.0447260744753556
Endothelial,BTNL3,0.00344207862523541,0.0164681037072599
Endothelial,LDLRAD3,0.502369174140607,0.515450645227493
Endothelial,BRICD5,0.0602301671401103,0.0735308411361193
Endothelial,SLC41A3,0.699116980574579,0.712447153823514
Endothelial,DLGAP2,0.0211674358323076,0.0345741134404937
Endothelial,CRMP1,0.198067956989247,0.211485194599224
Endothelial,ERICH4,0.00955572693176549,0.0232263228983267
Endothelial,PRND,0.0596342609905507,0.0735654868197015
Endothelial,SYNE3,0.374882085100934,0.388904034978188
Endothelial,MARCHF4,0.0163436341211457,0.0303997666696042
Endothelial,ICAM5,0.038418994832479,0.0524850900321815
Endothelial,POLN,0.076623523112659,0.0907061970650066
Endothelial,CLEC4M,0.032927251979647,0.0471183341734266
Endothelial,NOS1,0.0474584405654137,0.0616782907469703
Endothelial,CERK,0.597991071428571,0.612228309745531
Endothelial,LRRC1,0.528778571428572,0.543023656821654
Endothelial,SLC23A2,0.413979487179487,0.428229491840009
Endothelial,SOGA1,0.424828817204301,0.439189080593733
Endothelial,ANO7,0.0826768844221106,0.0971357894075393
Endothelial,ANKRD17,1.14805571179691,1.16259394054323
Endothelial,ZNF790,0.20497946786223,0.219517920821868
Endothelial,CRAMP1,0.264001938956334,0.278637813696092
Endothelial,ZSCAN30,0.236041690218886,0.250712690730112
Endothelial,LRRTM2,0.0427161290322581,0.0574359184189903
Endothelial,PCMTD1,1.80306,1.81787750329178
Endothelial,SH3TC2,0.0367350940440681,0.051692280717513
Endothelial,RSU1,1.84950616777339,1.8645021189708
Endothelial,ENDOD1,0.643528047536237,0.658576577735814
Endothelial,ZNF418,0.0622663838469315,0.0774714763888636
Endothelial,ZC3H10,0.134613567044063,0.149826407390413
Endothelial,CDH8,0.0213671159029649,0.0367317905522826
Endothelial,MLXIP,1.13335664329739,1.14872595724342
Endothelial,SNCAIP,0.170666180299995,0.186075825980031
Endothelial,PRDM16,0.0855377771629737,0.101102631578157
Endothelial,TCF7L2,1.02036999656252,1.03611135269945
Endothelial,SLC9B2,0.240551886207139,0.256409741529811
Endothelial,DNAH1,0.0943060888006156,0.110228861427444
Endothelial,MFSD14A,0.791084831842534,0.807057600530441
Endothelial,C19orf18,0.0440448806644467,0.0602660934185305
Endothelial,ZNF155,0.0920244106961596,0.108382366110687
Endothelial,ZNF671,0.103641017147928,0.120097997673629
Endothelial,ZNF730,0.0162069188140274,0.0327586708081306
Endothelial,NEK9,0.560195312385114,0.576846787185277
Endothelial,PDE6D,0.611067521367521,0.628345065424615
Endothelial,SNAP25,0.117921505376344,0.135243775845495
Endothelial,FAM171A2,0.0371132075471698,0.0545403808477563
Endothelial,UNC13A,0.0573128827265631,0.0750319153167706
Endothelial,AGPAT1,0.840836431745812,0.858578773239646
Endothelial,STRIP1,0.372757014737014,0.390504543982382
Endothelial,ERC1,0.756932723602869,0.774773990121765
Endothelial,DUSP19,0.104864356810167,0.122752882900932
Endothelial,GPR17,0.00849949653387153,0.0266462058453668
Endothelial,QRICH1,0.606063611859838,0.624220018321844
Endothelial,CFAP161,0.0285228682533168,0.0468730779427721
Endothelial,NMNAT2,0.0589789398869753,0.0773850749212566
Endothelial,SEMA3A,0.184414155446433,0.202838920856635
Endothelial,CD99L2,0.50336432160804,0.52187697344815
Endothelial,TRIM5,0.507965633401392,0.526620482173792
Endothelial,BCORL1,0.142850169258539,0.161679560643004
Endothelial,EXOC2,0.438757916207518,0.457795900920256
Endothelial,SMCO3,0.00860262096008783,0.0276661428755977
Endothelial,OTC,0.0125741758569299,0.0316577856987597
Endothelial,TDGF1,0.0604098924731183,0.0797327435507445
Endothelial,GRIN2B,0.0131972836594209,0.0327681160587187
Endothelial,CDH26,0.0561407697740113,0.0762148908029679
Endothelial,JPH3,0.0129962051309347,0.033169218699757
Endothelial,FAM163A,0.00271932481933578,0.0229046845461639
Endothelial,REEP1,0.134985582242421,0.155247379243931
Endothelial,AK1,1.20951605727419,1.22997985728567
Endothelial,SLC18B1,0.430615877727105,0.451239958914505
Endothelial,ADAM23,0.102088924518823,0.122713855504062
Endothelial,PITPNB,1.2609027027027,1.28175835455558
Endothelial,ZNF41,0.0820061425061426,0.102908282692492
Endothelial,CFAP74,0.0730566258584652,0.0941785631551556
Endothelial,CFAP58,0.0136633623142799,0.0348822814500898
Endothelial,AMOTL1,0.737503571428571,0.759043659748581
Endothelial,GCKR,0.0123243243243243,0.0340632709977737
Endothelial,ASIC2,0.00533673563853654,0.0273597644846055
Endothelial,S100A3,0.35364661567107,0.37570553072688
Endothelial,COL23A1,0.115869247311828,0.13815594161276
Endothelial,ZNF85,0.18898552937143,0.211657084508935
Endothelial,CHM,0.5144,0.537217775696951
Endothelial,BMP2,0.360630997304582,0.383461080846435
Endothelial,ZNF559,0.299975802854594,0.32325382190828
Endothelial,PURG,0.00933462365591399,0.0329137317347916
Endothelial,MLLT1,0.491364543009823,0.515170769497126
Endothelial,MYCN,0.0634477335559478,0.0875527106215782
Endothelial,KCTD8,0.0118773150643671,0.0361601972333216
Endothelial,GALR1,0.00872566344993969,0.0330384028660167
Endothelial,RGL1,0.684608602150538,0.708951423485192
Endothelial,CCDC50,2.23445741239892,2.25887604590331
Endothelial,XKR4,0.0213047053145603,0.0457544010824742
Endothelial,ZMYND11,0.843605023220239,0.868234194626067
Endothelial,SGSH,0.317441448996107,0.342087504406766
Endothelial,MYO1H,0.0130079839289392,0.0378001837233213
Endothelial,CAPN15,0.280344850149948,0.305546541576001
Endothelial,WDR47,0.267950967741935,0.293166252197856
Endothelial,MAPKBP1,0.259768602150538,0.284994273727659
Endothelial,ADD2,0.0684611067004283,0.0938253881814379
Endothelial,DCLK2,0.219381860892309,0.244748348587345
Endothelial,ABHD17A,1.28554427722197,1.31101235225902
Endothelial,MPPED2,0.216333399164588,0.241930732241513
Endothelial,ATP7B,0.0930776427323465,0.118780508112557
Endothelial,LIPG,0.126433086601587,0.152407537970043
Endothelial,HECTD1,1.3972425243738,1.42374090101548
Endothelial,SLC26A4,0.052725750152343,0.0793582085588914
Endothelial,PCDH19,0.0672695417789756,0.0941630274816358
Endothelial,ELAVL2,0.0642562399963415,0.0913672961735394
Endothelial,LPCAT4,0.543909677419355,0.571020736523598
Endothelial,DCTN1,0.97978948787062,1.00690254474097
Endothelial,SOX8,0.0581951840331081,0.0853114131606118
Endothelial,ZNF345,0.196116707616708,0.223299118388205
Endothelial,NRG2,0.0471958230958231,0.0745797561160162
Endothelial,CCDC9B,0.19012371967655,0.21752574969456
Endothelial,EPHB1,0.166119095477387,0.193574268192589
Endothelial,ZNF618,0.406065123279789,0.433566671314848
Endothelial,ZNF99,0.0173940633383011,0.0450228981063797
Endothelial,SLFN11,0.596927741935484,0.624783464904417
Endothelial,SCN3B,0.143042580645161,0.17093894122905
Endothelial,ZSWIM8,0.466066513802775,0.494222296938213
Endothelial,AGBL3,0.108802365591398,0.137045316280058
Endothelial,VAT1L,0.0425949473838945,0.0709203059399561
Endothelial,RANBP10,0.264095461207752,0.2924847619719
Endothelial,CYP1A1,0.00344775566921175,0.0318584740898613
Endothelial,ZDHHC15,0.0891916690907389,0.117817761163163
Endothelial,MYO18A,0.212333962264151,0.241152719559534
Endothelial,LTB4R2,0.0458830466830467,0.075360201890409
Endothelial,NUP210L,0.0156724930814015,0.0453359752749661
Endothelial,ZNF407,0.256688277750125,0.28637034899792
Endothelial,CRTAC1,0.132852900005729,0.162897503570649
Endothelial,GRIK1,0.0120923252743983,0.0424959219684517
Endothelial,MTOR,0.38713891249492,0.417807299039127
Endothelial,LYG1,0.0311046062364242,0.0619110153707914
Endothelial,KBTBD11,0.144075115974992,0.174887472693307
Endothelial,DOLK,0.347189902549704,0.378066688831571
Endothelial,SLC10A1,0.0112831523924407,0.0423721818206601
Endothelial,RUFY2,0.521525393470997,0.553192368253275
Endothelial,RAB12,0.296789176975599,0.328483817288067
Endothelial,IRAK1BP1,0.173373612481362,0.205285231778015
Endothelial,ZNF383,0.181795131841318,0.213784003434767
Endothelial,RILPL1,0.238221935483871,0.270359219592588
Endothelial,SCARB1,0.624191117555303,0.656330604458182
Endothelial,QRFPR,0.0234152866094701,0.0556813396836591
Endothelial,PUM1,1.47792871471712,1.51039962678753
Endothelial,ZNF98,0.0201615029475956,0.0533051793258424
Endothelial,SERPINE1,1.77647442099696,1.80965001091168
Endothelial,DGAT1,0.512933372776408,0.546230502253465
Endothelial,KLHDC8A,0.0583484747344985,0.0917214619896687
Endothelial,DOK5,0.358846517272573,0.392385075480267
Endothelial,ZRANB1,0.507632233566723,0.541173359121412
Endothelial,RPIA,0.766245550002344,0.799844136596581
Endothelial,CREBBP,0.905929220401014,0.939731973049282
Endothelial,EFCAB13,0.120397824353853,0.154269280913548
Endothelial,AGAP6,0.190748648648649,0.224674690837262
Endothelial,SULT1B1,0.0788412093434366,0.113043909184272
Endothelial,HMG20A,0.517622911051213,0.552007810434028
Endothelial,AGRN,1.13530195458825,1.16976867148695
Endothelial,ANKRD45,0.0456078882974949,0.0802283430722356
Endothelial,KRAS,1.39024486886616,1.42511495998739
Endothelial,APPBP2,0.73936064516129,0.774533688614487
Endothelial,HLX,0.660297168989547,0.695685108424879
Endothelial,GRIK4,0.0109712799052332,0.0465128718434464
Endothelial,TOGARAM1,0.504268033775633,0.540071113318345
Endothelial,TTLL3,0.282173585821483,0.317986274902622
Endothelial,JADE3,0.165030496117755,0.200891729278011
Endothelial,ANO6,0.964024946236558,1.0001426350008
Endothelial,MYZAP,0.0706261306532664,0.106775080655107
Endothelial,ZNF787,0.331758683093725,0.368140197913148
Endothelial,ZNF608,0.445063247863248,0.481927357487724
Endothelial,TMX3,0.811672881197031,0.848550450645858
Endothelial,EGFL8,0.0857542713567838,0.122810941154777
Endothelial,RFX2,0.327738535398063,0.364975239951526
Endothelial,ANKRD65,0.424151715880601,0.461407713720457
Endothelial,CRPPA,0.103479996537544,0.140824832855349
Endothelial,TCF12,1.0840131537575,1.12167768700323
Endothelial,CWF19L2,0.881432884097035,0.919200449134065
Endothelial,GJC3,0.040310425058548,0.0781145343142585
Endothelial,MTMR12,0.497595737463817,0.535856594082263
Endothelial,KCNQ2,0.00951851496657948,0.0479959441388001
Endothelial,DDHD2,0.514768845847853,0.553568701525618
Endothelial,CENPB,0.558547498713377,0.598196175490835
Endothelial,FGF23,0.0050195503961095,0.0448048273327313
Endothelial,ZNF621,0.307710693350556,0.347632541249006
Endothelial,TNR,0.0254611046469093,0.065568892896364
Endothelial,KIAA2013,0.677076549865229,0.717282023855363
Endothelial,KCNIP4,0.0319155447038318,0.0723542244952422
Endothelial,SEMA3D,0.112389036880016,0.153282413327002
Endothelial,KRBOX4,0.415666331658291,0.456594863409969
Endothelial,SEC24B,0.557763636363636,0.599425020085485
Endothelial,TIMM22,0.680492900871777,0.722268630938751
Endothelial,DISC1,0.337011961681402,0.378848546450387
Endothelial,MLLT10,0.7666,0.808457570557282
Endothelial,NKX2-3,0.00607858125061302,0.0479897210978946
Endothelial,NDRG4,0.225955985617012,0.26789404276944
Endothelial,FEV,0.0042740275739104,0.046677934366812
Endothelial,CHD7,0.837333560963118,0.879877612300868
Endothelial,ITGB3,0.0829305376344087,0.125717363171495
Endothelial,PPP5C,0.754269032258065,0.797165191655799
Endothelial,SLC48A1,0.580737589733054,0.623802635760854
Endothelial,ZNF235,0.0820649572649573,0.125139655275195
Endothelial,PLGLB1,0.0594489240160207,0.10278654376455
Endothelial,EFR3B,0.158256064690027,0.201871934883733
Endothelial,DNHD1,0.109835135135135,0.153457613596177
Endothelial,SOS2,0.498296926293285,0.54212329127432
Endothelial,ZNF154,0.101226130653266,0.145352190319571
Endothelial,ZNF862,0.121912060301508,0.166064748991008
Endothelial,LY6H,0.103387698801743,0.14757179279054
Endothelial,KLKB1,0.0168950537634409,0.0611123246623895
Endothelial,DOP1A,0.220880341880342,0.265123371474738
Endothelial,EMSY,0.361554909488387,0.406246838761883
Endothelial,SNX19,0.404838709677419,0.449999356534625
Endothelial,FCHO2,0.791107008086254,0.836631381453122
Endothelial,NSUN6,0.520804978990357,0.566880469907617
Endothelial,C2CD2,0.461438221752116,0.507725840053814
Endothelial,IL13RA2,0.0723631181978792,0.11869642174933
Endothelial,ULK4,0.192007194740336,0.238341563964329
Endothelial,RP1,0.04613309923396,0.0925516500442701
Endothelial,TMEM117,0.150047978436658,0.196480147191574
Endothelial,EPM2A,0.0677178371468911,0.114204506547147
Endothelial,FAM193B,0.311034889909825,0.35757948371052
Endothelial,SLC66A2,0.61603535721517,0.662888487210028
Endothelial,SCG3,0.0147989522015257,0.0619505165365903
Endothelial,SNED1,0.393014678775927,0.44027050654544
Endothelial,MARK3,1.11125915673814,1.1590739682238
Endothelial,DDX60,0.478509590989915,0.526397576076612
Endothelial,DGKI,0.0974789220576977,0.145555187692806
Endothelial,FBXO11,0.899666184257215,0.948178095185844
Endothelial,TNRC6C,0.609567629350889,0.659161160127295
Endothelial,CCL16,0.0702774427020506,0.120508885454327
Endothelial,SOX11,0.0781261053339643,0.128871437596461
Endothelial,KCNQ3,0.0971675213675213,0.148110363519604
Endothelial,PCDH10,0.0212592472519414,0.0722060382117728
Endothelial,EIF4G2,3.83000953804641,3.88122786978383
Endothelial,CALCOCO2,1.44214907277902,1.49350777076055
Endothelial,TBC1D12,0.342501709401709,0.393875154634256
Endothelial,NKAIN2,0.0182540540540541,0.0696791871740162
Endothelial,SULT1A3,0.165754420162002,0.217322529423916
Endothelial,SLC26A6,0.212258722358722,0.264147981110043
Endothelial,WRN,0.314225753398026,0.367245682005412
Endothelial,DIMT1,0.737361758220233,0.791431045804749
Endothelial,ZDHHC17,0.545119137466307,0.599200468050731
Endothelial,HID1,0.508990449929034,0.563289172252235
Endothelial,KCNJ1,0.00375544703304533,0.0582210298634509
Endothelial,FAM193A,0.42566313209804,0.480697992318697
Endothelial,SCHIP1,0.231608894878706,0.287658741499673
Endothelial,TTL,0.414381157209342,0.471412685604343
Endothelial,SPEN,0.958578421694015,1.01609930508485
Endothelial,BCLAF1,2.13697051705971,2.19515376619421
Endothelial,TASOR,0.714722117608529,0.773101910519071
Endothelial,NRCAM,0.185475,0.244074372890916
Endothelial,REV3L,0.890790598290603,0.94974065498785
Endothelial,MIB1,0.663555913978495,0.722579319080199
Endothelial,STAG1,0.827204362909883,0.886810031911564
Endothelial,RELN,0.10995279446815,0.169616444668141
Endothelial,ROPN1L,0.0642257148371793,0.124824250887643
Endothelial,PIEZO2,0.347160714285714,0.408178792800586
Endothelial,IRAK2,0.293748842749571,0.35522334758968
Endothelial,OPCML,0.0108728588661037,0.072681375098704
Endothelial,NEK10,0.0722906633906634,0.135304711048108
Endothelial,TTLL5,0.450388948787062,0.513521601265366
Endothelial,SLC6A3,0.00608766118086278,0.0693360586187446
Endothelial,IGFBP1,0.0494061716971857,0.112679184711143
Endothelial,FOSL1,0.377031212874983,0.441012683347534
Endothelial,GPR137C,0.0703373586494629,0.134733256693434
Endothelial,DISP2,0.0366452343060713,0.101327195591311
Endothelial,TRIO,0.717114285714286,0.782116054990032
Endothelial,IGF2,0.927162014112011,0.992712979884018
Endothelial,ETS1,2.66457863247864,2.7308301847713
Endothelial,SLC25A32,0.594269041769042,0.661144525122719
Endothelial,MPV17,1.20770903001522,1.27478909504681
Endothelial,GSDMC,0.0452414958662105,0.112701390915467
Endothelial,VPS53,0.624140841782175,0.692554008369905
Endothelial,AQP7,0.0855193658950158,0.153974326220568
Endothelial,IL17RD,0.0895313978494624,0.159337416804481
Endothelial,PTP4A3,1.27797228476162,1.34804118543902
Endothelial,ANKRD40,0.713899145299145,0.784043456074031
Endothelial,KCNIP1,0.0142005868049927,0.0844567599075495
Endothelial,HAPLN3,0.963758968058968,1.03482717289102
Endothelial,LCORL,0.545024731182796,0.616304069558945
Endothelial,LRRC4,0.069143895285072,0.140788915903916
Endothelial,SCN11A,0.0266616482922832,0.0983561246170747
Endothelial,ZNF814,0.361164285714286,0.432980681433116
Endothelial,PHLPP1,0.250984263838062,0.323274358437048
Endothelial,SPTLC2,1.14086241499643,1.21321867961844
Endothelial,INO80D,0.550455090639782,0.62319692077865
Endothelial,FRMD3,0.217487883214125,0.29143009119623
Endothelial,MDFIC,0.791288409703504,0.865941833242099
Endothelial,MAML3,0.391318279569892,0.466144747929152
Endothelial,FANCC,0.147310552763819,0.222853657970064
Endothelial,KANSL1,0.947456265356265,1.02320925227627
Endothelial,ARID1A,1.15310500256694,1.2294979616341
Endothelial,SRGAP2C,0.8842,0.960829207025545
Endothelial,CASP8AP2,0.500007142857143,0.576939269793988
Endothelial,MAP3K12,0.281544723618091,0.358704548574264
Endothelial,NPR3,0.189371428571429,0.266913763874199
Endothelial,ITGA8,0.404100430107527,0.48448335759614
Endothelial,NR2C2,0.384509950376019,0.468259180978107
Endothelial,ATP8B2,0.292563384286316,0.376504136482265
Endothelial,DSCAM,0.00764915260925324,0.0918002590086975
Endothelial,SLC6A4,0.0223654419407681,0.107693466096653
Endothelial,FILIP1,0.961783745781605,1.04714652082383
Endothelial,WDR82,0.931296765498654,1.01726333980135
Endothelial,CPEB3,0.200858494623656,0.287388474359143
Endothelial,PROX1,0.309147768465316,0.396076983589559
Endothelial,PTCHD4,0.0544742490641157,0.141883227994347
Endothelial,C1QTNF5,0.0223512065320311,0.110237041279464
Endothelial,USP34,1.2552734815306,1.34335450562826
Endothelial,HOXB4,0.402009996568582,0.490479015360428
Endothelial,KIF1B,0.819360635032354,0.908032369771563
Endothelial,ADIRF,3.01829066339067,3.1070209531407
Endothelial,NHSL2,0.801199798869807,0.890308554644142
Endothelial,STAT5B,0.610678266550522,0.700338930849832
Endothelial,MPZL2,1.41091880341881,1.50448157237169
Endothelial,LRATD1,0.525540206326358,0.619613666731767
Endothelial,LEF1,0.777065901987021,0.874468184555275
Endothelial,ZCCHC14,0.388195308673377,0.485652869195475
Endothelial,NPAS3,0.0612425788216495,0.161335807217323
Endothelial,PIAS3,0.506743496146234,0.607765190686042
Endothelial,CHD6,0.994588878614195,1.09660743275328
Endothelial,DACH1,0.31200751022609,0.414715861098815
Endothelial,CDC42EP5,0.759991262047192,0.863308600372509
Endothelial,MLLT6,0.930091457286433,1.03655367575187
Endothelial,SCAPER,0.596163793936165,0.703711081903813
Endothelial,RELL1,0.421421684202829,0.530026038052345
Endothelial,WNK3,0.110476957416833,0.225451194627426
Endothelial,SYN3,0.0295568556493768,0.145040959795052
Endothelial,ZNF471,0.135876218920998,0.251709618924483
Endothelial,RASA1,0.511144301075269,0.627733843866275
Endothelial,KIDINS220,0.967318722000995,1.08505065737894
Endothelial,NALF1,0.206166666666667,0.329222178189974
Endothelial,ERBIN,1.10919626055489,1.23307340719143
Endothelial,CHRM3,0.329694678899082,0.455912634798622
Endothelial,CA2,0.972897487437187,1.09952876160157
Endothelial,ZFPM2,0.158695483870968,0.288250150422433
Endothelial,ITGB4,0.893864294097426,1.02363970491477
Endothelial,RAB11FIP3,0.210402365591398,0.344466710683021
Endothelial,CRP,0.00785464239585551,0.147873349031021
Endothelial,CLIC5,0.19740317832039,0.338820980463409
Endothelial,PCDH11X,0.0216690417690418,0.16313751381453
Endothelial,STAB1,1.39575175202156,1.54176841940228
Endothelial,ZNF302,0.845493392234943,0.995457241800585
Endothelial,EXOC6B,0.3305049671784,0.481539976707034
Endothelial,NTS,0.170578945288227,0.322361122200973
Endothelial,GPHN,0.287178894472362,0.440171457946893
Endothelial,FAM120B,0.482812313979115,0.636631201720078
Endothelial,PACS1,0.551917094017095,0.706699904649185
Endothelial,SIK3,0.377661994609165,0.541651412574376
Endothelial,FTO,0.490309594709576,0.654645462534478
Endothelial,PRKN,0.0611863152238715,0.230859392085948
Endothelial,APOA1,0.0595090538104276,0.249365828335534
Endothelial,ACSM2B,0.0102755649717514,0.200478067197245
Endothelial,ACSM2A,0.0109770480225989,0.205043883631783
Endothelial,APOC3,0.00110104285714286,0.206280715294895
Endothelial,GPR85,0.0834408385164661,0.294936426947361
Endothelial,FNDC3B,1.51776926122211,1.7474389797866
Endothelial,OPHN1,0.317921851034855,0.579235312456092
Endothelial,GIMAP5,0.368619660236727,0.711033705377493
Endothelial,LGALS4,0.0494491818453269,0.706873008409979
Fibroblast,COL1A2,7.4535475,0.816266249560224
Fibroblast,COL1A1,7.30881556326051,0.759292339156246
Fibroblast,DCN,7.0225925,0.623128074568801
Fibroblast,COL3A1,6.79496653061224,0.924445424751705
Fibroblast,LUM,6.19359163265306,0.51657778108414
Fibroblast,TAGLN,5.99009,1.14080795708647
Fibroblast,C1S,5.69598967847684,0.866766385856119
Fibroblast,TPM2,5.349935,0.896204013610973
Fibroblast,C1R,5.32729729006357,1.0023850885977
Fibroblast,BGN,6.22064510204082,1.9447377614036
Fibroblast,COL6A3,4.44722237788206,0.407370297827429
Fibroblast,PCOLCE,4.39980178273349,0.39652293592798
Fibroblast,COL6A2,5.73651161616162,1.78908868823785
Fibroblast,ACTA2,4.44511540303272,0.544046992303261
Fibroblast,COL6A1,4.72027696675934,1.04208707264499
Fibroblast,MYL9,5.3564689119171,1.90550633196549
Fibroblast,AEBP1,4.09417231444984,0.764228590534634
Fibroblast,RARRES2,4.585215,1.37245803396721
Fibroblast,PDGFRB,3.40029773843964,0.299101479186825
Fibroblast,THBS2,3.18865472636816,0.187260851190379
Fibroblast,MXRA8,3.4770006255781,0.497437417752554
Fibroblast,CTSK,3.24206721871201,0.278356518462525
Fibroblast,SFRP2,3.08265107741421,0.159090452089048
Fibroblast,SERPING1,5.09101427370129,2.16799652956573
Fibroblast,COL5A2,3.51129995638933,0.606735497857045
Fibroblast,CALD1,7.07038027274117,4.16982581516945
Fibroblast,CCDC80,3.57858808290156,0.687352671291545
Fibroblast,FN1,5.6442890209378,2.83600913807637
Fibroblast,THY1,4.16156,1.38055543769451
Fibroblast,ISLR,2.89283603556982,0.151699752640712
Fibroblast,CRISPLD2,3.0323629688747,0.307716205740818
Fibroblast,MFGE8,3.61990060433099,0.899561122177805
Fibroblast,COL5A1,2.90010151515152,0.32527334815928
Fibroblast,SELENOM,5.48873038971247,3.00549154151975
Fibroblast,SERPINF1,5.01759428571429,2.54972378588614
Fibroblast,TPM1,5.32777963076139,2.90572720448735
Fibroblast,SOD3,3.38937409326425,0.984928040470933
Fibroblast,PRRX1,2.58261479220936,0.193995825125094
Fibroblast,MFAP4,2.60451915403033,0.258861376866535
Fibroblast,FBLN1,3.08047111328309,0.751130288123036
Fibroblast,TIMP1,7.49983906814137,5.2296215732349
Fibroblast,GEM,2.74572932748538,0.535632585009904
Fibroblast,IGFBP6,2.81538084577114,0.650088831397823
Fibroblast,MMP2,3.9615080955538,1.82467217223998
Fibroblast,PLAC9,2.86166169154229,0.75432513805419
Fibroblast,EFEMP2,2.88218557213931,0.775196833793545
Fibroblast,CPE,3.08292790647199,0.979687845584886
Fibroblast,NNMT,4.90266990049751,2.8470156149114
Fibroblast,ASPN,2.21163254385965,0.166495380574168
Fibroblast,DKK3,2.5578975,0.55926479805475
Fibroblast,COL12A1,2.30372386730045,0.359469991702754
Fibroblast,CLEC11A,2.67105757340121,0.76256371975536
Fibroblast,RCN3,2.3271466986213,0.423511164317771
Fibroblast,EMILIN1,2.08925607392547,0.217921245566068
Fibroblast,OLFML3,2.43647837190742,0.610876246545074
Fibroblast,NOTCH3,2.17606389488725,0.367705093661856
Fibroblast,CTHRC1,3.45077608197122,1.64467617903664
Fibroblast,C11orf96,3.01903151781688,1.24332863011616
Fibroblast,ANTXR1,2.1217900320171,0.3798973603181
Fibroblast,SDC2,2.64444608568523,0.904427075607169
Fibroblast,COL14A1,1.86910836734694,0.137222892370712
Fibroblast,FBLN2,2.48415195530726,0.773067820485414
Fibroblast,CDH11,2.14006618002734,0.432611759233167
Fibroblast,PDGFRA,1.85149164943349,0.146760956995456
Fibroblast,COL8A1,2.06407733439744,0.362623343867564
Fibroblast,INHBA,2.24184253731344,0.573605654884153
Fibroblast,PALLD,2.73222163265306,1.06920551333593
Fibroblast,CYBRD1,2.2526307366642,0.605467298966685
Fibroblast,PHLDA1,3.04226302341004,1.42895025428161
Fibroblast,PDLIM2,2.72171035685131,1.10986005318425
Fibroblast,PMP22,3.73745642458101,2.15492716268753
Fibroblast,ARID5B,3.69138498093059,2.10967207644343
Fibroblast,MRC2,1.90158020408163,0.320309003190233
Fibroblast,NEXN,1.76322538860103,0.195074299830948
Fibroblast,LGALS1,7.80123724732001,6.25853532946122
Fibroblast,MT2A,6.10439,4.5692578569082
Fibroblast,NBL1,2.75106558441558,1.24500291968449
Fibroblast,TIMP2,3.5155833425579,2.01863585631625
Fibroblast,EFEMP1,2.23568544663767,0.743471858513057
Fibroblast,LHFPL6,3.50279223489981,2.01152617880173
Fibroblast,ECM1,1.94242918999567,0.457447438173688
Fibroblast,TNFAIP6,1.82497010805118,0.345454149704376
Fibroblast,GGT5,2.38568658008658,0.907102870555412
Fibroblast,IGFBP5,3.20820556363791,1.74270538490413
Fibroblast,NDN,1.88883690688397,0.441720861187047
Fibroblast,CCN1,3.97927085037268,2.54276698102819
Fibroblast,PDLIM3,2.118665,0.691487680023299
Fibroblast,PRELP,1.6105893877551,0.185813969537039
Fibroblast,DDR2,1.72764384174942,0.3105747302784
Fibroblast,CALU,3.6052587484789,2.19081690095938
Fibroblast,GUCY1A1,1.83830099698177,0.426977444247539
Fibroblast,FSTL1,3.88876113989637,2.47918135995348
Fibroblast,TGFB1I1,2.65617703283611,1.2543328318433
Fibroblast,SULF1,1.8714714135763,0.47027835435737
Fibroblast,ADAMTS2,1.50935440414508,0.109572493667553
Fibroblast,MMP11,1.55051312077962,0.16817636436199
Fibroblast,CFH,2.7347475,1.35663883843856
Fibroblast,FGF7,1.60092036358601,0.228258003754016
Fibroblast,GLT8D2,1.67505388601037,0.320610690914716
Fibroblast,SEPTIN11,2.62334912785311,1.28073278072092
Fibroblast,EDNRA,1.46810348161117,0.132403294199674
Fibroblast,LTBP1,2.02102420613511,0.69498950676929
Fibroblast,MYLK,2.4174430998844,1.10235967771711
Fibroblast,CD248,1.4453789763178,0.131443763565212
Fibroblast,FILIP1L,2.4555725,1.14181481420685
Fibroblast,CYGB,1.6292875,0.325164461904801
Fibroblast,HCFC1R1,2.82450965367966,1.53070074441797
Fibroblast,FAP,1.87746769191587,0.587783209470527
Fibroblast,MXRA5,1.51557346938775,0.227195188842234
Fibroblast,FRZB,1.78072686467005,0.496096333799891
Fibroblast,FMOD,1.52455442936951,0.245140789219702
Fibroblast,SMOC2,1.49586486885663,0.220163326436173
Fibroblast,MAP1B,3.1347506122449,1.86503693596889
Fibroblast,INAFM1,1.79126088640504,0.524899382646885
Fibroblast,MFAP2,1.83366943005181,0.57138316365067
Fibroblast,CCN2,3.949855,2.69489390683299
Fibroblast,RAB34,2.69042559592192,1.44104513380842
Fibroblast,DPT,1.28663616915725,0.054302920331083
Fibroblast,VCAN,3.19684133311711,1.97168921997414
Fibroblast,POSTN,2.3796975,1.16269728421051
Fibroblast,HTRA3,1.46292629038204,0.257444712434047
Fibroblast,MMP14,2.36341241950674,1.16052175711398
Fibroblast,LTBP2,1.50162487562189,0.299886829131253
Fibroblast,SLIT3,1.36719240807491,0.176926047788275
Fibroblast,LOXL1,1.46006301216295,0.288130888939886
Fibroblast,PDGFRL,1.27607228166261,0.105459456068788
Fibroblast,TUBA1A,4.5214157227731,3.3508116457635
Fibroblast,SFRP4,1.32322139303482,0.159027251548565
Fibroblast,FKBP10,2.22862981846483,1.06740333800136
Fibroblast,PTGDS,1.9670775,0.819497468326986
Fibroblast,SNAI2,1.5566638365763,0.409368958301139
Fibroblast,PLXDC1,1.37769452736319,0.243675841329166
Fibroblast,FAM114A1,2.27524974093264,1.14765272367717
Fibroblast,C12orf57,4.38296282788194,3.25785512514475
Fibroblast,APOD,1.8128371426588,0.701418307293242
Fibroblast,ILK,2.73734770571361,1.63974315266733
Fibroblast,ARF4,4.1375840814037,3.05111361246834
Fibroblast,PDPN,1.52379902992692,0.438358896288846
Fibroblast,CERCAM,1.66634555363233,0.587164731716431
Fibroblast,COL16A1,1.43031012190789,0.36355366213852
Fibroblast,FHL1,1.9538160415004,0.899553254707693
Fibroblast,LTBP4,1.83157770562771,0.78824079865794
Fibroblast,GPX8,1.64958995859968,0.608380331346549
Fibroblast,OLFML2B,1.7049808598591,0.668710837245433
Fibroblast,FBLN5,1.53478421032747,0.505623675629386
Fibroblast,TMEM45A,1.62977438269361,0.606876553149573
Fibroblast,BICC1,1.48260104941357,0.475880501949919
Fibroblast,LGALS3BP,4.37789508423807,3.3875822966538
Fibroblast,KANK2,1.63824042316722,0.661484801050303
Fibroblast,TWIST2,1.01860550678372,0.0490797495096742
Fibroblast,CYP1B1,1.60757490793716,0.641545926134675
Fibroblast,TCEAL9,3.67696591836735,2.71752917849665
Fibroblast,CSRP1,2.74181155500704,1.78247611655523
Fibroblast,GUCY1B1,1.19122509889597,0.235693220059651
Fibroblast,PPIC,3.07156950266949,2.11748574758736
Fibroblast,CLMP,1.0472693877551,0.0935248014844555
Fibroblast,MGP,6.10485025023243,5.15832037776314
Fibroblast,KCNE4,1.16329141061604,0.216895048589325
Fibroblast,SYNPO2,1.17018332060097,0.238815008157432
Fibroblast,TGFB3,1.10940215482841,0.178555455979647
Fibroblast,ID4,1.74598181097234,0.816711798633083
Fibroblast,PDLIM7,2.47255109375037,1.54832796984825
Fibroblast,KDELR3,1.492825,0.571046044435021
Fibroblast,PODN,1.01404275435629,0.0961753692956245
Fibroblast,HSPB6,0.990098222926838,0.0865303692327993
Fibroblast,FBN1,2.06715,1.16838083364049
Fibroblast,ECM2,1.07649285714286,0.181801951813704
Fibroblast,SRPX2,1.07929632881085,0.192346470044796
Fibroblast,MAGED2,3.07285850622934,2.18642647415369
Fibroblast,FLNA,3.44033285714286,2.55780210698163
Fibroblast,PRKG1,1.06252412935323,0.187697280370121
Fibroblast,NR2F1,1.32636231800509,0.451573806151954
Fibroblast,CCDC102B,1.12168015114845,0.252842961923444
Fibroblast,C1QTNF1,1.39065237424888,0.52676867022576
Fibroblast,VKORC1,3.20951169154229,2.34796254768189
Fibroblast,GFPT2,1.02981851556265,0.173973662426833
Fibroblast,CNN1,0.953315005517359,0.109057487995281
Fibroblast,VASN,1.46370730546574,0.620736683542291
Fibroblast,NUPR1,3.80412428571429,2.96714805177667
Fibroblast,BMP1,1.46471666666667,0.634840526691013
Fibroblast,CTSF,1.71513886010363,0.889391296597101
Fibroblast,LRP1,2.60351540303272,1.78879547424106
Fibroblast,CAVIN3,3.62155898251192,2.80688146156237
Fibroblast,TPM4,5.10717259504723,4.29360935006415
Fibroblast,ITGBL1,0.884912450119714,0.0713652950826334
Fibroblast,ACTN1,3.29927650647764,2.48695476285832
Fibroblast,LOX,1.18012741718649,0.368222703775439
Fibroblast,TMEM119,1.02033134328358,0.209472477293448
Fibroblast,C3,2.42659058260176,1.62298960751728
Fibroblast,EID1,5.0106698433409,4.20728931302357
Fibroblast,CPQ,1.93291811652035,1.13296861508149
Fibroblast,HSPA1A,4.95101903301211,4.15216775770109
Fibroblast,EPS8,2.09786489795918,1.29979487414158
Fibroblast,WNT2,0.824054008201101,0.0288886703133189
Fibroblast,FXYD1,1.38072827349121,0.585967507105492
Fibroblast,PPP1R14A,1.73696129289705,0.943373235985931
Fibroblast,TNS1,2.00013939393939,1.20765023152652
Fibroblast,SGCB,1.645363020496,0.85329501202427
Fibroblast,AXL,2.33263188837476,1.54375482777112
Fibroblast,PCDH18,0.868219170291067,0.0828393615058197
Fibroblast,VCL,2.08041232913898,1.30157155075762
Fibroblast,PLN,0.820292499999998,0.0450345276279626
Fibroblast,OLFML1,0.879848284118117,0.107224869238605
Fibroblast,SRPX,1.38676046777949,0.617812194631889
Fibroblast,ADGRA2,1.3772718969555,0.610853297809146
Fibroblast,P3H3,0.942705703858948,0.177977190926669
Fibroblast,FRMD6,1.20246624102155,0.438777330583894
Fibroblast,SGCE,1.52267533918595,0.760305154901879
Fibroblast,TWSG1,1.42954286028875,0.673851271317716
Fibroblast,PMEPA1,2.12007953113981,1.36851192560782
Fibroblast,THBS1,2.44106044776119,1.69036641100556
Fibroblast,ITGB5,1.43567061764255,0.685306894580466
Fibroblast,GAS1,0.909950259067358,0.162016525692813
Fibroblast,MSRB3,1.90617534806407,1.16187224399476
Fibroblast,GREM1,0.980812739481918,0.244957165121418
Fibroblast,FBLIM1,1.74063212630507,1.00479233880215
Fibroblast,LMOD1,0.819078051505947,0.0851932842459154
Fibroblast,TMEM98,2.26867102040817,1.53698372479473
Fibroblast,MRFAP1,3.72547950720116,2.99434606221944
Fibroblast,MFAP5,0.869592111779715,0.141109004434019
Fibroblast,RASL12,0.79360101322146,0.0668996847291801
Fibroblast,SPARC,6.8967775,6.17319772987098
Fibroblast,COL10A1,0.821711020408164,0.099183344450709
Fibroblast,TBX2,0.927094463982169,0.210578534517892
Fibroblast,SSPN,1.41314805788982,0.698089779828545
Fibroblast,RTL8C,2.29044269691459,1.5754806475085
Fibroblast,ADAMTS12,0.787902913793558,0.0759922047763787
Fibroblast,DIO2,0.794559162961694,0.0870162347210938
Fibroblast,LOXL2,1.62512842558282,0.920988122298084
Fibroblast,TPST1,1.32707674386739,0.627072092468824
Fibroblast,MSC,0.869563212435233,0.170524804900442
Fibroblast,FNDC1,0.738390000000001,0.0400054462150076
Fibroblast,RWDD1,3.02153575129534,2.32591345358913
Fibroblast,CD276,1.40428601036269,0.710263908639566
Fibroblast,IRAG1,0.802812189483907,0.112844951387834
Fibroblast,OMD,0.762369658412668,0.0763293753449623
Fibroblast,SH3PXD2A,1.34530020223821,0.661715269753643
Fibroblast,MARVELD1,1.01735693877551,0.337183630846023
Fibroblast,TWIST1,0.841830160175909,0.162776616131268
Fibroblast,MYH11,0.895886113328013,0.218410578758873
Fibroblast,NENF,3.10276980844153,2.42535575607848
Fibroblast,SGIP1,1.03540207253886,0.358458073580788
Fibroblast,COL5A3,0.776030922098569,0.10078196542611
Fibroblast,CXCL12,1.90558313074991,1.23340133006946
Fibroblast,ABCA8,0.772854810201359,0.101878663128474
Fibroblast,PARVA,1.6177,0.948082330268224
Fibroblast,FKBP7,1.25842454057564,0.589484471939116
Fibroblast,P4HA2,1.55001517412936,0.88155307633373
Fibroblast,FIBIN,0.828516530612246,0.160380542242363
Fibroblast,KDELR2,3.8491613354776,3.1825091964663
Fibroblast,HSPB2,0.801502353149057,0.136932621562684
Fibroblast,SEMA5A,1.03692793296089,0.374891698395978
Fibroblast,NID2,1.0985758122882,0.438894641721079
Fibroblast,CRTAP,2.3774000995427,1.71772627626037
Fibroblast,MGST3,4.31189119170984,3.65295165840855
Fibroblast,SELENOF,3.43378729151595,2.77637845937401
Fibroblast,SERPINH1,3.98741857597191,3.33192503988481
Fibroblast,AKAP12,1.99671116698722,1.34568679794724
Fibroblast,TPBG,1.56145578481755,0.911133817880925
Fibroblast,MRGPRF,0.807615275481623,0.159686639713853
Fibroblast,COPZ2,0.937922279792748,0.29582133104661
Fibroblast,NFATC4,0.878710702390033,0.23683813744684
Fibroblast,FSTL3,1.12061178806564,0.480046589908062
Fibroblast,GSTM3,1.81338692759939,1.17407132212732
Fibroblast,RGS16,1.8330856435014,1.19536681094732
Fibroblast,RCN1,2.74184480519481,2.11142578366042
Fibroblast,ABCA6,0.753099387755103,0.123192408613908
Fibroblast,VSTM4,0.840763348259385,0.215277524087362
Fibroblast,S1PR3,0.808607262569833,0.185014154843269
Fibroblast,BEX3,3.8480444289269,3.22685714137909
Fibroblast,SLC39A13,1.24329577114428,0.62547836371357
Fibroblast,OSTC,3.91289437513337,3.29859532341811
Fibroblast,ABI3BP,0.963894853921686,0.350827136303774
Fibroblast,STEAP1,1.24629942439987,0.635093017815415
Fibroblast,LAMA2,0.798273160173161,0.190865789479388
Fibroblast,DSTN,5.7487212244898,5.1419731662627
Fibroblast,P3H1,1.40215350012492,0.799462884634896
Fibroblast,PRR16,0.690101128259416,0.0914899565805216
Fibroblast,SGCA,0.638233090011929,0.0406070055620654
Fibroblast,MAGEH1,1.44005107965902,0.842530745950442
Fibroblast,ZFP36L1,4.82837189233073,4.23556610689739
Fibroblast,ESD,2.90433380612851,2.31153785545073
Fibroblast,KCNJ8,0.710837708221489,0.124456410479803
Fibroblast,PLEKHH2,0.909422968001747,0.323556135430365
Fibroblast,TCF21,0.769490397286817,0.187810926116543
Fibroblast,SSC5D,0.643019913419913,0.0621353461930937
Fibroblast,PDLIM4,1.71737370948026,1.13850452293349
Fibroblast,ARHGEF17,0.89527869114126,0.317854543564293
Fibroblast,CCL2,2.12453702037072,1.55052697098107
Fibroblast,ANGPTL2,1.60568632770763,1.03337634028997
Fibroblast,CHN1,1.21082719357348,0.640572787881627
Fibroblast,SURF4,2.42272162808366,1.85576649131343
Fibroblast,SPHK1,1.50344549178512,0.938165119609377
Fibroblast,SERPINE2,1.72069378238342,1.1578271029907
Fibroblast,EGFL6,0.656510048309179,0.0938163243821944
Fibroblast,PLOD2,1.52372449450847,0.961556501174955
Fibroblast,OGN,0.677154975124378,0.115707049349152
Fibroblast,PODNL1,0.639496326530612,0.0869554804646169
Fibroblast,EPB41L2,1.73470921823275,1.18526971992031
Fibroblast,CCN4,0.581485505969347,0.0328888913183902
Fibroblast,OAT,2.23448855736967,1.68790414116865
Fibroblast,RAB23,0.73988725078397,0.195651411122842
Fibroblast,CRYAB,2.32782964087045,1.78446293595416
Fibroblast,VGLL3,0.619391281149976,0.0769322679289102
Fibroblast,PTK7,1.18116591836735,0.644492574922516
Fibroblast,SEC31A,2.32875303030303,1.79389879184002
Fibroblast,ITGA11,0.582870903343318,0.0497147909862493
Fibroblast,EGR1,4.56540972794305,4.03487446256965
Fibroblast,PRRX2,0.643973265306122,0.113911498238728
Fibroblast,DEGS1,2.10336883762265,1.57412849010043
Fibroblast,HIC1,0.894493339009594,0.367143105723357
Fibroblast,NFIC,2.58283208955224,2.05813397383468
Fibroblast,LRRC17,0.625624675324675,0.105140109075121
Fibroblast,VCAM1,1.57573166833534,1.05579861715467
Fibroblast,PDE5A,0.723414794975487,0.206716911431436
Fibroblast,CNN3,4.33085893264947,3.81683061204101
Fibroblast,PDE1A,0.669917045317621,0.161032687927575
Fibroblast,TCEAL4,2.97173614718614,2.46340648262928
Fibroblast,SLIT2,0.716142499999999,0.208872570804173
Fibroblast,GPC6,0.818212956127693,0.312160308613072
Fibroblast,SVEP1,0.5445675,0.0468774501430665
Fibroblast,ST6GALNAC6,1.14049456597768,0.64549593108863
Fibroblast,SPON1,1.03645025906736,0.543277377826931
Fibroblast,PTEN,1.98481141260974,1.49250234297893
Fibroblast,CD99,5.10117872851111,4.60930621351937
Fibroblast,SPATS2L,2.70497309105991,2.21612187436956
Fibroblast,COL18A1,3.06397836384554,2.57667014360631
Fibroblast,FHL2,1.93936913660694,1.45278485571696
Fibroblast,F10,0.640958955223881,0.160638131881428
Fibroblast,ARL3,1.91603399114029,1.43578896812916
Fibroblast,AOPEP,1.90323803305483,1.42527724288035
Fibroblast,ARHGAP1,1.46244668703845,0.984787121634136
Fibroblast,CPXM1,0.935344054552666,0.45828085137053
Fibroblast,PDZRN3,0.672556530612245,0.19552431920676
Fibroblast,MICAL2,0.800945329061963,0.325652165856591
Fibroblast,ELN,1.20870582601756,0.734727336689018
Fibroblast,COL11A1,0.605406926406926,0.132008136218215
Fibroblast,ANGPTL4,1.12563187416186,0.65396060275808
Fibroblast,BSG,4.20153207607669,3.73171935374835
Fibroblast,HEYL,0.557879169992019,0.0923996094297559
Fibroblast,NDUFA4L2,1.54041450777202,1.0756613561716
Fibroblast,PLEKHA4,0.936397438341461,0.474392874753864
Fibroblast,CZIB,1.63905336787565,1.18061970442271
Fibroblast,ARHGEF25,0.584250758180367,0.126669189425492
Fibroblast,SCARB2,2.24679220779221,1.78921582521875
Fibroblast,LPP,2.67993264868001,2.22668954047038
Fibroblast,FAM20C,1.06172885572139,0.608624045071823
Fibroblast,FZD1,0.739545024875623,0.287160871584159
Fibroblast,TMEM14C,3.25216363636364,2.80119314217679
Fibroblast,FBXO32,1.45806098836108,1.00834462464721
Fibroblast,TCEAL8,2.35665059687261,1.9075131183492
Fibroblast,REXO2,2.78874374318615,2.33966462315336
Fibroblast,ACTG2,0.556953257798422,0.107980191807789
Fibroblast,PHLDB1,1.46365432900433,1.01517000645655
Fibroblast,TCEAL7,0.724036807846128,0.276668850697478
Fibroblast,GLT8D1,1.35838134328358,0.912855996209467
Fibroblast,PPIB,5.4510867965368,5.0061488603952
Fibroblast,PHLDA3,1.3788943497397,0.934331687679991
Fibroblast,C5orf15,1.87667139362665,1.43321559312309
Fibroblast,SDF4,2.53647306122449,2.09654987939014
Fibroblast,DAAM2,0.589885,0.151022597459739
Fibroblast,MTCH1,2.96326813175828,2.52507817216574
Fibroblast,BAG2,0.861258785247806,0.423833248869472
Fibroblast,C1QTNF6,0.783842424242424,0.347707760606792
Fibroblast,CCN5,0.466893535514765,0.0331472282651578
Fibroblast,ADCY3,0.792715714285714,0.360666067178883
Fibroblast,GOLIM4,1.95970037862608,1.52794948838739
Fibroblast,ETV1,0.799504070231445,0.369232155253594
Fibroblast,MAP3K7CL,0.65345164961031,0.224886004342223
Fibroblast,PPP1R12B,1.0704975,0.642526525895172
Fibroblast,GSTM5,0.490148775510205,0.0622575896694119
Fibroblast,PLPP4,0.530247369100967,0.104110821354151
Fibroblast,ADH1B,0.582110330873977,0.157679803709558
Fibroblast,ZNF703,1.05838832357185,0.638372425366518
Fibroblast,PAPPA,0.580535,0.161540740604862
Fibroblast,ITGB1BP1,2.12127098445596,1.70429480000471
Fibroblast,SUGCT,0.573455958549223,0.156887586884758
Fibroblast,CTSO,1.18081741293532,0.764404024245521
Fibroblast,SGCD,0.603461402245324,0.189128751273764
Fibroblast,ZNF503,1.22911782262049,0.816393992824758
Fibroblast,RPS27L,4.5586859610984,4.14674253623828
Fibroblast,SYDE1,0.704829104698491,0.292898500941351
Fibroblast,MORF4L2,3.57288213557964,3.1618102523066
Fibroblast,ZCCHC24,0.926373376623376,0.516127412284334
Fibroblast,HAS2,0.575667996807662,0.165528298213633
Fibroblast,TPPP3,1.332118544,0.922277610733677
Fibroblast,SBDS,2.88721917179392,2.47812003569284
Fibroblast,PIP4P2,0.9117775,0.503471539745692
Fibroblast,EMC7,2.31961497665733,1.91134228103819
Fibroblast,TUBB,4.48217185449385,4.07403367748507
Fibroblast,GUCY1A2,0.583152124507589,0.175871497266337
Fibroblast,EPHA3,0.50577765540361,0.100646172840615
Fibroblast,TMEM43,1.53210486831604,1.12727319176706
Fibroblast,TSKU,0.879768393782383,0.478149782662011
Fibroblast,LDHA,5.15836910533911,4.7615951112676
Fibroblast,TMEM47,1.35786940298507,0.961430690411921
Fibroblast,CHRD,0.4664,0.0701898782510558
Fibroblast,RERG,0.833845699420997,0.441605541800798
Fibroblast,FGFR1,1.71383991126357,1.32187535315763
Fibroblast,RRAS,1.49635298414191,1.10468938645863
Fibroblast,PKIG,2.62029719839813,2.22926939458708
Fibroblast,P3H4,1.12259950248757,0.73233063430553
Fibroblast,ANGPTL1,0.494717597858816,0.104878796586183
Fibroblast,MEDAG,0.707838045450033,0.318290178517457
Fibroblast,COMP,0.442092730249927,0.0552690744796594
Fibroblast,FEZ1,0.919067991801916,0.532622206381431
Fibroblast,LIMA1,2.41391796536797,2.02834901437267
Fibroblast,DUSP14,1.21543528383695,0.831912499166869
Fibroblast,LPAR1,0.602812218030294,0.219350726854607
Fibroblast,C7,1.15667979274611,0.773580555569138
Fibroblast,RBP1,1.99275909090909,1.61084389021725
Fibroblast,RUNX1,1.78639263113605,1.40572602515791
Fibroblast,RGS4,0.518234338588857,0.139710179995397
Fibroblast,EGFLAM,0.478546434019832,0.102752041312149
Fibroblast,ITGA7,0.582481931293516,0.207281785792117
Fibroblast,ZMAT3,1.04400885280906,0.668881268973037
Fibroblast,PIGT,2.18988962918186,1.81574528248885
Fibroblast,HSD11B1,0.562973593073593,0.191105923949608
Fibroblast,COLEC12,0.759986599002505,0.390031935846771
Fibroblast,ANGPT1,0.577013778256951,0.207143785353465
Fibroblast,EHD2,2.0066374801146,1.63828550336474
Fibroblast,SMARCD3,0.713058549222798,0.347354997454095
Fibroblast,CEBPD,3.3405669347607,2.97558832060546
Fibroblast,GPR176,0.488276683937824,0.12348820071375
Fibroblast,TMEM158,0.526033333333333,0.163570301623897
Fibroblast,GOLT1B,1.33467298606962,0.973545924778993
Fibroblast,RRAGA,1.87328910623449,1.51223279948997
Fibroblast,SEC23A,1.529603626943,1.16951174978303
Fibroblast,EBF1,1.54428522987555,1.18516964681471
Fibroblast,GSN,4.85698401505253,4.49827095711358
Fibroblast,HSPA1B,3.26828302893788,2.91027095045719
Fibroblast,FAM162B,0.530662888785964,0.173820655577237
Fibroblast,BNC2,0.752584328358209,0.395755093461143
Fibroblast,MAP1A,1.20329433359936,0.846534482110039
Fibroblast,WFDC1,0.514591408644676,0.158886104647652
Fibroblast,NRBP1,1.77508805900277,1.42106072342467
Fibroblast,CCL11,0.374486121756366,0.0206323262738102
Fibroblast,HEPH,0.576010368159941,0.222417488913877
Fibroblast,ARMCX1,0.852672425265904,0.499242337593414
Fibroblast,FKBP8,2.76184116517876,2.41146224452112
Fibroblast,CSPG4,0.588858579409418,0.238873745337648
Fibroblast,MCRIP1,1.97301060633648,1.62417226591414
Fibroblast,RNF24,1.10486219081572,0.75648910673929
Fibroblast,UGDH,1.64390777202072,1.2957846831995
Fibroblast,SPSB1,0.981194155844156,0.633226080447477
Fibroblast,OSR2,0.624345171542958,0.277206553082522
Fibroblast,PRAF2,1.36280041312748,1.01691255186469
Fibroblast,FOXS1,0.505112936042511,0.159994840931482
Fibroblast,ARHGAP10,0.953005815718305,0.608017225838675
Fibroblast,RAB1A,3.12950984455959,2.78519944054315
Fibroblast,THBS3,0.674075431286053,0.329823964628232
Fibroblast,MT1M,1.21042484869149,0.869742545722175
Fibroblast,GPX7,1.07731883116883,0.737607519079137
Fibroblast,EIF4A1,3.87265147025172,3.53597010418346
Fibroblast,GINM1,1.9688860103627,1.63245786000183
Fibroblast,MORF4L1,4.64410654188948,4.31224211958022
Fibroblast,LRRC15,0.362735233160622,0.0308800165220262
Fibroblast,EVA1B,1.50930925206091,1.17988249615056
Fibroblast,TBX3,0.87034162770081,0.541405521001193
Fibroblast,PTGIR,0.971893469387755,0.645349240119633
Fibroblast,ARMCX2,0.793290266556037,0.46682264635598
Fibroblast,DACT1,0.368109950248756,0.0422855489633616
Fibroblast,KIRREL1,0.531792464519651,0.207080552019561
Fibroblast,SLC39A1,2.08023981743845,1.75625420714165
Fibroblast,DENND2B,1.12542283709728,0.802454000602274
Fibroblast,NAP1L1,4.90779480519481,4.58565981289728
Fibroblast,SMARCA1,1.01951347150259,0.698198467663199
Fibroblast,PAMR1,0.486919862227189,0.166412439441601
Fibroblast,MAP1LC3A,1.99209313760117,1.672795065625
Fibroblast,CHURC1,2.2857670995671,1.96680759259276
Fibroblast,ENAH,1.77733752492224,1.45897868384349
Fibroblast,C1QTNF2,0.429912770562771,0.111741087532919
Fibroblast,MPZL1,1.67828263626144,1.36165228183333
Fibroblast,HIGD1B,0.549165345504518,0.232576923337691
Fibroblast,GULP1,0.933765419147141,0.618082163496809
Fibroblast,HGF,0.637515802972009,0.32201194817835
Fibroblast,MYH10,1.00012521947327,0.685258276619821
Fibroblast,STEAP2,1.00373463687151,0.688880588885036
Fibroblast,DYNLT3,1.53077102952913,1.21822241958122
Fibroblast,RNF152,0.624589944134078,0.313981737249618
Fibroblast,IFI27L2,2.51823511331805,2.20958655092504
Fibroblast,SORBS3,1.42356134538664,1.11534554890178
Fibroblast,IAH1,1.94089868466288,1.6344914974867
Fibroblast,ROR2,0.496573648363034,0.191570821389685
Fibroblast,CCDC71L,0.684206752064427,0.380311794590094
Fibroblast,RAB3IL1,0.437551657118964,0.134833238424796
Fibroblast,ITGB1,5.03578474906368,4.73317678954377
Fibroblast,ENC1,0.848889883366001,0.54699441732055
Fibroblast,ENPEP,0.637820031796502,0.336400256300473
Fibroblast,CIBAR1,0.977762935323383,0.677106698388818
Fibroblast,GNG12,1.47462792207792,1.17426687438417
Fibroblast,RND3,2.17436367346939,1.87415870294743
Fibroblast,HMCN1,0.677463184079602,0.37835220978714
Fibroblast,PTGIS,0.566304145077719,0.267723603183288
Fibroblast,LMF2,1.2291867044632,0.931103472613967
Fibroblast,DTWD1,0.987307772020726,0.689427310708027
Fibroblast,MYL6,7.34836666666666,7.05132131852105
Fibroblast,YIF1A,2.41367507002194,2.11750502993648
Fibroblast,PLAGL1,0.915127786266022,0.621065325836308
Fibroblast,CILP,0.325633678756477,0.0321717331898492
Fibroblast,ACVR1,0.744582317531347,0.451652541637108
Fibroblast,PDIA3,4.22618871599384,3.93338696156493
Fibroblast,HNRNPA0,3.37547411223546,3.08329728073004
Fibroblast,GXYLT2,0.382976326530612,0.091064874875462
Fibroblast,CSRP2,1.64762617204764,1.35593136349504
Fibroblast,HAS1,0.36900899382501,0.0776539285841291
Fibroblast,SAR1A,2.30212556892965,2.01350311015669
Fibroblast,MOCS1,0.428100749062033,0.140193938014706
Fibroblast,MMP23B,0.603739610389611,0.316577787717168
Fibroblast,PTGFRN,0.795388229606029,0.50867883879921
Fibroblast,TDO2,0.459926134016834,0.175028004033059
Fibroblast,DYNLL1,5.2866517601047,5.00276772280163
Fibroblast,ARL1,2.05607305699482,1.77308974200337
Fibroblast,PDE3A,0.62784794352007,0.345296552809035
Fibroblast,TP53I13,1.27104913419913,0.988668131257101
Fibroblast,BACE1,0.636824352331607,0.354578867445387
Fibroblast,CRTC3,0.936441266209001,0.654301730118201
Fibroblast,NDUFAF3,2.6253457164845,2.34376369380222
Fibroblast,CMTM3,1.77603457711443,1.49483639774799
Fibroblast,CDKN1C,1.07469036958862,0.794051688711356
Fibroblast,ANO1,0.601065897979177,0.320450371825717
Fibroblast,COX4I2,0.441850777202073,0.164338269847493
Fibroblast,NR2F2,2.10200758450794,1.82686040310319
Fibroblast,PHETA2,0.454928272026135,0.180468713151151
Fibroblast,NFASC,0.527969044256351,0.253794408742385
Fibroblast,SKP1,5.14369915857071,4.86984607127341
Fibroblast,MT1A,0.571121581211104,0.29745124404405
Fibroblast,ARHGAP42,0.5272975,0.253701985016515
Fibroblast,EBF2,0.329709523809524,0.0566664552012896
Fibroblast,TNC,0.949805387477605,0.677713878913226
Fibroblast,DAD1,4.17753881127746,3.90607016147973
Fibroblast,LAMC3,0.3192297229067,0.0490085442815867
Fibroblast,TMEM263,1.29078722943723,1.0212191278938
Fibroblast,RNF146,0.981375831080225,0.711972149525335
Fibroblast,DSEL,0.693600370363309,0.426022680645246
Fibroblast,SPTSSA,2.06653186879505,1.79950940310142
Fibroblast,ANKRD10,2.1428002424049,1.87790535457766
Fibroblast,GJC1,0.660101110074095,0.395395558603153
Fibroblast,TMEM165,2.5043525,2.24010160576946
Fibroblast,CALM2,6.14578393782383,5.88163734133049
Fibroblast,S1PR2,0.633944453312051,0.371010975333278
Fibroblast,PLIN3,1.8191079807516,1.55634328560172
Fibroblast,PGF,1.19200114921465,0.930630330306232
Fibroblast,EDIL3,0.910842857142857,0.650271446367516
Fibroblast,RUNX1T1,1.02356818740788,0.763833230750902
Fibroblast,CAMK2N1,1.53401841843521,1.27429744642419
Fibroblast,HSPA5,4.24015373134329,3.98114297566151
Fibroblast,CACNA1H,0.331865085327164,0.0730525967308991
Fibroblast,LARP6,0.896916388647798,0.638633956397703
Fibroblast,B3GNT9,0.395623880597015,0.138162787291596
Fibroblast,CNTN4,0.359330629961133,0.102135106791235
Fibroblast,SMPD1,0.836378979591836,0.579191064416393
Fibroblast,HEY2,0.421120590582602,0.164369623773024
Fibroblast,IL1R1,1.40380112463239,1.14707700696621
Fibroblast,CREB3L1,1.03819567767774,0.782239583411153
Fibroblast,LZTS1,0.400247731909453,0.145240798177813
Fibroblast,COPS8,1.85268702040124,1.59783557010005
Fibroblast,NGF,0.290262851157945,0.0359858401429097
Fibroblast,FZD7,0.496683084577114,0.242957694930365
Fibroblast,WNT5A,0.493803246753246,0.240378812460145
Fibroblast,SLC22A17,0.669624870466321,0.416658768236703
Fibroblast,POGLUT3,0.78022901554404,0.527632367557155
Fibroblast,ZFHX3,1.5168625,1.26448738393661
Fibroblast,C19orf53,3.70390781250388,3.45325645144814
Fibroblast,FKBP14,0.735395709736745,0.485422654691245
Fibroblast,WBP1L,0.999854477611941,0.750364128812659
Fibroblast,CNPY4,0.726452489217919,0.477325970275584
Fibroblast,EEA1,1.32775322230941,1.07872887106679
Fibroblast,SSR2,4.29930216450216,4.05084040669422
Fibroblast,CCDC107,1.82471268799811,1.57643938018795
Fibroblast,SCARF2,0.387495714285714,0.139827284199838
Fibroblast,ADAM33,0.291384996009577,0.0438280368005654
Fibroblast,LRPAP1,2.80674609625669,2.55939971247363
Fibroblast,RCAN2,0.7903825,0.544379708498196
Fibroblast,PELO,1.11223308457712,0.866712870972782
Fibroblast,DTX3,0.783889624900239,0.539488420101155
Fibroblast,PPIL4,1.22638175013494,0.982173003301281
Fibroblast,FUNDC2,2.11773179201642,1.87357172640149
Fibroblast,CFL2,1.05915963680752,0.818009773412756
Fibroblast,FADS3,0.861123877551018,0.620635414772297
Fibroblast,CPED1,0.657424719496362,0.417390851079023
Fibroblast,DCTN3,2.28853,2.04883416856827
Fibroblast,NDUFA11,3.81783446897933,3.5784212959049
Fibroblast,ZNF580,1.2333521983945,0.994344329366595
Fibroblast,DCTN6,1.51516165590237,1.27679869147423
Fibroblast,CDH6,0.587150997605746,0.349015723931717
Fibroblast,CYP7B1,0.464267167286834,0.228970690027411
Fibroblast,SCARA5,0.31648419792498,0.081653079620037
Fibroblast,MAP7D3,0.858051100214861,0.623879194547561
Fibroblast,CTDSP2,1.51163518620518,1.27752439808744
Fibroblast,LBH,2.32641344866605,2.09291113868217
Fibroblast,ABCA9,0.3374125,0.10430582750289
Fibroblast,KIF26B,0.464052229208479,0.231979116364127
Fibroblast,PANX1,0.516885250720498,0.284894756163489
Fibroblast,ACO1,0.765685,0.534571483190986
Fibroblast,CDIPT,1.5094803607561,1.27911880248807
Fibroblast,BOC,0.62321588188348,0.392992400337436
Fibroblast,HSPB7,0.2459375,0.0161787314100939
Fibroblast,AP3S1,2.68385206413838,2.45424110320899
Fibroblast,MPG,2.12871904361174,1.90001175591117
Fibroblast,FMO3,0.397122448979592,0.169251453870752
Fibroblast,MOXD1,0.515845299431247,0.288232431181157
Fibroblast,ERH,3.59122488253421,3.36532206246509
Fibroblast,EIF1B,2.52481761071621,2.29928631442727
Fibroblast,PLTP,1.98582089552238,1.76064172975447
Fibroblast,GPX3,2.01060281385281,1.78597161009885
Fibroblast,CXCL14,1.41332951353664,1.18923596780499
Fibroblast,RNASEH2C,2.17075587474072,1.94680263348953
Fibroblast,TMEM200A,0.358391191709844,0.134985155402385
Fibroblast,ZNF469,0.29084776119403,0.0674539533311796
Fibroblast,SLC39A7,1.62929805194805,1.40637686439554
Fibroblast,DMPK,0.50552632798574,0.282715737867972
Fibroblast,GADD45A,1.99417853152434,1.77164962516431
Fibroblast,SH3PXD2B,0.601215346616163,0.379087716346024
Fibroblast,PPP1R12A,2.249405,2.02727793294288
Fibroblast,LGI4,0.339101326879453,0.117788869922864
Fibroblast,PAM,1.81785585237662,1.596632114068
Fibroblast,HBP1,1.4485171384163,1.22763984253486
Fibroblast,PDGFC,0.635208626744837,0.415597117742561
Fibroblast,JOSD2,1.5775025,1.35831661733491
Fibroblast,SNX21,0.550198701298702,0.332852541488602
Fibroblast,FERMT2,1.92321606217617,1.70775515189001
Fibroblast,PAPLN,0.393247007182761,0.179329708580356
Fibroblast,REM1,0.261771641791044,0.0483494417621735
Fibroblast,SNAPC2,0.784295203407068,0.571675826369138
Fibroblast,RASL11A,0.366812330041766,0.154347085834475
Fibroblast,PLA2G5,0.294541389371164,0.0823601610545219
Fibroblast,TAX1BP3,2.33721805809814,2.12641319011806
Fibroblast,LRRN4CL,0.405708938219469,0.195731188624057
Fibroblast,SMIM10,0.649044041450777,0.439958336710714
Fibroblast,GLI3,0.442703157693508,0.234565419426031
Fibroblast,DACT3,0.382144140999863,0.174146194537369
Fibroblast,CRABP2,1.18204974093264,0.974233456003773
Fibroblast,ENPP1,0.443524055811533,0.235860342192837
Fibroblast,PHPT1,3.63672408610446,3.42912609146504
Fibroblast,ADRA2A,0.3457329004329,0.139508286326809
Fibroblast,PLPPR2,0.608726078438377,0.403099705544347
Fibroblast,TSPAN4,2.58280486637769,2.37744344543595
Fibroblast,NUCKS1,3.88409749130548,3.67885694659965
Fibroblast,ADH5,2.17228636363637,1.96730647602058
Fibroblast,SLC12A4,0.671904093868611,0.467663893373338
Fibroblast,AOC3,0.713207500000001,0.510857132296136
Fibroblast,SUMO2,5.24583559006217,5.04374286606873
Fibroblast,PLAU,1.40209714379604,1.20019750609982
Fibroblast,B4GALT1,1.8624233175029,1.66171898605403
Fibroblast,GLIS2,0.425147402597403,0.224577930826321
Fibroblast,ARSI,0.252416593478417,0.053648509990363
Fibroblast,C1orf122,1.754365,1.55593241488875
Fibroblast,TMEM115,0.979933633643866,0.781871784419461
Fibroblast,CHPF,1.7635792746114,1.56558491812317
Fibroblast,TEAD3,0.59238272884149,0.394850546756536
Fibroblast,EXTL2,0.688968268598423,0.491513587771399
Fibroblast,TCEAL1,1.04499475568686,0.847957892115292
Fibroblast,PGAM1,3.20073177784365,3.00452648049575
Fibroblast,PAPSS2,0.813964502164502,0.618042226752477
Fibroblast,FBXO17,0.67766901453337,0.483998616214933
Fibroblast,CST1,0.415114236353186,0.221533948835631
Fibroblast,PKDCC,0.361256344772546,0.168179484822718
Fibroblast,OR51E1,0.227537461761448,0.035192015601661
Fibroblast,PRICKLE2,0.568913471502591,0.376914834018754
Fibroblast,DZIP1,0.432457512953368,0.240495402586487
Fibroblast,EPDR1,0.579796276449946,0.38784010506363
Fibroblast,SMTN,1.32885636772513,1.13744665373614
Fibroblast,HSPB8,0.853307342378293,0.662331762341623
Fibroblast,LAMB2,2.03182298483639,1.8409580895156
Fibroblast,ACAN,0.214492086860997,0.023859132791668
Fibroblast,COX7A1,2.54988597533145,2.35987028088503
Fibroblast,IRS1,0.555699253731343,0.366089292546552
Fibroblast,TCEAL3,1.26118484848485,1.0718694706545
Fibroblast,HES4,1.5294375,1.34094820478209
Fibroblast,MEIS3,0.373530957628953,0.185251465077965
Fibroblast,SLC39A14,0.917819170984455,0.731372209478102
Fibroblast,TRPC6,0.251301356743815,0.0648594830492777
Fibroblast,SLC7A2,0.5125175,0.326536312388116
Fibroblast,SHISA4,0.619434848484849,0.434175796184567
Fibroblast,C1QTNF7,0.205804002992578,0.0209915022847272
Fibroblast,PLAT,1.76197188091299,1.57767190370887
Fibroblast,FOXF2,0.232846070349201,0.0488185195676942
Fibroblast,TUSC1,0.683254835645798,0.500095461208794
Fibroblast,PCSK5,0.651419647573012,0.468408219102292
Fibroblast,PLS3,2.25641415160004,2.07360684438889
Fibroblast,ISCU,3.2399538127964,3.05764493123852
Fibroblast,OAZ2,2.33410414507772,2.15236301138625
Fibroblast,FAM229B,0.886419183673471,0.705052858121089
Fibroblast,PARK7,4.43825127780562,4.25732058486979
Fibroblast,C1RL,0.728997574119275,0.548241338229278
Fibroblast,PDGFA,0.798554700568752,0.617811227941239
Fibroblast,ACTR10,1.69416017316017,1.51352658481102
Fibroblast,ADAMTSL3,0.25341089245556,0.0736179812083334
Fibroblast,P4HA3,0.41262635487278,0.233234799304807
Fibroblast,SETBP1,0.698439803084361,0.519588897184113
Fibroblast,MYC,1.80477118421053,1.62600417958002
Fibroblast,IER5L,0.691419231124854,0.513586646706453
Fibroblast,DNM1,0.428112075157411,0.250405435490259
Fibroblast,ITGAV,1.48591218104284,1.30899355492125
Fibroblast,NREP,1.72393106162351,1.54709078408487
Fibroblast,ANKRD35,0.424524999999999,0.247761701027869
Fibroblast,UBE2E3,2.01574264069264,1.83913239927416
Fibroblast,GPC3,0.776607498577794,0.600253408796032
Fibroblast,POGLUT2,0.38263761184214,0.207163197969496
Fibroblast,IL34,0.363771282708435,0.188775409516775
Fibroblast,ANKH,0.893806427314794,0.720192739316978
Fibroblast,SAMD11,0.3540275,0.182129464926208
Fibroblast,GOPC,1.10433,0.933234044776577
Fibroblast,BHLHE22,0.192054236215186,0.0217688199473721
Fibroblast,KCNS3,0.562110531392449,0.392035209434516
Fibroblast,IGDCC4,0.233371126326768,0.0635976709421307
Fibroblast,NME3,2.29845025906736,2.12937774527399
Fibroblast,FST,0.430641576230897,0.262263161904431
Fibroblast,SNX9,1.55847576134284,1.39048498625098
Fibroblast,NTM,0.993995319425185,0.826018254628446
Fibroblast,PTN,1.16666946802007,0.999709352409183
Fibroblast,COQ10B,1.31954823778387,1.15262282012898
Fibroblast,NKD2,0.312338707102953,0.146208542128065
Fibroblast,RASL11B,0.286412964303398,0.120350697928819
Fibroblast,CHST14,0.530494967628445,0.364463791257654
Fibroblast,NUMBL,0.393774480158924,0.228962707439388
Fibroblast,ARMCX3,1.80084959183673,1.63722104822473
Fibroblast,FMO1,0.37280539534661,0.209594386652718
Fibroblast,NPTN,1.35649367398858,1.19348493429005
Fibroblast,KCTD11,0.444565086111007,0.283083222139701
Fibroblast,PSMG2,2.14361347150259,1.98224120959221
Fibroblast,KIAA1755,0.218911993809276,0.0575990505437562
Fibroblast,C4orf3,3.9987425,3.8376773810305
Fibroblast,AKR7A2,1.77456060606061,1.61392302755754
Fibroblast,SPON2,2.68377441633411,2.52320064334545
Fibroblast,CALHM2,0.938677611940301,0.778243239455852
Fibroblast,WDR45,1.52439385922516,1.36439317471185
Fibroblast,TMEM200B,0.215612705086798,0.0567830113984401
Fibroblast,BMP4,0.623287946292184,0.465213823192036
Fibroblast,HNRNPDL,4.17089,4.01326018119759
Fibroblast,EFS,0.361426751798663,0.204278639451329
Fibroblast,MXRA7,1.17243308457711,1.01551205826193
Fibroblast,PLOD1,1.3850512437811,1.228401601453
Fibroblast,ADGRD1,0.228231597823229,0.0717501539373728
Fibroblast,HEBP1,1.59858885259845,1.44299263382349
Fibroblast,MATN3,0.261915151515152,0.106786789196209
Fibroblast,LRP12,0.47098812536949,0.316708470804959
Fibroblast,PSMC5,2.62539985390118,2.47138928986325
Fibroblast,B3GNT2,0.951167966845716,0.797396142851905
Fibroblast,MINDY2,1.18452571428572,1.03099024022915
Fibroblast,GLG1,1.88897380810484,1.7355635942407
Fibroblast,UFSP2,0.920482901554404,0.767403585423084
Fibroblast,YIPF5,1.37160161557689,1.21905136305296
Fibroblast,RHBDF1,0.487339586036669,0.334894827581688
Fibroblast,CCL26,0.242363025010904,0.0901252469658519
Fibroblast,TPGS1,1.1471775,0.995608145970803
Fibroblast,LTBP3,1.29204248704663,1.1407569389693
Fibroblast,PRDM6,0.210326656025539,0.0590531141444278
Fibroblast,COL8A2,0.33183953586024,0.181788411851069
Fibroblast,PSMB1,4.06356967391304,3.91365503430222
Fibroblast,IL11RA,0.394464179104477,0.244561661052072
Fibroblast,IFT20,1.51638826468597,1.36689783184168
Fibroblast,CDC42EP1,1.39400959183673,1.24468991991624
Fibroblast,RTRAF,3.07145010679926,2.92222371462212
Fibroblast,PPP3CB,0.765061903531526,0.61593751281029
Fibroblast,CHIC2,1.38092888660537,1.23239318633077
Fibroblast,UBE2B,2.74530716561147,2.59703277505777
Fibroblast,CHRDL1,0.255292410537686,0.107847617475789
Fibroblast,RBM7,1.1657881492761,1.01887705474416
Fibroblast,TMEM230,3.06898601036269,2.92219290340332
Fibroblast,BMERB1,0.895931276830081,0.749721677955131
Fibroblast,P4HA1,1.4422530320917,1.29725768424965
Fibroblast,DCBLD1,0.580402153597226,0.4361155879248
Fibroblast,STRA6,0.2826396595694,0.138862208163065
Fibroblast,CBX6,1.53588574404373,1.39262420929678
Fibroblast,GPR20,0.162760015961692,0.020864503886596
Fibroblast,RBFOX2,1.4955987755102,1.35386068569376
Fibroblast,FAM3C,1.90499632034632,1.76349332704054
Fibroblast,CKAP4,1.69854922279793,1.5574582897558
Fibroblast,C1QTNF3,0.347086968434915,0.207390274670575
Fibroblast,ABCA10,0.192076724794007,0.0528888618554409
Fibroblast,BCL7C,1.30069481865285,1.16196728722955
Fibroblast,TULP3,0.745093516361306,0.606480325284917
Fibroblast,DPYSL3,1.49296683937824,1.35440827636103
Fibroblast,PSMC3,2.48215283414126,2.34375805899127
Fibroblast,UACA,2.245345,2.107302542518
Fibroblast,RECK,0.596856664006385,0.459266766093839
Fibroblast,SEPTIN7,4.16433271643738,4.0268233869858
Fibroblast,NTF3,0.194479648842777,0.0570518029471955
Fibroblast,NME4,1.93517337662338,1.79787425166809
Fibroblast,GNPDA2,0.550284704240594,0.413246748396183
Fibroblast,MOCS2,1.1542414836003,1.01729621000558
Fibroblast,NRBF2,1.10490043290043,0.969418665447228
Fibroblast,CUEDC2,1.69968314155742,1.56420511805602
Fibroblast,IL6,0.633131224489796,0.497676534568174
Fibroblast,DES,0.187030588407573,0.0527647361979791
Fibroblast,MYO1B,1.48974775639409,1.35577372865082
Fibroblast,ROR1,0.278311690784857,0.146073288991971
Fibroblast,SEPTIN8,0.80607039800995,0.673926896853214
Fibroblast,EVI5,0.896355766912826,0.765197300072433
Fibroblast,FAM180A,0.152953232242618,0.0223429834485594
Fibroblast,TBX18,0.164730789222429,0.03419390900084
Fibroblast,RTL8B,0.660557327723306,0.530109307614431
Fibroblast,SLCO3A1,0.862993436509968,0.73262688959301
Fibroblast,PLSCR4,0.97795498013984,0.848339032671585
Fibroblast,CILP2,0.151196169193935,0.0216045468390548
Fibroblast,TRIP10,0.977188028731045,0.847841782353269
Fibroblast,KDELR1,2.95741010761122,2.82811718668864
Fibroblast,GPC1,0.935391173058734,0.806277060402496
Fibroblast,ZNF358,0.669998445595855,0.541122243723149
Fibroblast,TMEM248,1.56449792746114,1.43655566149747
Fibroblast,SCN7A,0.237009569644636,0.109349546034473
Fibroblast,FAS,0.927286193136472,0.799919338943702
Fibroblast,INMT,0.619346632124354,0.492512513936649
Fibroblast,PLOD3,1.17883636363636,1.05241023657654
Fibroblast,OLFM2,0.371350348413011,0.245158800583251
Fibroblast,PKD2,0.789863607342378,0.663866749683111
Fibroblast,WDR86,0.237489125124982,0.111578871094957
Fibroblast,FLYWCH2,1.28435754225712,1.15851784426842
Fibroblast,GLI2,0.209377720207254,0.0839444514399934
Fibroblast,PDHB,1.57755493707094,1.45228006127741
Fibroblast,MEGF6,0.36187,0.236640254225732
Fibroblast,LDOC1,0.687192227979275,0.562143913740091
Fibroblast,BMP5,0.160922058301989,0.0360930736162602
Fibroblast,TNFRSF1A,2.47118477891242,2.3474295929434
Fibroblast,SDF2,1.58588704663212,1.46230356480265
Fibroblast,CACNA2D1,0.416282901554404,0.292699927890919
Fibroblast,NDUFS4,2.34197859604448,2.21848663799238
Fibroblast,HS3ST3A1,0.195125628577892,0.0717599794107574
Fibroblast,SPART,1.18705974185918,1.0642309915375
Fibroblast,SERTAD1,2.55352253817022,2.43103587353437
Fibroblast,SAT2,2.09242904929547,1.97009736089361
Fibroblast,DNAJB4,1.61205528307531,1.48987727684343
Fibroblast,C1orf216,0.375828411849588,0.254228212093909
Fibroblast,MYOCD,0.144212479089997,0.0226274902162872
Fibroblast,GNAI1,0.86108961038961,0.739886913173166
Fibroblast,SPRY2,0.568701556684776,0.4478784530728
Fibroblast,NLGN2,0.31248425441778,0.191970692444706
Fibroblast,ABCC9,0.594606874727451,0.474994762618592
Fibroblast,FZD10,0.182089546783626,0.062765160943777
Fibroblast,BBX,1.96242087726613,1.8434422239669
Fibroblast,TRPC4,0.154189996186118,0.0357616431950486
Fibroblast,LZTS2,0.580712953367876,0.462639897387318
Fibroblast,FHL5,0.155770790103751,0.038172497401456
Fibroblast,IKBIP,1.35083333819617,1.23352137866003
Fibroblast,TMED1,1.22756475709787,1.11047072558213
Fibroblast,ACSS3,0.301206493506494,0.184329859884362
Fibroblast,MAMDC2,0.249919784347965,0.133167422837055
Fibroblast,CDK4,2.14406432489455,2.02755991971047
Fibroblast,PID1,0.593157355697597,0.47748836465512
Fibroblast,OS9,2.5546890479551,2.4392658965153
Fibroblast,SZRD1,1.32837833185866,1.21299868889564
Fibroblast,TCTN3,0.954488188347965,0.839281205380484
Fibroblast,TMEM242,0.892293132161955,0.777921964827674
Fibroblast,RSL24D1,2.95714264069264,2.84284116530486
Fibroblast,GLI1,0.146834086558382,0.0325674662255568
Fibroblast,NAB2,0.50604403278589,0.393016124562862
Fibroblast,AOX1,0.287034192037471,0.174123577275622
Fibroblast,RBPMS2,0.216175,0.103291301137745
Fibroblast,HSPA12A,0.366253097095943,0.253373760658826
Fibroblast,LIN7A,0.250363265306123,0.137556974770077
Fibroblast,MMP13,0.188325784490555,0.0755404503725602
Fibroblast,RNASE4,0.47767960199005,0.365503304317816
Fibroblast,RBPMS,1.9053103626943,1.79337580103183
Fibroblast,OPTN,1.99039158550497,1.87862442797819
Fibroblast,DESI2,1.03757367586379,0.925908422859975
Fibroblast,MSANTD3,0.586512735955119,0.475322778130483
Fibroblast,PI15,0.200722683171629,0.0897120524988904
Fibroblast,MLH3,0.654211086118558,0.543317980406477
Fibroblast,CYTH3,0.602208384706074,0.492127246133526
Fibroblast,ATRAID,3.03812810945274,2.92813280063526
Fibroblast,TBC1D23,0.828813989637306,0.718856072683164
Fibroblast,OSR1,0.171747763120964,0.0625797262916998
Fibroblast,C1QTNF4,0.253494287378266,0.144783528350009
Fibroblast,C3orf80,0.153726116421351,0.0460267501304013
Fibroblast,FAM20A,0.586097142857143,0.479529430860225
Fibroblast,GALNT16,0.202437842288431,0.0960111610490089
Fibroblast,SCYL1,1.1560375,1.04980300150725
Fibroblast,SWI5,1.16762959183674,1.06144191085671
Fibroblast,TM2D2,1.10245126063743,0.996357138688589
Fibroblast,VEGFD,0.130056370635695,0.0241697561113369
Fibroblast,PHLDB2,0.783319387755103,0.677496344312193
Fibroblast,COLEC11,0.281717602769222,0.176106324222809
Fibroblast,JPH2,0.132989740019804,0.027569454262221
Fibroblast,PRTFDC1,0.487748856482545,0.38241918249985
Fibroblast,NGFR,0.223456558014852,0.118178046375338
Fibroblast,LRP3,0.366068393782383,0.261229226555829
Fibroblast,LRRFIP2,1.28994384324122,1.18525419271622
Fibroblast,ADAMTS8,0.134268794892258,0.0297962797684892
Fibroblast,ABI2,1.40458204948583,1.30019426298255
Fibroblast,TFG,2.23831890547264,2.13401668984025
Fibroblast,CYB5R3,3.29901567164179,3.19478622547111
Fibroblast,PNMA1,0.886606523106851,0.782445993988685
Fibroblast,COL27A1,0.457466275846391,0.353327818273258
Fibroblast,ARFRP1,0.998428163265306,0.894570542979593
Fibroblast,ING1,0.72664505921213,0.622878298476416
Fibroblast,ZNF32,0.979440332554049,0.876146079392711
Fibroblast,CCDC8,0.304655844155844,0.201784600966467
Fibroblast,UBTD2,0.517251976934376,0.414485124242865
Fibroblast,CAP2,0.435292640692641,0.332770226188651
Fibroblast,PABPC5,0.149630842607313,0.0472070560895148
Fibroblast,BBIP1,0.825158665565508,0.722849666842256
Fibroblast,CACNA1C,0.570487150837989,0.468357800780149
Fibroblast,R3HCC1,0.899817697988286,0.798146385783296
Fibroblast,PSMC1,1.96335778405129,1.86227890515476
Fibroblast,C11orf68,0.473018477168294,0.371983967728597
Fibroblast,RASSF8,0.529348678923362,0.428582865322887
Fibroblast,PYGO1,0.189251940942344,0.08869130245749
Fibroblast,SIVA1,2.73394854785668,2.63409368448399
Fibroblast,ISM1,0.191906735751295,0.0921756050374688
Fibroblast,CLIP3,0.428059523809524,0.328387012706145
Fibroblast,MICU3,0.32836368159204,0.229484216825708
Fibroblast,MRAS,0.552891142413398,0.454151946999816
Fibroblast,AHI1,1.37473190642998,1.27602348075091
Fibroblast,BTG3,1.77742802314714,1.67878398002679
Fibroblast,RABAC1,4.36275074241501,4.26414266389823
Fibroblast,C8orf88,0.22314927795272,0.124746657869872
Fibroblast,CHST3,0.3185275,0.220711319663639
Fibroblast,STON1,0.368026528635363,0.27050829493127
Fibroblast,CST2,0.129016062176166,0.0319941741020069
Fibroblast,DENND2A,0.284765601322146,0.187851934532557
Fibroblast,C14orf132,0.452752985074627,0.356242386699944
Fibroblast,HDDC2,1.74991211979546,1.65513709718863
Fibroblast,SYNGR1,0.829481343283582,0.734827992835169
Fibroblast,DCTN2,2.05589689119171,1.96194088550663
Fibroblast,BORCS7,1.46509156241534,1.37122536669873
Fibroblast,SCG5,0.568043722943723,0.474365366363029
Fibroblast,CFAP36,1.44656146331084,1.3532099575775
Fibroblast,HIKESHI,1.64929087970467,1.5559770533171
Fibroblast,MVB12A,1.30505742313821,1.21240639276399
Fibroblast,CHID1,1.69680432900433,1.60510994889615
Fibroblast,GFRA1,0.247813690387746,0.156142648850352
Fibroblast,ODAD3,0.235640670411647,0.144173746015383
Fibroblast,RIPOR3,0.258389591836735,0.166943440403288
Fibroblast,FIGN,0.289305021923824,0.197902986359908
Fibroblast,HAND2,0.276434839194576,0.186500965152957
Fibroblast,GSC,0.126094924286154,0.0361992788081523
Fibroblast,HPF1,1.04682860696517,0.957164954497642
Fibroblast,SUSD5,0.152002736318408,0.0625322832593193
Fibroblast,ITGA1,1.85414816737146,1.76467814251677
Fibroblast,TBC1D2B,0.719895849960095,0.630565663502119
Fibroblast,FAM13C,0.589508100205536,0.50023156478703
Fibroblast,DYRK3,0.312753387472367,0.223578287741829
Fibroblast,SYNGAP1,0.323443764746504,0.234280044619137
Fibroblast,PHC2,1.02234506153977,0.933303049551045
Fibroblast,GDF11,0.358837102618681,0.270153339972741
Fibroblast,DIXDC1,0.634667267634327,0.546065537734419
Fibroblast,EVA1A,0.511284868377128,0.422751525984953
Fibroblast,ZC3H13,1.58050075952253,1.49229120769683
Fibroblast,YAP1,1.01992715897966,0.932171088302836
Fibroblast,SOCS5,0.615649337068161,0.528141924743957
Fibroblast,CCDC28B,0.699285074626865,0.611900259338255
Fibroblast,KDSR,1.3544274611399,1.26722970275713
Fibroblast,CDKL5,0.31413338880672,0.228021443436901
Fibroblast,SPOCD1,0.162514718614719,0.0766136586290843
Fibroblast,CDC37L1,0.747338633994406,0.661601380843198
Fibroblast,PABIR1,0.51895,0.433298039565182
Fibroblast,KLHDC8B,0.613454227046569,0.528051904138025
Fibroblast,SOBP,0.353859765724472,0.268462014793674
Fibroblast,DMD,0.48413885912325,0.3987912192847
Fibroblast,PLEKHG2,0.610897765363128,0.525750217296642
Fibroblast,CASQ2,0.100494914687186,0.0154482164845864
Fibroblast,ITPRIPL2,0.934512697233341,0.849922078600245
Fibroblast,HRC,0.12125644028103,0.0368083471578709
Fibroblast,POLR3D,0.630370043709626,0.545937518317821
Fibroblast,TLE1,0.95986089385475,0.876303513617875
Fibroblast,ASB1,0.488539255739311,0.405598484249369
Fibroblast,FBXL3,0.83178486620726,0.749007380463039
Fibroblast,RTN4,4.01756421356421,3.93494498209317
Fibroblast,ALKBH5,1.19203342076224,1.10985118390534
Fibroblast,LDB3,0.153405714285714,0.0713652790601822
Fibroblast,CCDC184,0.159322993182929,0.0772970216786295
Fibroblast,SCN4B,0.119222489172351,0.0372033178436117
Fibroblast,ADAMTS14,0.141404978354978,0.0594634929539353
Fibroblast,GRIP2,0.140357410505186,0.0585131574125347
Fibroblast,KIFBP,0.650638459383754,0.56891724771649
Fibroblast,PLPPR4,0.14511,0.0635982200808234
Fibroblast,OSMR,1.0558183874802,0.975288838012853
Fibroblast,VIT,0.125542768694034,0.0450958496754688
Fibroblast,EFHD1,0.620931093898443,0.541035884422483
Fibroblast,ANXA2,5.52338381836993,5.44386006548038
Fibroblast,L3HYPDH,0.463738744588745,0.384393188511986
Fibroblast,TSPAN11,0.21238693877551,0.133710721438392
Fibroblast,C14orf28,0.23587051576187,0.157211726669185
Fibroblast,DUT,2.58892323536441,2.51028030438305
Fibroblast,ROBO1,0.756575621890547,0.677963926129034
Fibroblast,PENK,0.101121832897864,0.022938374131249
Fibroblast,STMN3,0.742450746268657,0.664311668660518
Fibroblast,PTPN21,0.289606277056277,0.211808528947749
Fibroblast,MMP19,0.899273343974462,0.821475692588287
Fibroblast,RASD2,0.1133580207502,0.0356810146144296
Fibroblast,MEX3B,0.224712121212122,0.147813812071418
Fibroblast,FAM89B,1.03527929092744,0.958879810212332
Fibroblast,SUSD2,0.413489240302182,0.337471154974634
Fibroblast,PCDH7,0.500054693877551,0.424051152064289
Fibroblast,EPHX1,1.72924611398964,1.65334062137027
Fibroblast,BDKRB1,0.140200565845863,0.0647098000997341
Fibroblast,ARF1,4.08064919703044,4.00568899614338
Fibroblast,HSPA2,0.799879982174688,0.725025458395053
Fibroblast,EPYC,0.106557837436196,0.0325424613409409
Fibroblast,ATP10A,0.3711675,0.297223763783249
Fibroblast,PRG4,0.148272020725389,0.0749309067206008
Fibroblast,MPRIP,1.48904349561054,1.41618919619177
Fibroblast,HOMER3,0.668702123740365,0.596083893378015
Fibroblast,C14orf119,1.41199275555188,1.34009886410326
Fibroblast,AMPH,0.167969952305246,0.0960773014510236
Fibroblast,TERF1,1.23948448979592,1.16817252252264
Fibroblast,PLEKHA3,0.868188557213931,0.796910736151322
Fibroblast,C19orf12,0.602778777207604,0.532457000012276
Fibroblast,PTGFR,0.159739634337166,0.0895287736033834
Fibroblast,PRRT2,0.358695450917797,0.289048251217039
Fibroblast,TSHZ3,0.37277039800995,0.303124383543737
Fibroblast,ARSJ,0.359119306564353,0.28955350560163
Fibroblast,MYOF,1.21994766839378,1.150723265488
Fibroblast,IFRD1,1.79280755083275,1.72360256684499
Fibroblast,MRPL32,1.88776831034668,1.81872115112027
Fibroblast,UGGT2,0.637332089552239,0.568390717591798
Fibroblast,FAAP20,1.92391866905583,1.85529442821541
Fibroblast,NRIP2,0.174504616928739,0.106463435259203
Fibroblast,GPR161,0.360670422118169,0.292918369590617
Fibroblast,GPRASP1,0.190225492742552,0.122730382742156
Fibroblast,YPEL4,0.118130659291692,0.0508168474582301
Fibroblast,TGFB2,0.377040845808131,0.309919667205391
Fibroblast,BAD,1.88759129353234,1.82052604632994
Fibroblast,BPNT2,0.998866002557169,0.931868578173029
Fibroblast,ANK2,0.485279675953328,0.418539980732591
Fibroblast,PI16,0.252378856262461,0.185988069724875
Fibroblast,ISYNA1,0.991735312125601,0.925375847090085
Fibroblast,PTMS,3.65422,3.58846541979944
Fibroblast,FAM110B,0.483267099567099,0.418621415779224
Fibroblast,RMDN2,0.255259779983031,0.190686305135949
Fibroblast,IL17B,0.0835939297929258,0.0192053144649046
Fibroblast,F2RL2,0.1329525,0.0691902470769624
Fibroblast,MAN1B1,0.942806567973432,0.87932630358015
Fibroblast,SLC38A2,2.78452369630767,2.72109133964465
Fibroblast,FGF1,0.283389997804697,0.220154734247375
Fibroblast,COPS2,1.30629897959184,1.24348781152536
Fibroblast,ABRAXAS1,0.439341215069746,0.376547490540505
Fibroblast,ITSN1,0.675656050330616,0.61287460962821
Fibroblast,OSBPL1A,0.928458610038914,0.865752835824528
Fibroblast,XG,0.150667916999202,0.0879998536444861
Fibroblast,GALNS,0.502534196891192,0.439929802010626
Fibroblast,TMEM200C,0.0880847330294716,0.0257297288280643
Fibroblast,AVPR1A,0.109835238734704,0.0476659663912036
Fibroblast,EVC2,0.147682089552239,0.0856282290161827
Fibroblast,DCBLD2,0.828342764882002,0.766979483088644
Fibroblast,TMEM237,0.604728400578444,0.54348574691711
Fibroblast,RGMA,0.321516707281527,0.260328849941169
Fibroblast,POFUT2,0.404771686474387,0.344141583486757
Fibroblast,DIRAS3,0.195020779220779,0.134416911366058
Fibroblast,CROCC,0.352338096365142,0.292105888024717
Fibroblast,THBS4,0.170882163107043,0.110810504551035
Fibroblast,STK19,0.657797054911968,0.597757504578942
Fibroblast,CDC14B,0.373326363622071,0.313610668870775
Fibroblast,IRF2BPL,0.928161133280128,0.869043910621467
Fibroblast,CCDC102A,0.32441402088108,0.265883033584803
Fibroblast,DOK6,0.162597636851099,0.104672499703017
Fibroblast,SPATC1L,0.591037500000001,0.533268223431791
Fibroblast,WTIP,0.33574,0.278095487570463
Fibroblast,MN1,0.233041044776119,0.175877025005695
Fibroblast,DMWD,0.574651020408163,0.517565045113207
Fibroblast,MOB3B,0.45827,0.401637173830846
Fibroblast,HTR2A,0.0696863184079602,0.0131478037182465
Fibroblast,NAGLU,0.489058898643256,0.432725032692615
Fibroblast,UBE2Q2,0.96432643464148,0.908574633851233
Fibroblast,CNOT4,1.09073969052185,1.03508722517763
Fibroblast,NF1,1.07387652661065,1.01845065872615
Fibroblast,RLF,0.666496083241487,0.611630363361493
Fibroblast,HTR2B,0.121751301696777,0.0669315000176848
Fibroblast,TMEM120A,0.980784362957304,0.926026761112001
Fibroblast,TAF12,1.10672211423333,1.05274629964868
Fibroblast,LRRC59,1.69418260154555,1.64031431790243
Fibroblast,CYP2U1,0.222693722943723,0.169144104735625
Fibroblast,SIX5,0.284063757482782,0.230793990640415
Fibroblast,C3orf70,0.247005027932961,0.193750890760011
Fibroblast,FNDC4,0.4457728131519,0.392633919417965
Fibroblast,RNF180,0.378022059543252,0.324990489186719
Fibroblast,PHYHIP,0.138974878966308,0.0860528655532264
Fibroblast,UNC50,1.35100540386759,1.29812395923856
Fibroblast,POPDC2,0.184692857142857,0.132077372037865
Fibroblast,ZC2HC1A,0.728595306122449,0.676003468386147
Fibroblast,FAM228B,0.472715544041451,0.420317956711316
Fibroblast,AGTR1,0.228476152463394,0.176087590430316
Fibroblast,H6PD,0.729181728194045,0.676843834853073
Fibroblast,TMEM26,0.116848188349398,0.0650636565923431
Fibroblast,FLYWCH1,0.411479859943977,0.35978695582873
Fibroblast,CHI3L1,0.482723013431779,0.431094934123855
Fibroblast,DNAJB5,0.194529524436166,0.143216383389563
Fibroblast,C11orf58,3.51825995670996,3.46710355874808
Fibroblast,MTHFD1L,0.535517098445596,0.484379604799354
Fibroblast,CENPP,0.370683868758345,0.319717494679249
Fibroblast,CAB39L,0.371034116894709,0.320169064425983
Fibroblast,CCS,1.19651257250808,1.14588970495274
Fibroblast,UROS,1.1314775,1.08136209417377
Fibroblast,SSTR2,0.281861836734694,0.231758595010717
Fibroblast,FRA10AC1,0.844973441134029,0.794931623258215
Fibroblast,CACNB3,0.38281551690959,0.332814396572102
Fibroblast,RARB,0.325366400638468,0.275638290809482
Fibroblast,WBP4,1.02694368277804,0.977694812367606
Fibroblast,PGR,0.131451731601732,0.0822319623175964
Fibroblast,TUSC3,1.15433333333333,1.10516823821072
Fibroblast,KRBOX1,0.155766320830008,0.107048770587301
Fibroblast,NPR2,0.164180606544294,0.115467229637802
Fibroblast,MAP4K5,0.969335000000002,0.920668893904697
Fibroblast,NAP1L3,0.174666321243523,0.126114146680579
Fibroblast,GADD45B,4.18966660610636,4.14120199307429
Fibroblast,TLCD5,0.437207988236506,0.389069793463279
Fibroblast,FNIP1,1.19383484848485,1.14585624327133
Fibroblast,NAB1,0.696978236409388,0.649141748897167
Fibroblast,RARG,0.511228082236187,0.463628907458674
Fibroblast,EDA2R,0.11514550207962,0.0678284358623133
Fibroblast,HOXC6,0.203928163265306,0.156768515428217
Fibroblast,FBXL12,0.618011877835151,0.570874687275753
Fibroblast,APOL2,0.842105721393035,0.794983104365488
Fibroblast,GPR153,0.220843256185156,0.173821662892788
Fibroblast,GDF10,0.10022848339053,0.053210825618947
Fibroblast,ADCY5,0.147177616286166,0.100223534794565
Fibroblast,GSTT2B,0.289701243781094,0.242764650667456
Fibroblast,HSD3B7,0.561543971770141,0.514627442928717
Fibroblast,ELOVL4,0.208682251082251,0.16185081700342
Fibroblast,BEND6,0.192332089552239,0.145513496463545
Fibroblast,CALHM5,0.178032642487047,0.131567983077708
Fibroblast,NPY1R,0.186293511945824,0.140149151697545
Fibroblast,AXIN2,0.292157359307359,0.246223123216554
Fibroblast,FGF10,0.0791081465373035,0.0332156918238641
Fibroblast,LRRC32,1.35738648377384,1.31192229305769
Fibroblast,TADA3,1.3795970586195,1.33435736277357
Fibroblast,TPRA1,0.713186410989438,0.668370377555079
Fibroblast,TRPC1,0.190458245222052,0.146053179012716
Fibroblast,SNX33,0.320903770890107,0.276890642984231
Fibroblast,SCARA3,0.410794300518135,0.366828526827413
Fibroblast,CHPF2,0.659284415584416,0.615333335409454
Fibroblast,SNAPC5,0.72216381344064,0.67822338146478
Fibroblast,ELK1,0.513695617656831,0.469911595335668
Fibroblast,TEX29,0.0626603181533101,0.019046267762493
Fibroblast,LINGO1,0.193893021593883,0.150814597623884
Fibroblast,C1orf198,0.826014502164502,0.783421284431398
Fibroblast,FOXF1,0.440265357242245,0.397711747609258
Fibroblast,PSD,0.124623376623377,0.0821790769411265
Fibroblast,C6orf120,0.447372944932163,0.405008177586294
Fibroblast,KIF7,0.127394892258579,0.0851020837024409
Fibroblast,NDUFAF2,1.28821307208238,1.24635116364831
Fibroblast,SLCO1C1,0.069640390481187,0.0281683636037094
Fibroblast,HTRA2,0.823460696517413,0.782077860697157
Fibroblast,AFAP1L2,0.426582519703617,0.385313691031082
Fibroblast,SHOX2,0.17054477254589,0.12944243691986
Fibroblast,GNL1,1.135442532418,1.09436050951088
Fibroblast,HOXC9,0.306155865921788,0.265105950583586
Fibroblast,HHIP,0.126332653061224,0.085941135924304
Fibroblast,CNTNAP1,0.116098558965187,0.0759019792683254
Fibroblast,MINPP1,0.527422317924698,0.487299685624497
Fibroblast,CDO1,0.235742502855317,0.195823621982532
Fibroblast,CBR3,0.511497685554669,0.472062982599577
Fibroblast,BMPR1A,0.53566328810854,0.496802912914366
Fibroblast,TSLP,0.139478132482043,0.100773939664415
Fibroblast,TNKS1BP1,0.87308407960199,0.834567107668209
Fibroblast,RING1,0.928901731601731,0.890508011878076
Fibroblast,RAB28,0.663338059701493,0.625055103813501
Fibroblast,RTL5,0.156607094385591,0.11845515484902
Fibroblast,KLF9,1.9535875,1.91569262272783
Fibroblast,UBE2E1,1.50127543233678,1.4634308732512
Fibroblast,STOML1,0.339809352513008,0.302223647322329
Fibroblast,PLPP7,0.112984654104066,0.0754534584783463
Fibroblast,ATL1,0.36320988099497,0.326047544709431
Fibroblast,GASK1A,0.078306065442937,0.0412607341861113
Fibroblast,SLC16A2,0.268045011971269,0.231006431808566
Fibroblast,FMO2,0.520830348258706,0.483927191962525
Fibroblast,DZIP1L,0.193171378082888,0.156753653057528
Fibroblast,FAT1,0.940560492626494,0.904591710482595
Fibroblast,PRPH2,0.0587065131353003,0.0228244870432776
Fibroblast,KERA,0.0410919900857948,0.00566962373153883
Fibroblast,TIMP4,0.108694774267231,0.0736187043689529
Fibroblast,SNAPC1,0.772297901145692,0.737754585639847
Fibroblast,GPAT2,0.156211719423296,0.122026501311307
Fibroblast,ABL1,0.697153427483607,0.663000122081092
Fibroblast,PARD3B,0.369015029188191,0.334910852277573
Fibroblast,C8orf48,0.0779437350359138,0.0439106367525787
Fibroblast,EIF5A2,0.457307703720908,0.423286648552484
Fibroblast,UNC5C,0.203524034452072,0.169527963174729
Fibroblast,ACTC1,0.0619418994413408,0.0279978844655054
Fibroblast,COL7A1,0.312389596015562,0.278803909787965
Fibroblast,BDH2,1.1677684079602,1.13418651978917
Fibroblast,ADAMTS10,0.264538860103627,0.230957793216085
Fibroblast,COMMD5,0.977082333675342,0.943721622717178
Fibroblast,NMD3,1.13483523316062,1.10150533198967
Fibroblast,NRK,0.0640442040695095,0.0310808736484854
Fibroblast,PTPN9,0.494959591836735,0.462008129559151
Fibroblast,THSD7B,0.075684632034632,0.0428453410186308
Fibroblast,SLC37A3,0.650588262112947,0.617844981889372
Fibroblast,CBY1,0.883350248756219,0.850957693502014
Fibroblast,SMO,0.180904112554113,0.148629413095441
Fibroblast,NKX3-2,0.0392206697319493,0.00704521278263736
Fibroblast,EVC,0.12052316017316,0.0884088399793108
Fibroblast,FBXO30,0.316624341272962,0.284526433450576
Fibroblast,KREMEN1,0.492514366339118,0.460516035351493
Fibroblast,NCKAP5L,0.454893506493507,0.422931074491661
Fibroblast,RERGL,0.0829991136246654,0.0512285188684318
Fibroblast,PLEKHH3,0.43069142911379,0.39903558649845
Fibroblast,BPI,0.0751514285714286,0.0436694769437171
Fibroblast,SOX5,0.275754999999999,0.244525680669754
Fibroblast,TOR1A,0.921979612883627,0.890821077071111
Fibroblast,B4GALT2,0.452412716464589,0.421491858807561
Fibroblast,RBMS3,1.30984953968668,1.2789409285793
Fibroblast,TMEM185A,0.426641473524284,0.39591577391054
Fibroblast,NRXN2,0.220604299963842,0.190036438146145
Fibroblast,KITLG,0.552509950248757,0.521956350180032
Fibroblast,ARHGAP20,0.135222139303482,0.104870901004145
Fibroblast,WDR41,0.802288059701493,0.771990103996282
Fibroblast,RFLNA,0.149559217877095,0.119345171998331
Fibroblast,ZFP92,0.0532317170111288,0.0231252735830158
Fibroblast,FLNC,0.223531788738934,0.193702285355668
Fibroblast,IL17D,0.0783019952114925,0.0490024435205263
Fibroblast,MEOX2,0.37873354978355,0.34968177110781
Fibroblast,SLC16A4,0.482129081683904,0.45343177573189
Fibroblast,CNNM2,0.216534822607619,0.188004780960402
Fibroblast,PLCE1,0.381737515844825,0.353286950553369
Fibroblast,CORIN,0.0590661691542288,0.0308169467727285
Fibroblast,TBX15,0.0961259312386402,0.0679032345307011
Fibroblast,IGIP,0.180866627256547,0.152725042102867
Fibroblast,PYGM,0.0878270562770563,0.0597281224337362
Fibroblast,XIRP1,0.0362319950433553,0.00848317669883978
Fibroblast,SARS1,1.98399805449453,1.95647070020003
Fibroblast,SYPL2,0.0567175228832952,0.0294330954207832
Fibroblast,HNRNPH3,2.24576109148607,2.21953054013856
Fibroblast,PFKM,0.670187697833505,0.644085514853163
Fibroblast,WASF3,0.226841774891775,0.200754151895737
Fibroblast,ZNF575,0.0972424335794924,0.0711798287552491
Fibroblast,SORCS2,0.112938860103627,0.0872407436748386
Fibroblast,PRSS35,0.0492339984038308,0.0236781376896895
Fibroblast,MDGA1,0.125097083146181,0.099593439998165
Fibroblast,C1orf167,0.109661030978382,0.0842512880737721
Fibroblast,OBSL1,0.586545225362873,0.561346907094644
Fibroblast,PPP1R3F,0.129036687887276,0.103937677065042
Fibroblast,CYP26B1,0.137349486080014,0.112270694406989
Fibroblast,KLHL42,0.746538459770426,0.721500423170753
Fibroblast,RGS11,0.145053896103896,0.120095354392183
Fibroblast,DLGAP4,1.11706380071841,1.09217599777486
Fibroblast,RSPO3,0.281953840171657,0.257203743391768
Fibroblast,HMGCLL1,0.0655569387755103,0.0408880451302438
Fibroblast,ZBED1,0.642411583668935,0.617778941498376
Fibroblast,VPS16,0.5723425,0.54783067622914
Fibroblast,APCDD1L,0.0596652035115722,0.0351798773639719
Fibroblast,DCLK3,0.0407447799189031,0.0165118292329238
Fibroblast,NHS,0.240510803696618,0.216560227378647
Fibroblast,ZNF853,0.0954791368534946,0.0721563787451005
Fibroblast,SYNDIG1,0.162091962194714,0.139038821749175
Fibroblast,PTPRA,1.19301863673712,1.17004852825824
Fibroblast,HHIPL1,0.0752025500894816,0.052439578092807
Fibroblast,PCED1A,0.52439562135713,0.501663638829634
Fibroblast,CRYGN,0.0299237741916168,0.00732937237017885
Fibroblast,SYTL2,0.86086183851523,0.83850304665768
Fibroblast,TMEM175,0.471747606474155,0.449422108512748
Fibroblast,HOXC5,0.0554229848363927,0.0331023734692614
Fibroblast,DYRK2,0.586168163265306,0.563923468681076
Fibroblast,ZNF668,0.27754776119403,0.255308475318898
Fibroblast,RSF1,1.85156712273833,1.82933815945806
Fibroblast,GLIS1,0.0569391665311076,0.0347388177406916
Fibroblast,GRID1,0.0967899999999999,0.0746181532778112
Fibroblast,PRICKLE1,0.298729008694614,0.27666389566161
Fibroblast,ADAM12,1.05027810945274,1.02839703640548
Fibroblast,COL6A6,0.0615088460719609,0.0396645299746693
Fibroblast,LIX1L,0.862753367875647,0.840938453048005
Fibroblast,TMTC3,0.612543136752652,0.590768731810789
Fibroblast,EXT2,0.882878138528139,0.861136796721262
Fibroblast,TRIL,0.193394029850747,0.172380194567507
Fibroblast,LRCH2,0.145573184357542,0.124659116989387
Fibroblast,MMP3,0.123873003969415,0.103036186632896
Fibroblast,IFIT5,0.45235,0.431949060085059
Fibroblast,SALL2,0.11131038961039,0.0911644607346764
Fibroblast,SMIM10L2B,0.0434020725388601,0.0234896039746498
Fibroblast,PKD1,0.548414507772021,0.52852783964197
Fibroblast,LRFN3,0.131403271424261,0.112009355614088
Fibroblast,TM6SF2,0.0562482121337773,0.0370314525968079
Fibroblast,FAXDC2,0.305068163265306,0.286028121721953
Fibroblast,LURAP1,0.138682251563595,0.11986165935732
Fibroblast,USP51,0.141065928402626,0.122297162622959
Fibroblast,ART5,0.0472193877551021,0.028692120614801
Fibroblast,NXT1,1.13077222846245,1.11235947684243
Fibroblast,MARK1,0.212112177678448,0.193925167996108
Fibroblast,HES7,0.036630823967245,0.0185537558231068
Fibroblast,IFT43,1.15003074660181,1.13207730131749
Fibroblast,ASAP3,0.233741542288557,0.21583793281353
Fibroblast,SEC24D,1.15723886010363,1.1393476840048
Fibroblast,GID4,0.226253746611349,0.208374913425767
Fibroblast,NEGR1,0.229794688384311,0.21222446932663
Fibroblast,LEFTY2,0.0368451701812695,0.0193255202282088
Fibroblast,WNT6,0.052371897831562,0.0350996569996485
Fibroblast,PELI3,0.13304552238806,0.116229132830984
Fibroblast,SLC24A2,0.0716157544699462,0.0550451207297751
Fibroblast,CBLN3,0.0658925855190561,0.0494759160394497
Fibroblast,LSMEM1,0.159674104086878,0.143406501228289
Fibroblast,SRRM3,0.186903450616762,0.170815023441396
Fibroblast,SALL4,0.0670108808290155,0.0509388012813728
Fibroblast,PTHLH,0.355302442288391,0.339284216147991
Fibroblast,DIO3,0.0413484896661367,0.0253812675755186
Fibroblast,C2orf81,0.174033553631526,0.158167152125925
Fibroblast,AZIN2,0.255603329661789,0.239864762328516
Fibroblast,C20orf202,0.0224168443948586,0.00681240003057691
Fibroblast,ITIH3,0.112568906192094,0.0970328441431408
Fibroblast,IL11,0.128247036146632,0.112962728313652
Fibroblast,SLC17A7,0.0358792156862745,0.0206709776058957
Fibroblast,KANK4,0.0692011789735195,0.0540006324231899
Fibroblast,MORC4,0.372343073593073,0.357209109481217
Fibroblast,LPAR4,0.0721025920467125,0.0569890850374287
Fibroblast,TEKT3,0.0555914352626296,0.0408067598579977
Fibroblast,ZNF287,0.12391,0.109218066069909
Fibroblast,ZP1,0.0349238473767886,0.0202455220942974
Fibroblast,WDR46,0.960951990049751,0.946718852205727
Fibroblast,DCLK1,0.370084328358209,0.355923917817127
Fibroblast,EBF4,0.208134903465254,0.194061071593243
Fibroblast,NXPH3,0.0874480519480519,0.0733822450133115
Fibroblast,B3GALT6,0.400507215007215,0.386506135870497
Fibroblast,TNN,0.0284564245810055,0.0146407250333132
Fibroblast,CORO6,0.0882361025608705,0.0746138238424149
Fibroblast,GLRX5,1.31198275202784,1.29846673439627
Fibroblast,CES1,0.455131549742666,0.441659636530771
Fibroblast,ANTXR2,1.00900842495639,0.995790630411061
Fibroblast,ZBTB21,0.351947402597402,0.338756334147484
Fibroblast,STUM,0.0554345771144279,0.0424640370968145
Fibroblast,CSDC2,0.157149823636369,0.144301219433825
Fibroblast,ADAMTS16,0.0813181592039799,0.0684916753320438
Fibroblast,THAP11,0.540161250849835,0.527432766837762
Fibroblast,HIVEP2,0.506705512265513,0.494074918551309
Fibroblast,FOXL1,0.0673552637935418,0.0547320437159933
Fibroblast,ZNF697,0.12031341991342,0.107748667250975
Fibroblast,ADAMTS15,0.0781206398003208,0.0655647022919342
Fibroblast,MYOZ1,0.0542039429501308,0.0417565505981165
Fibroblast,LCAT,0.210796103896104,0.198394266769732
Fibroblast,DEPDC7,0.119248906832846,0.106850348173629
Fibroblast,TRAM1L1,0.100354880416276,0.0881614316185383
Fibroblast,GOLGA5,0.675518905472637,0.663410334907235
Fibroblast,GOLGA6L4,0.147857608130224,0.135793162797232
Fibroblast,NEK1,0.523211688311688,0.511515143750749
Fibroblast,PCBP3,0.163653992958778,0.152010186100944
Fibroblast,ADCY6,0.337053643915893,0.325627498444467
Fibroblast,PHYH,0.831348158530384,0.820013633861302
Fibroblast,COL6A5,0.0185285831991198,0.00736780495923472
Fibroblast,EXOSC1,0.924994493216282,0.91385232306814
Fibroblast,GUCA1A,0.0297696187377915,0.0189346875478684
Fibroblast,VMP1,3.45124701492537,3.44051458218229
Fibroblast,ZNF583,0.213821048298107,0.203092631569727
Fibroblast,EDA,0.0950966122079016,0.0845024479168962
Fibroblast,HAAO,0.418133366533475,0.407640979415095
Fibroblast,SHISA3,0.0525223038547913,0.0420406319806786
Fibroblast,OGFOD3,0.788327922077921,0.777926452540653
Fibroblast,PJA1,0.474470995670996,0.464465456374279
Fibroblast,GDNF,0.0497456709956709,0.0398076730445178
Fibroblast,UAP1,1.4013783999072,1.39153875608288
Fibroblast,COPS7A,1.12563496841817,1.11611030165918
Fibroblast,ABTB1,0.84669530612245,0.837531141287172
Fibroblast,NAALAD2,0.0725677677838553,0.06344587009416
Fibroblast,ANGPTL5,0.0188312997475205,0.00974190756178747
Fibroblast,ZNF641,0.322693228315882,0.313742297623679
Fibroblast,RO60,1.5557435532948,1.54683786640383
Fibroblast,MYOC,0.0134271009879263,0.00457517002354319
Fibroblast,DPY19L3,0.335911731843576,0.327060463003516
Fibroblast,TLN2,0.333048409595109,0.324223811636299
Fibroblast,FAM228A,0.0206478181913373,0.0118263927029054
Fibroblast,KCNAB1,0.115416293074607,0.106654236351341
Fibroblast,CHSY3,0.153016523186803,0.144554781312342
Fibroblast,PHC1,0.348195,0.339741209917457
Fibroblast,HOXA5,0.26180303030303,0.25351784035339
Fibroblast,FOXC2,0.134386897135398,0.126157614359077
Fibroblast,TENM4,0.204298679870979,0.196112620404776
Fibroblast,PINLYP,0.218481510262948,0.210384557755505
Fibroblast,THAP1,0.46054996009577,0.452484483143459
Fibroblast,LRFN5,0.0658254694104065,0.0579167707698708
Fibroblast,H1-1,0.0377044878131863,0.0298723688641565
Fibroblast,CSMD2,0.132922139303483,0.125215511258999
Fibroblast,GPR162,0.136062868994115,0.128491312456528
Fibroblast,MAGEL2,0.0292176327232183,0.0217114558445726
Fibroblast,PURA,1.07961860583152,1.07220012214406
Fibroblast,HTR1F,0.0598820189221519,0.0524934147894022
Fibroblast,CCDC74A,0.429522260354969,0.42214102859659
Fibroblast,BAHCC1,0.201550509950249,0.194318849794795
Fibroblast,SYNM,0.396408619313647,0.389195413537111
Fibroblast,RTN4RL2,0.119951515151515,0.112847640781927
Fibroblast,PPP1CC,2.1632620479522,2.15629138933642
Fibroblast,SLC12A8,0.434065708973679,0.427158622344912
Fibroblast,TNFRSF19,0.337736567164179,0.33085526264951
Fibroblast,PTPDC1,0.23132897047087,0.224495155096976
Fibroblast,CDKL3,0.157461341688315,0.150713943625834
Fibroblast,CENPT,0.621790303061389,0.615224888484985
Fibroblast,MAP9,0.659773656107741,0.653386996288592
Fibroblast,PPEF1,0.0325036817125865,0.026240403835759
Fibroblast,C9orf153,0.0267823834196891,0.020569186538564
Fibroblast,KCNG1,0.0704933758978451,0.0643192078003049
Fibroblast,TMEM74B,0.145414651981591,0.1392704939682
Fibroblast,PANO1,0.0399918216710954,0.0339331102295788
Fibroblast,CSRNP2,0.368421212121212,0.362496174846365
Fibroblast,SNX12,0.547705345970275,0.541839037517968
Fibroblast,NAV3,0.189000432900433,0.183149643145286
Fibroblast,ZCWPW2,0.068670764817559,0.0630166397498916
Fibroblast,CEP126,0.354668415142696,0.349200364745838
Fibroblast,GCK,0.0422935323383084,0.0368448687579352
Fibroblast,CCIN,0.00988888354071299,0.00470480751807559
Fibroblast,ASPA,0.15154612244898,0.146569669730597
Fibroblast,OXCT2,0.0596617008812153,0.0548100828668954
Fibroblast,GNAL,0.203739225456829,0.198913859469088
Fibroblast,VLDLR,0.247557734970002,0.242810250343023
Fibroblast,FAM180B,0.0194010333863275,0.0147204267914401
Fibroblast,SLC45A1,0.11206789092296,0.107396338806588
Fibroblast,PITX3,0.0110980994620507,0.00647915026095997
Fibroblast,SLC2A10,0.485495733526455,0.481191673671494
Fibroblast,GREM2,0.0530245172451702,0.0487297439938882
Fibroblast,REEP2,0.077055440414508,0.0727817808764296
Fibroblast,KLHL13,0.172583322944837,0.168360338072257
Fibroblast,TRPA1,0.0382155440414508,0.0340202775727776
Fibroblast,PCGF6,0.357742424242424,0.353683268229142
Fibroblast,MGARP,0.0653420083184788,0.0613437503105897
Fibroblast,IGFL2,0.0635160621761658,0.0597891694220651
Fibroblast,KCND1,0.0426298123778919,0.0389181309368539
Fibroblast,SPOCK1,0.580766842483709,0.577090519107705
Fibroblast,AMIGO2,0.30804889322197,0.304545105913484
Fibroblast,KIAA1549L,0.102291191709845,0.0988519895014887
Fibroblast,SLC43A1,0.272583240223464,0.269157114642531
Fibroblast,ANGPT4,0.00868682254848651,0.00532658261222214
Fibroblast,BCL2L2,0.317821589117722,0.314617683356303
Fibroblast,DDX50,0.8925505021612,0.889507647628071
Fibroblast,RFX8,0.0872571524335607,0.0844282443728843
Fibroblast,ALPK2,0.0935928936423052,0.0907950858840021
Fibroblast,ELOVL3,0.0268197390431582,0.0241003011944624
Fibroblast,NPY5R,0.0150883244342741,0.0123705721738577
Fibroblast,CPZ,0.0197541063858422,0.0173446335624696
Fibroblast,NEURL2,0.122848443735036,0.120445834464018
Fibroblast,HDX,0.14564028145889,0.143300323909877
Fibroblast,RGN,0.267162176165803,0.26482614554119
Fibroblast,FGF2,0.26451387590301,0.262241288810562
Fibroblast,ZFYVE1,0.264343073593074,0.262110573331823
Fibroblast,TMEM240,0.0184705713533054,0.0165222970479486
Fibroblast,TEX11,0.0352777830790078,0.0333956632585947
Fibroblast,CABP1,0.0990268156424582,0.097222261977232
Fibroblast,LCN1,0.0069359561330353,0.00522289001411446
Fibroblast,TBC1D8B,0.315483311644796,0.313841544289082
Fibroblast,CTDSPL,0.692481353564787,0.690859528286704
Fibroblast,PKNOX2,0.0980268511985297,0.0964068841455881
Fibroblast,COLEC10,0.0107902985074627,0.00924859893769109
Fibroblast,FGF11,0.0724381484437351,0.0709265146249041
Fibroblast,B3GALNT1,0.355165,0.353659014814735
Fibroblast,ALLC,0.0051803822556248,0.00367883226398584
Fibroblast,PMM1,0.995745135420148,0.994248760974452
Fibroblast,NT5DC2,0.794715538803776,0.793390682253288
Fibroblast,GOLGA7,1.46798017606823,1.46670293669763
Fibroblast,SLC9A5,0.0381692427386495,0.0369438430954781
Fibroblast,GGN,0.0287017867390308,0.0275125000815534
Fibroblast,CLDN11,0.394245883816924,0.393063198940261
Fibroblast,ADAMTSL5,0.0677330036180527,0.0666041547397039
Fibroblast,KCNIP3,0.0749400510757417,0.0738243547232629
Fibroblast,AZI2,1.21709802027369,1.21600166946013
Fibroblast,ARL9,0.0667635874641616,0.0658025742253384
Fibroblast,ARL6,0.17004485235435,0.169192503610909
Fibroblast,IGFL3,0.00774896750613435,0.00691729863829369
Fibroblast,CAND2,0.0718663212435235,0.0710399681070346
Fibroblast,CACNA1G,0.0292489809311717,0.0284262902951965
Fibroblast,SEC13,1.82358195573056,1.82276707431049
Fibroblast,RAD51AP2,0.0116032338308458,0.0108559394043613
Fibroblast,PRRG3,0.0979161445569215,0.0973333509324828
Fibroblast,SPATA22,0.00870264572272924,0.00814903830660648
Fibroblast,TMEM95,0.0063489666136725,0.00583087249098543
Fibroblast,ZC4H2,0.158558046454545,0.158108200135874
Fibroblast,NTMT2,0.00394200935008438,0.00349640981491156
Fibroblast,SPIN2A,0.035491734808531,0.0350577306187837
Fibroblast,KCNS2,0.00587013593604857,0.00547256726167968
Fibroblast,ODF3L1,0.0463504851120777,0.0460449485441097
Fibroblast,NACAD,0.0876081189035772,0.0873101315159512
Fibroblast,AKAP6,0.119640147190928,0.119611690111007
Fibroblast,GRK4,0.173457512953368,0.173429517815368
Fibroblast,CCL27,0.011314287034753,0.0112966104482998
Fibroblast,GDF6,0.0212272463752804,0.0212614733211389
Fibroblast,SLC16A8,0.0467164179104478,0.046764629932066
Fibroblast,ARHGEF33,0.0247896829452416,0.024885930806781
Fibroblast,SFRP1,0.49352220414051,0.493730799744126
Fibroblast,TAFA3,0.0143860103626943,0.01460311440462
Fibroblast,GADL1,0.00476284878820106,0.00499106150034278
Fibroblast,NOX4,0.428178207139987,0.428416108986827
Fibroblast,FNDC10,0.103220264857992,0.103485209025084
Fibroblast,MMP21,0.00406308589215578,0.0043365251910263
Fibroblast,GPR88,0.00844483684714019,0.00876412085322722
Fibroblast,GNRH2,0.00547718801707369,0.00587530790430387
Fibroblast,B3GLCT,0.231224118982592,0.231651324458587
Fibroblast,RCVRN,0.00984457756549575,0.0102732471971399
Fibroblast,TBX4,0.00557089268285867,0.00602065444364959
Fibroblast,YIPF7,0.0021769136232557,0.00266673712907327
Fibroblast,SYN1,0.0862556722839836,0.0868053658467821
Fibroblast,LVRN,0.012836894344567,0.0134042799864697
Fibroblast,ANKRD2,0.026465671641791,0.0270633203181556
Fibroblast,CAMK2A,0.028526576217079,0.0291974888806003
Fibroblast,BBS7,0.375359982815618,0.376036623534572
Fibroblast,TMEM132E,0.015501059823005,0.016245898570159
Fibroblast,RTL3,0.00828173302107729,0.00903193322021828
Fibroblast,HOXB5,0.196323469387755,0.197110622209282
Fibroblast,MAGEE1,0.0452968911917099,0.0461990256795646
Fibroblast,ADAM30,0.00061440269548527,0.00153102537028767
Fibroblast,CHMP6,0.603282683982684,0.604200097313352
Fibroblast,RASL10B,0.0359714049883661,0.0369032584418644
Fibroblast,GPR62,0.00396435805814931,0.00493853029088375
Fibroblast,GPR63,0.0407153925452826,0.0417215121333937
Fibroblast,TULP1,0.00461326530612244,0.00562105941115752
Fibroblast,SYNDIG1L,0.00404025360032311,0.00513330405893384
Fibroblast,MPP2,0.0456743016759777,0.0469079485870791
Fibroblast,CIDEA,0.0037900959558999,0.00504117314290179
Fibroblast,CBLN4,0.0331162162162162,0.0344250153796121
Fibroblast,CAMTA2,0.399420725388601,0.400745155667733
Fibroblast,RFPL4B,0.00265498836916207,0.00403980746411979
Fibroblast,ANKRD34C,0.000255314487073785,0.00164271035115891
Fibroblast,MAGEE2,0.00163720959330362,0.00302684354417427
Fibroblast,KCNK4,0.00429197138314785,0.00569500907360602
Fibroblast,CLEC2L,0.0268501620353576,0.0282859496919919
Fibroblast,CACNA1S,0.000755852347222371,0.00220949786954955
Fibroblast,ANKRD34A,0.0283967532467532,0.0298652710692162
Fibroblast,ABCG4,0.00413017428733022,0.00560893125981703
Fibroblast,OPTC,0.000125269649089123,0.00168878047330488
Fibroblast,EID3,0.214175083905416,0.215762683422444
Fibroblast,MYL7,0.00168040436480202,0.0032771414803923
Fibroblast,OR7C1,0.00178265562491983,0.00338764592254491
Fibroblast,TUBB6,2.05703961038961,2.05867116626527
Fibroblast,HAPLN4,0.00682897290063566,0.00850357404473302
Fibroblast,ADGRG4,0.00276288759644104,0.00445649289437353
Fibroblast,CNGA3,0.00127953067453172,0.00305344150821125
Fibroblast,RANBP3L,0.0529618274853802,0.0547801804921465
Fibroblast,SLC2A4,0.0841972873808996,0.086052654869207
Fibroblast,HCRTR2,0.00200979722039057,0.00389129095270089
Fibroblast,SLITRK3,0.00535387201190842,0.0072522193982752
Fibroblast,MYL3,0.0633953352758347,0.0653197696801434
Fibroblast,APOL5,0.00102271161863332,0.00294773676439545
Fibroblast,SEL1L2,0.00507195705229602,0.00702518211543197
Fibroblast,GTF2A1L,0.00275774506523921,0.00482870779016538
Fibroblast,ZNF540,0.0744226530969548,0.0765191691549998
Fibroblast,PDE1B,0.1490205028098,0.151132947849063
Fibroblast,WDR20,0.511052269756388,0.513178000611452
Fibroblast,MINAR1,0.0244811688311688,0.0266130764712284
Fibroblast,OR56B1,0.000500588955096829,0.00264459264345794
Fibroblast,TP53TG5,0.0113606204218372,0.0135189618405369
Fibroblast,CBARP,0.0402430167597765,0.0424092515807576
Fibroblast,CFAP300,0.248270311252993,0.250524176950898
Fibroblast,CGRRF1,0.505683333333334,0.507968465654011
Fibroblast,P2RX3,0.0006040218655764,0.0029666859482095
Fibroblast,RIMS4,0.00709120266684409,0.00950051350174582
Fibroblast,EQTN,0.00344109742705902,0.00587541245158328
Fibroblast,INSYN1,0.0115738043439406,0.0140280787072381
Fibroblast,HOXC12,0.000355569736054482,0.00281460621102416
Fibroblast,OR7A5,0.00135249247239879,0.00381360901978153
Fibroblast,TMEM229A,0.00154505111398762,0.00401708646722285
Fibroblast,PTGER3,0.219281818181818,0.221755823085669
Fibroblast,TRIM67,0.0012021297806779,0.00369206588658193
Fibroblast,HOXB2,0.917934414913868,0.920469178687964
Fibroblast,C3orf18,0.122939826839827,0.125492104250712
Fibroblast,SCN2B,0.0351159655766488,0.0376986937067192
Fibroblast,CABCOCO1,0.0988035913806864,0.101400962871134
Fibroblast,SSBP2,0.977157469829072,0.979785013084835
Fibroblast,IL24,0.066297619047619,0.0690521024077182
Fibroblast,IMPG1,0.00154265402843602,0.00431515156497245
Fibroblast,OXT,0.0854899243739771,0.0883359075118379
Fibroblast,DEFB124,0.0108707654100453,0.0137407107019329
Fibroblast,RTL9,0.00136396089757741,0.00442265036218319
Fibroblast,MMP27,0.000529207092673135,0.00359069031025454
Fibroblast,STXBP4,0.246571177666849,0.249642725943208
Fibroblast,PGPEP1L,0.00425997142878097,0.0073492995327207
Fibroblast,THEGL,0.00390691146027089,0.00700540383342725
Fibroblast,ITGB1BP2,0.0170888497092545,0.0202111727338786
Fibroblast,DYNC1I1,0.157497719556887,0.160642761838276
Fibroblast,OTOS,0.0017204991087344,0.00488321709042181
Fibroblast,RPE65,0.00140193945985137,0.00457578707866854
Fibroblast,ZNF354C,0.100589119170985,0.103774332100013
Fibroblast,HOXC4,0.0892384628262386,0.0924698169447287
Fibroblast,WDR25,0.269605172410657,0.272850198737196
Fibroblast,C11orf87,0.00530357807940296,0.00861536951164793
Fibroblast,C22orf31,0.0145204309656824,0.0178426685742998
Fibroblast,BMPER,0.1144075,0.1178013465393
Fibroblast,DRP2,0.00957723399856554,0.0129927599650939
Fibroblast,ST8SIA2,0.0373183559457303,0.0408174351936614
Fibroblast,KLF17,0.00737457438586523,0.0108897693514066
Fibroblast,TRIM51,0.00030878093733544,0.0038633852251825
Fibroblast,FGF18,0.133319365597433,0.136931683155649
Fibroblast,SHISAL1,0.068660710293606,0.0722880203270642
Fibroblast,DAZL,0.0069690763214195,0.0106550603204009
Fibroblast,METTL24,0.00900355450236966,0.012722297297967
Fibroblast,FAM43B,0.0342915981269577,0.038105006880122
Fibroblast,MMP17,0.10245581609832,0.10630252764861
Fibroblast,MALRD1,0.0262658234873686,0.0301420419334
Fibroblast,CMTM5,0.0246529850669788,0.0285977804082205
Fibroblast,KCNT1,0.0121471371275381,0.0161021951981149
Fibroblast,RIT2,0.000976473076801761,0.00493330432581249
Fibroblast,RADIL,0.0693837662337662,0.0733810139106494
Fibroblast,RAX,0.00130173539349801,0.00530604224306601
Fibroblast,SLC6A1,0.0904031878116268,0.0944436645417686
Fibroblast,LRRC3,0.0590610389610389,0.0631197762711897
Fibroblast,FNTB,0.228178120078739,0.232349678897517
Fibroblast,RAB9B,0.0672516496400263,0.0714246059588864
Fibroblast,FTSJ1,0.636668802688061,0.641024934539074
Fibroblast,CERS1,0.0163043267857905,0.020667872319167
Fibroblast,CRHR2,0.00158712939218068,0.00602285310889363
Fibroblast,PEG3,0.225621224125399,0.230085336183761
Fibroblast,RANBP9,0.567794872116275,0.572327516203029
Fibroblast,TMEM74,0.0132264533973019,0.01776094200115
Fibroblast,SNPH,0.0588715511388291,0.0634422674842726
Fibroblast,HECTD2,0.275440313449514,0.280037967368656
Fibroblast,DMRT3,0.0118900635930048,0.0165060235585885
Fibroblast,MYOZ2,0.00402462410930143,0.0086532886220706
Fibroblast,ARHGAP44,0.1982725,0.202926489030474
Fibroblast,FAM131B,0.0128379888268156,0.0175129148157667
Fibroblast,LHCGR,0.0022059526446781,0.00690577671779199
Fibroblast,SCN5A,0.0119661736038442,0.0166734096478347
Fibroblast,IGDCC3,0.00804453903852712,0.0128951993935251
Fibroblast,TBX5,0.0164001185868038,0.0213331294105072
Fibroblast,RIPPLY2,0.00861781990736769,0.0135508800706991
Fibroblast,CYP21A2,0.0241053546145891,0.029046181663295
Fibroblast,GLIPR1L1,0.0084434388308223,0.0134490248259542
Fibroblast,ACTN3,0.00243499762586077,0.00744911336792026
Fibroblast,LRRC66,0.0079368493272922,0.0130938010354433
Fibroblast,PTH2,0.00132717897980747,0.00649461826413271
Fibroblast,SHF,0.154803913080384,0.160073575795978
Fibroblast,SYT3,0.0080679917034462,0.0133964555479353
Fibroblast,DCTD,1.17317724986511,1.17851832624128
Fibroblast,RIN1,0.261728691784254,0.267128994607655
Fibroblast,SLC35G6,0.00242450014304692,0.00782974334269637
Fibroblast,CHRNA9,0.00189292585524952,0.00740273243887541
Fibroblast,PYY,0.00237434551742227,0.00794039215686275
Fibroblast,GDF5,0.0082985169609484,0.0138661834851196
Fibroblast,CEP57L1,0.349652474739608,0.355292023265317
Fibroblast,INCA1,0.0366763197343841,0.0423163538960054
Fibroblast,ZSCAN20,0.040081332601881,0.0457761404031021
Fibroblast,TMEM221,0.0132944159148297,0.019038918923505
Fibroblast,ATP2B3,0.00262795898825536,0.00841245792854857
Fibroblast,LRRTM1,0.00542433429305467,0.0112272397773382
Fibroblast,TNNI3K,0.00879192480768286,0.0146038170560714
Fibroblast,GLP2R,0.00318701969986094,0.00901113946361256
Fibroblast,HECW1,0.0310574063657267,0.0369994109317117
Fibroblast,LYRM9,0.36682280574625,0.372788384806327
Fibroblast,PPFIA2,0.1303329004329,0.136298896634654
Fibroblast,CER1,0.000372231285118724,0.00652991783506163
Fibroblast,AVIL,0.191089305666401,0.197252190414796
Fibroblast,RAMP1,1.14884545454545,1.1550105361996
Fibroblast,CELA2B,0.00151239481325029,0.00776141438139743
Fibroblast,SPESP1,0.119630697523427,0.125987955664851
Fibroblast,TRPC3,0.0116972134040192,0.0180571846199186
Fibroblast,FAT3,0.0644718595997386,0.0708545459303588
Fibroblast,SFXN5,0.339814280084057,0.346245159327152
Fibroblast,CTF1,0.0948890662410215,0.101324286227797
Fibroblast,GABBR1,0.386879028807543,0.3933208383706
Fibroblast,PLA2R1,0.308149080839862,0.31463755701006
Fibroblast,CARTPT,0.000323407043407044,0.00682435771396534
Fibroblast,CKMT2,0.0754442123533617,0.0819500718619091
Fibroblast,SMCO2,0.025668173746613,0.0321780150482515
Fibroblast,PAPOLB,0.00475497124261476,0.0112981508696687
Fibroblast,DMP1,0.00233768919078995,0.00913400526060905
Fibroblast,PLPPR5,0.0155070023101992,0.0223477590352267
Fibroblast,THPO,0.0197620963070653,0.0266861825739968
Fibroblast,LRRC18,0.00964249985465873,0.0166176089844159
Fibroblast,HAPLN2,0.00491164268986284,0.0120428965145704
Fibroblast,DDIT4L,0.102593774940144,0.109773278736703
Fibroblast,ZBTB47,0.0967566412019354,0.103958866976532
Fibroblast,RXRG,0.0222926406926407,0.0295101419776195
Fibroblast,CLTCL1,0.0865690343176376,0.0938584450275331
Fibroblast,LRRC49,0.200973579812851,0.208394021772193
Fibroblast,TSPAN16,0.0015336377994541,0.00895786477335236
Fibroblast,CMKLR2,0.0955138068635276,0.102945424252075
Fibroblast,RNF212,0.172763265306122,0.180297042270173
Fibroblast,DRD1,0.00996979591836736,0.0175444582216298
Fibroblast,ATP6V1G2,0.0646285714285714,0.0722733987073131
Fibroblast,ARHGDIG,0.00971639483740717,0.0174087040947197
Fibroblast,GPR135,0.0497447265773283,0.0574657369236889
Fibroblast,C8orf34,0.0801075510204083,0.0879877625174677
Fibroblast,GABRG1,0.00155711457621795,0.00952728287986666
Fibroblast,TMEM64,0.36969328358209,0.377707749587407
Fibroblast,SGCG,0.0124947307366508,0.020597925693497
Fibroblast,HIPK4,0.010440404040404,0.0185722679399824
Fibroblast,ACOX2,0.174259956709957,0.182417611901882
Fibroblast,MC2R,0.00106859706362153,0.00928131410563117
Fibroblast,PRCD,0.105261473567332,0.113493160464758
Fibroblast,SPSB4,0.0219634199134199,0.0302392104279286
Fibroblast,DCAF12L2,0.00491149703678362,0.0131980522325284
Fibroblast,HEPN1,0.00383631284916201,0.012130467288333
Fibroblast,BRMS1L,0.318758250707452,0.327097535494636
Fibroblast,ZBTB20,2.01118991106738,2.01957549232129
Fibroblast,LGI1,0.00897578214621593,0.0173908
Fibroblast,BTBD19,0.240003896103896,0.248423424291328
Fibroblast,NLGN3,0.0321416818274076,0.0405825870640197
Fibroblast,PXYLP1,0.234879718003089,0.243559514606478
Fibroblast,RFNG,0.513220303664498,0.522019538739324
Fibroblast,CBLN1,0.0196930988124683,0.0285226521035589
Fibroblast,ZNF25,0.292645274682713,0.301575585474986
Fibroblast,FOXL2,0.00458222179646559,0.0135736441573077
Fibroblast,CAV3,0.00311174305787889,0.0121133837984741
Fibroblast,PLCD4,0.0246757872080596,0.0336908998644768
Fibroblast,KCTD16,0.033934565393028,0.0429542747967732
Fibroblast,ABRA,0.0024486450317832,0.0114903678263475
Fibroblast,GALNT17,0.049504054054054,0.0586566033450429
Fibroblast,CNTN6,0.00596895450917797,0.0151599605417091
Fibroblast,SLC35D1,0.269540171323096,0.278835230840416
Fibroblast,USP11,1.20286407187835,1.21219825876914
Fibroblast,GPRASP2,0.159800649350649,0.169176867347096
Fibroblast,ZNF365,0.0613038307309456,0.07071896113534
Fibroblast,NPB,0.084307879918313,0.0937377401447251
Fibroblast,SLC35D3,0.00173399840383081,0.0112076426443528
Fibroblast,CYP19A1,0.0234075518278932,0.0328904162869072
Fibroblast,ANGPTL8,0.00628009367681499,0.0157780401241788
Fibroblast,SYT5,0.0226326570048309,0.0321575185848431
Fibroblast,ZNF660,0.10048658008658,0.110059166916935
Fibroblast,GLRB,0.1223025,0.13192148435579
Fibroblast,MAMSTR,0.0983457564881538,0.107972015751493
Fibroblast,CH25H,0.467107188257988,0.47676664734221
Fibroblast,PXDNL,0.0239744396119103,0.0336568339371812
Fibroblast,C8orf58,0.179661588783924,0.189406410669011
Fibroblast,PROB1,0.0410286683136462,0.050928971100267
Fibroblast,TCF23,0.00518895613270742,0.015204729405426
Fibroblast,RHOBTB2,0.195180511312344,0.205217518834157
Fibroblast,CACNG7,0.00124813415542157,0.0113577860980802
Fibroblast,ANGPTL7,0.0120756102176921,0.0222327393895209
Fibroblast,STARD13,0.583850000000001,0.594033937085563
Fibroblast,KCNJ6,0.0249746068919371,0.0351769242469466
Fibroblast,POLR2M,0.591627141284523,0.601921895100221
Fibroblast,GRIN2A,0.0485461038961039,0.0588509577045501
Fibroblast,HBZ,0.00811097055023696,0.0184568937149446
Fibroblast,STAT2,1.25139305348164,1.26176658101492
Fibroblast,CAVIN4,0.0371019406746295,0.047490934730426
Fibroblast,NCKIPSD,0.266641774891775,0.277041859803054
Fibroblast,SLC7A3,0.00471212121212121,0.0151620309511631
Fibroblast,WNT10B,0.0152700718276137,0.0257361235459321
Fibroblast,GHR,0.142740875137934,0.153229373897505
Fibroblast,INSRR,0.0120689619241436,0.0225747692214119
Fibroblast,CHST8,0.0233070117456199,0.0339386948465073
Fibroblast,SLC30A3,0.00940399042298485,0.0200809601493213
Fibroblast,FZD2,0.178405359275085,0.189274487006647
Fibroblast,NTRK3,0.167156449357748,0.178078667113625
Fibroblast,P2RX2,0.00237657310172926,0.013442910711251
Fibroblast,SSBP3,0.851719545878958,0.862804654387838
Fibroblast,GPR180,0.357926424870466,0.369197391120331
Fibroblast,NKD1,0.175372067039106,0.186766916010775
Fibroblast,TTC23,0.242888601036269,0.254291554510928
Fibroblast,RRAD,0.586974647492194,0.598382922528996
Fibroblast,TFE3,0.493678354978355,0.505150401935007
Fibroblast,KIAA1210,0.00598852157032638,0.0176033778696076
Fibroblast,C4orf45,0.002289785561691,0.013923077939258
Fibroblast,TG,0.0222956786184763,0.0339506764413564
Fibroblast,NTRK2,0.729290298507463,0.741063021090901
Fibroblast,TUB,0.109135272912165,0.120933614348523
Fibroblast,KCNA1,0.00832687526258115,0.0202326948568372
Fibroblast,ZCCHC12,0.0167217251148116,0.0286383811260708
Fibroblast,ADAM9,1.24540661128181,1.25733565394486
Fibroblast,ENTPD7,0.121930885873903,0.133891295244131
Fibroblast,NR1D1,0.347021596060742,0.359056680749246
Fibroblast,NDP,0.0184284974093264,0.030651429223763
Fibroblast,SRSF12,0.0788468135132842,0.0911916294710916
Fibroblast,GSG1L,0.00416416600159617,0.0166182106129292
Fibroblast,ZNF536,0.00585688231733059,0.0183708347258452
Fibroblast,EID2B,0.163996268656716,0.176538946939027
Fibroblast,C2CD6,0.032505225141482,0.0450601034700086
Fibroblast,HAND1,0.00677732816815154,0.0193828354965151
Fibroblast,CTNNA3,0.0306442382130285,0.0434657502759859
Fibroblast,ZNF568,0.226734557063049,0.239564088642614
Fibroblast,KCNAB3,0.0450477652391485,0.0579377625012283
Fibroblast,ZIM2,0.0148201929163295,0.0277724323113906
Fibroblast,PIANP,0.0476617351756569,0.0606148011405043
Fibroblast,MMP1,0.29323523803269,0.306199228790693
Fibroblast,DCHS2,0.0132328406621068,0.0261995998739058
Fibroblast,ASXL3,0.0364372775167533,0.0494096568795883
Fibroblast,ADRA2B,0.0435554031448645,0.0566307146028699
Fibroblast,ZNF843,0.0233799648096256,0.0364700921718616
Fibroblast,DIPK1C,0.013977779684719,0.0270979099834475
Fibroblast,MEIS1,0.660623834196892,0.673793092408532
Fibroblast,SERTM1,0.00277186009538952,0.0159994563968665
Fibroblast,SF3A2,0.787865396703847,0.801107027553458
Fibroblast,LCA5,0.288186850772167,0.301439807233132
Fibroblast,DBX2,0.00463377434520648,0.0180149697032377
Fibroblast,IGFN1,0.0129318669390355,0.0263496535894783
Fibroblast,AKNAD1,0.0373275510204081,0.0508006876370139
Fibroblast,EXT1,0.688215025906736,0.70169979582283
Fibroblast,GPR75,0.00732962560386474,0.0208238709340543
Fibroblast,ZNF34,0.181158871052082,0.194672756597494
Fibroblast,TSPYL5,0.227057620509533,0.240673569470009
Fibroblast,ADGRB2,0.0618293753394981,0.0754560504933997
Fibroblast,FADS2,0.56610612817873,0.579811849588539
Fibroblast,LHFPL4,0.0346875339911529,0.0484356099920677
Fibroblast,BBS12,0.109398013779104,0.123188802251096
Fibroblast,SBSN,0.023548218941576,0.0374775895790641
Fibroblast,CNTFR,0.0301999999999999,0.044396887211578
Fibroblast,CST4,0.0363654864975995,0.0506216647652081
Fibroblast,GAS6,2.0387475,2.05302029298274
Fibroblast,F2R,1.72630158880414,1.74059864983108
Fibroblast,ANO4,0.0139813781172124,0.0285165918254185
Fibroblast,GDI1,1.33873376623377,1.35340686473676
Fibroblast,NDST3,0.00961979794395795,0.0243074771359808
Fibroblast,MTMR11,0.329678596908763,0.344377716488096
Fibroblast,C9orf50,0.0191380268264311,0.0339528844042437
Fibroblast,MCHR1,0.0239076939949473,0.038724464481128
Fibroblast,ARL4D,0.638812813716997,0.653694760512604
Fibroblast,NETO1,0.0282092577813248,0.0432672222486578
Fibroblast,DPYSL4,0.105264105221181,0.120322712055604
Fibroblast,NPAS4,0.0104036269430052,0.0255268759576957
Fibroblast,GATA5,0.0127092704718271,0.027901086544467
Fibroblast,CCDC89,0.0337974793828146,0.0490096949375808
Fibroblast,NCS1,0.267873081311131,0.283096607819855
Fibroblast,TUBG2,0.375766017316017,0.391037208060095
Fibroblast,ADCY9,0.229319218466547,0.24468679091547
Fibroblast,C1orf52,0.896937284000479,0.912411257926948
Fibroblast,TMEM190,0.00631721600379358,0.0218802196067376
Fibroblast,WNT5B,0.138826114651076,0.154435046005955
Fibroblast,ADGRL3,0.126900975912855,0.142694960176022
Fibroblast,PTGER1,0.0791348203266183,0.0951097359465125
Fibroblast,EXTL1,0.0162514704178975,0.0322387973751598
Fibroblast,SNX31,0.021013682652336,0.0370331394779735
Fibroblast,MYO1D,0.599320127836329,0.615370023440936
Fibroblast,ST6GAL2,0.0960179658748746,0.11214657850974
Fibroblast,PTPRS,0.602464134721146,0.618832450403769
Fibroblast,KCNK2,0.0259529850746269,0.0425460659300592
Fibroblast,FNTA,1.3178689119171,1.33446473869002
Fibroblast,PPDPFL,0.00132498478865142,0.0179860711917606
Fibroblast,SLN,0.018743693542991,0.0355870945382752
Fibroblast,ADRA2C,0.0397549129848535,0.0567231704083665
Fibroblast,TNFAIP8L3,0.128943258326977,0.145966593358018
Fibroblast,TTLL11,0.0647741461415671,0.0819078048707876
Fibroblast,SRRM4,0.0144287350393592,0.0316476106097766
Fibroblast,FZD9,0.00790274917093017,0.0251764499246251
Fibroblast,TCEAL5,0.0477167517561383,0.0651055877831613
Fibroblast,KIAA1614,0.100347340247574,0.117825901584265
Fibroblast,PKNOX1,0.522798069773364,0.540308088633682
Fibroblast,THAP3,0.457961532322426,0.475478872228791
Fibroblast,IHO1,0.0549813471502591,0.0725751494213012
Fibroblast,SYCE1,0.0223424891267983,0.0400511306944013
Fibroblast,MPZ,0.0448875198887125,0.0626537089392675
Fibroblast,DLX1,0.0120055435957548,0.0297981934496311
Fibroblast,TAC4,0.00308176647708264,0.0208844292715884
Fibroblast,PPP1R3C,0.197893290908778,0.21570891271981
Fibroblast,DAB1,0.0258742609072951,0.0438707090149471
Fibroblast,TAC1,0.0254654166186639,0.04348086250815
Fibroblast,ZNF208,0.105593265306122,0.123685968487497
Fibroblast,MYOM1,0.105585680829709,0.123733058223997
Fibroblast,AKR1B15,0.00947798535502621,0.0276719117681025
Fibroblast,CHRNA1,0.047639378238342,0.0659760801758446
Fibroblast,RBM20,0.0273937135132321,0.045804359198327
Fibroblast,RHBDL3,0.0137887107030341,0.0323444016983489
Fibroblast,SLITRK4,0.0899409326424873,0.108537524214803
Fibroblast,SEMA5B,0.133571763131482,0.152279432941321
Fibroblast,NEFM,0.0756816242429709,0.0944077372210657
Fibroblast,SCG2,0.241558590155061,0.260425665957478
Fibroblast,KCNG2,0.0200058260175579,0.0390069568938686
Fibroblast,CHRNA3,0.0119923781392952,0.0310136668244608
Fibroblast,MAN1C1,0.251408085601545,0.270443885478095
Fibroblast,GSTM4,0.662612758591418,0.681753629697134
Fibroblast,MROH9,0.00332438942790231,0.0226171754487804
Fibroblast,CERS5,0.753972020725389,0.773267371566389
Fibroblast,SLC35F1,0.0902795239003306,0.109631860221315
Fibroblast,TNNT3,0.0611562604836984,0.0805542990156972
Fibroblast,TMEM35A,0.0657584479283517,0.0852102682101567
Fibroblast,PHF21B,0.00992050724637681,0.0293764691175378
Fibroblast,VEGFB,0.738568812369932,0.758163442056993
Fibroblast,ROBO2,0.150391774891775,0.170029430060517
Fibroblast,KCNK3,0.0968722294245568,0.116611479897467
Fibroblast,B4GALNT1,0.15844274595106,0.178194028513882
Fibroblast,PRDM5,0.135401243781095,0.155346036140874
Fibroblast,PCYT1B,0.0149640747862481,0.0350037673351622
Fibroblast,FAM178B,0.0385465283320032,0.0586037909617827
Fibroblast,CYP11A1,0.026413892787418,0.0465238213563954
Fibroblast,GAP43,0.130670984455959,0.151001882072564
Fibroblast,ZFHX4,0.2295675,0.250055719271344
Fibroblast,FOXD2,0.0422219139333842,0.0627118667083781
Fibroblast,PGBD1,0.158676572447161,0.179319349777373
Fibroblast,SHC3,0.057247619047619,0.0779168720061785
Fibroblast,ZFP37,0.081574461292897,0.102327125680085
Fibroblast,SPEG,0.156963560318644,0.177831822860542
Fibroblast,UCN2,0.0122439140440679,0.0332113256649541
Fibroblast,NPTX2,0.200379487028582,0.221456712293317
Fibroblast,CEMIP,0.147127710761813,0.168472529917145
Fibroblast,CNIH2,0.0209016759776536,0.0422900607454333
Fibroblast,WFIKKN2,0.00202946544871005,0.0234295883962847
Fibroblast,RORB,0.075440158822111,0.0968642190655251
Fibroblast,BRINP2,0.00368848359370098,0.0251417337841957
Fibroblast,MOB3C,0.232060175578611,0.253603932410937
Fibroblast,SORCS3,0.00646794118286833,0.0280297225495367
Fibroblast,RBM24,0.0630217079010375,0.0846995465375275
Fibroblast,ACTN2,0.037213567230421,0.0590313025547218
Fibroblast,MYO15A,0.0388373674377648,0.0606851299479342
Fibroblast,SLC6A9,0.133732467532467,0.155603704249031
Fibroblast,EYA4,0.0548733942723163,0.0769845508695123
Fibroblast,CAMK1G,0.0470615905068996,0.0691834819848592
Fibroblast,GAREM2,0.101017050691799,0.123272840789826
Fibroblast,KCTD17,0.276135618244911,0.298543770783309
Fibroblast,NOG,0.0127512437810945,0.0353371003647513
Fibroblast,ADCY2,0.04313200202571,0.0657902504348534
Fibroblast,PDE1C,0.104230545677166,0.126958928434324
Fibroblast,MYL10,0.00275180197349009,0.025581449938869
Fibroblast,SHANK1,0.00287582186312323,0.0257699947260153
Fibroblast,ANO3,0.0176771327934786,0.0406225200495128
Fibroblast,KIFAP3,0.814994278606965,0.83803905719808
Fibroblast,PLA2G2A,0.73300207253886,0.756202501246412
Fibroblast,INSYN2B,0.00420727568143413,0.0275802333336767
Fibroblast,BRSK2,0.028681273330235,0.0521372677524912
Fibroblast,PGAP1,0.4038475,0.427335401665044
Fibroblast,FAM131A,0.343551053905331,0.367046751656394
Fibroblast,ARL10,0.151626190476191,0.175150209668385
Fibroblast,NCAM2,0.1239625,0.147491352368122
Fibroblast,GDAP1L1,0.00400728066891579,0.0275559490078725
Fibroblast,NFIL3,0.779565151515152,0.803541686697479
Fibroblast,MKX,0.0342975498291822,0.0584911648473311
Fibroblast,IFT52,0.759999815026697,0.784241659195202
Fibroblast,RSPH9,0.0961965174129351,0.120559332760521
Fibroblast,HPSE2,0.0207438540870894,0.0451701650412309
Fibroblast,RTN2,0.384484280981247,0.409016685691598
Fibroblast,LSM1,1.52208450037701,1.54667129380182
Fibroblast,PELI2,0.281618201413574,0.306209048086385
Fibroblast,RSPO1,0.0507428571428572,0.0753818839461337
Fibroblast,IBSP,0.0280907997837496,0.052748988298044
Fibroblast,PRR5,0.39945,0.424150447331602
Fibroblast,HSPB3,0.00567149411846833,0.0304296313130358
Fibroblast,DET1,0.153215349583015,0.178068723144744
Fibroblast,GPSM1,0.221898507462686,0.246851163856799
Fibroblast,DIP2C,0.436969236079456,0.462355754539908
Fibroblast,NOTUM,0.0557450450001814,0.0812171027192552
Fibroblast,KCNT2,0.098661134580023,0.124224581833708
Fibroblast,MEGF10,0.02237547643232,0.0479593782364681
Fibroblast,GABRA4,0.00563366343258615,0.0313009577827035
Fibroblast,CPA1,0.0119650431532689,0.0376345653866859
Fibroblast,HR,0.0777492418196329,0.103514663217413
Fibroblast,C22orf15,0.012964709539103,0.0388060384473514
Fibroblast,ADAM22,0.0782341185313609,0.104151763852474
Fibroblast,SFRP5,0.00500635930047694,0.0309455162866107
Fibroblast,EFNB3,0.0727777551020408,0.0987956336937472
Fibroblast,TTC8,0.4033975,0.429594460824741
Fibroblast,PRKAB2,0.419325652321534,0.445588555865768
Fibroblast,IP6K1,0.523502187972692,0.549846448023636
Fibroblast,C20orf203,0.00514275627678326,0.0315936714782833
Fibroblast,ZNF474,0.0101183247864547,0.0367763084191567
Fibroblast,SYT4,0.00341025690212894,0.030102915947131
Fibroblast,ARHGEF19,0.216897905646423,0.243661841158302
Fibroblast,CNIH3,0.189194278606965,0.215989302171687
Fibroblast,BCL9L,0.441416440542698,0.46830907729302
Fibroblast,BARX1,0.0282336403723308,0.0551683839700475
Fibroblast,ARMH4,0.317131763766959,0.344139606257367
Fibroblast,SH3BGR,0.148641050088991,0.175655831322161
Fibroblast,PCSK2,0.014380358518531,0.0414753736358542
Fibroblast,FAM216A,0.237251330956625,0.264374667436398
Fibroblast,KIF5A,0.0132,0.0404112871009721
Fibroblast,DUSP15,0.0784927661047287,0.105812804323522
Fibroblast,NKX6-1,0.0125007496628502,0.0398334631789133
Fibroblast,GJB2,0.417051990049751,0.444548792968641
Fibroblast,KLHL33,0.000984519736293083,0.0285864020584253
Fibroblast,GPR78,0.011361734712522,0.03900450097596
Fibroblast,DYNC2H1,0.442640702314445,0.470307149644551
Fibroblast,PCSK1,0.0958605976304456,0.123588343343325
Fibroblast,KLF15,0.06953,0.097281125801303
Fibroblast,TSPYL4,0.401884279889119,0.429738969296655
Fibroblast,SORCS1,0.00797853232387056,0.0358461090282407
Fibroblast,ADCYAP1R1,0.0177572124724071,0.0456681326072229
Fibroblast,SCUBE3,0.075142288557214,0.103228561668435
Fibroblast,BRINP3,0.00637777350213569,0.0344786091873169
Fibroblast,ZNF625,0.0720062176165803,0.100202826205967
Fibroblast,COL25A1,0.0118310144927536,0.0401966880517372
Fibroblast,AK3,1.48665170227852,1.51504616263541
Fibroblast,PMP2,0.00439117079164472,0.0335102853337909
Fibroblast,FNDC5,0.0245721393034826,0.0536924730789126
Fibroblast,HOXA2,0.0182925014854427,0.0476598635629764
Fibroblast,TAFA5,0.0980776662451012,0.127664807924201
Fibroblast,PTPRN,0.0755799084415808,0.105283170499691
Fibroblast,MC1R,0.0933561444407023,0.123063828935264
Fibroblast,CACNB1,0.0869455689041444,0.116656151778873
Fibroblast,CEND1,0.0320907877780642,0.0618948330029271
Fibroblast,WDR19,0.23337629688747,0.263181792087399
Fibroblast,LRRC4C,0.108371228417873,0.138241223404026
Fibroblast,ECRG4,0.329239058278618,0.359130382650524
Fibroblast,GRIK3,0.0151126168178694,0.0451164056845254
Fibroblast,HFM1,0.0110453312051077,0.0410620938549953
Fibroblast,KIAA0408,0.0254426389165962,0.0555883939765485
Fibroblast,ADGRG2,0.0387461038961039,0.0689407159316226
Fibroblast,ASTN1,0.00919541665700388,0.0396688888888889
Fibroblast,ZNF667,0.157699226720991,0.188184651764336
Fibroblast,TRABD2B,0.0814976855546688,0.111996101854025
Fibroblast,FOXG1,0.00590411343709973,0.0364288775412922
Fibroblast,GRIA1,0.00371052102341094,0.0343793085102465
Fibroblast,EMC1,0.521542775577217,0.552212893519624
Fibroblast,NRSN2,0.42049739166248,0.451177113481724
Fibroblast,MUSK,0.012113742118182,0.0428885708084712
Fibroblast,NDNF,0.119196734693878,0.150093272148387
Fibroblast,GRIA3,0.0623158916025426,0.0932452937165321
Fibroblast,WNT11,0.0491957321110263,0.0802239429376093
Fibroblast,MED8,0.990553013512466,1.02171987847645
Fibroblast,XPNPEP2,0.0654731296154826,0.0967186699090913
Fibroblast,SV2A,0.194051829360602,0.225310362006408
Fibroblast,STX8,1.20709651741294,1.23835837395037
Fibroblast,MAST2,0.316805411255411,0.348167122773978
Fibroblast,HOXC8,0.0919670111287758,0.123336507112382
Fibroblast,CACNA1E,0.00872885034043559,0.0403223177705648
Fibroblast,PTPRD,0.256051082251082,0.287706829209376
Fibroblast,CACNA1A,0.12190255387071,0.153572539597354
Fibroblast,ARMCX4,0.19113160415004,0.222846876752548
Fibroblast,CLDN19,0.00708783819360065,0.0389655383203593
Fibroblast,SMTNL2,0.0408459586055589,0.0728524215465325
Fibroblast,GATA6,0.327355844155844,0.359393290387741
Fibroblast,PTH1R,0.181639378238342,0.213717390878702
Fibroblast,GRM8,0.0312602092750513,0.0635069908908371
Fibroblast,GOLGA2,1.30216510701004,1.33457910798043
Fibroblast,CYS1,0.115895887445887,0.148415188516734
Fibroblast,CXCL6,0.309589963198394,0.342119180499876
Fibroblast,CLIP2,0.352740298507463,0.385277076385276
Fibroblast,LAMA1,0.0821097014925377,0.114863485638048
Fibroblast,CACNB2,0.190962437810945,0.224082401903857
Fibroblast,BDNF,0.0607643389873976,0.0941102437523606
Fibroblast,MAGED1,1.50326174926495,1.53668174766288
Fibroblast,EEF1AKMT3,0.238168396276474,0.271671464822041
Fibroblast,RSPO4,0.0119633342111264,0.0456716932879613
Fibroblast,APLP1,0.120722279792746,0.154479311954797
Fibroblast,FBN2,0.103101298701299,0.13688244011381
Fibroblast,ARNT,0.574973708833766,0.608788078938652
Fibroblast,CC2D2A,0.407415236489761,0.441248646758599
Fibroblast,RNF217,0.391750814058974,0.425606483476509
Fibroblast,TMSB15A,0.143187022479029,0.177172569051277
Fibroblast,NUDT10,0.0404730612244899,0.0747007885428932
Fibroblast,SLC38A4,0.0399347548777479,0.0742328801464162
Fibroblast,XYLT1,0.251419651741294,0.285784153781676
Fibroblast,RSPO2,0.0041668873208035,0.0385417192665318
Fibroblast,NUDT11,0.152624721780604,0.187014395512324
Fibroblast,NPFFR2,0.0143639588774589,0.04882771908594
Fibroblast,RYR2,0.136931870005083,0.171474186480685
Fibroblast,UST,0.127505586592179,0.162108788225743
Fibroblast,PF4,0.0076514734299517,0.0423093351933706
Fibroblast,GPR21,0.00568356378063453,0.0411160548025246
Fibroblast,SLC10A3,0.510890279318695,0.546397075153189
Fibroblast,SNAP91,0.00427887681159421,0.039802321493493
Fibroblast,ATP1B2,0.224068996239859,0.260126970679882
Fibroblast,RDH5,0.16668394533571,0.202751942406223
Fibroblast,KAZN,0.45328044751613,0.489592104349008
Fibroblast,FGF13,0.208896368903,0.245617380421229
Fibroblast,ZNF662,0.134028497409326,0.17081022937346
Fibroblast,TBC1D19,0.282968556278093,0.319932400244281
Fibroblast,ATP10D,0.493112953367876,0.530320925634053
Fibroblast,FAM168A,0.368109816440543,0.405388123676468
Fibroblast,HPR,0.00792942131358174,0.0453765735401215
Fibroblast,PAPPA2,0.0102591167614587,0.0479984794913383
Fibroblast,ELOVL2,0.0822713009779983,0.120038736812544
Fibroblast,ARHGAP28,0.124809523809524,0.162748477661619
Fibroblast,NKAIN4,0.0185936066547831,0.0565686581076326
Fibroblast,GTDC1,0.36358624641904,0.401863225840124
Fibroblast,SH3D19,0.732960893854749,0.771272749952592
Fibroblast,TENM1,0.0543256756756757,0.0926899920309018
Fibroblast,APBB1,0.43641241826684,0.474814613454776
Fibroblast,CPEB1,0.0524499627171574,0.0910516102096869
Fibroblast,NICN1,0.181968052086548,0.221101516127647
Fibroblast,OMG,0.0287249892939417,0.0679181304466902
Fibroblast,MS4A15,0.00199696802142071,0.0411924449298416
Fibroblast,ZNF70,0.0761425,0.115471545534766
Fibroblast,KCND2,0.150672020725388,0.190121737706369
Fibroblast,BVES,0.0697759838264523,0.109477254044275
Fibroblast,ZNF135,0.132028586956522,0.171788483758279
Fibroblast,ADGRB3,0.0598577103587336,0.0997488362313848
Fibroblast,CPS1,0.0599180367118915,0.100296817854417
Fibroblast,ADH1A,0.00554879721328074,0.0460441211130911
Fibroblast,AKAP11,0.570770391061453,0.611312246198665
Fibroblast,TNS3,0.963729152642447,1.00438695504827
Fibroblast,GRP,0.169410709666235,0.210157987470287
Fibroblast,EN1,0.0207324307655561,0.0614987099234368
Fibroblast,NPTX1,0.026312719472087,0.0671168341291663
Fibroblast,CYP2E1,0.0278792207792208,0.0687860104376026
Fibroblast,GALNT8,0.00902093838904703,0.0499778993991159
Fibroblast,MEST,1.10915389610389,1.15017905619324
Fibroblast,ST6GALNAC5,0.1239625,0.165547417170191
Fibroblast,ENOX1,0.138059067357513,0.179677159886825
Fibroblast,SEPTIN5,0.0979320884965093,0.139582872033906
Fibroblast,H2AX,0.913044955391906,0.954825014377807
Fibroblast,CADM3,0.128620727133113,0.170465218500006
Fibroblast,C5orf46,0.0945555365071507,0.136505172156986
Fibroblast,CORO2B,0.0607445945945946,0.102955565795017
Fibroblast,FREM1,0.0800837988826815,0.122430728907824
Fibroblast,PRRC1,0.747930507642128,0.790393195599081
Fibroblast,ELANE,0.0367747007182761,0.079889638569643
Fibroblast,SNTB1,0.283662975463998,0.326835075411331
Fibroblast,C6,0.0237559585492228,0.0670473673871516
Fibroblast,TMEM130,0.114276869795825,0.157740931312696
Fibroblast,LGR5,0.0308134876296888,0.0743781362578629
Fibroblast,GRIA4,0.0125588442605813,0.0563124679129665
Fibroblast,GPR173,0.0521659606219986,0.0963307035726923
Fibroblast,SLC25A12,0.327530111294513,0.37189315420954
Fibroblast,GARNL3,0.0694122979798018,0.113906806487096
Fibroblast,PLCD3,0.253484974093264,0.298060167929879
Fibroblast,FAM216B,0.00728400767068987,0.0519237497162893
Fibroblast,FMN2,0.0223016146495841,0.0669508441032525
Fibroblast,TET1,0.219478932801483,0.264234613049061
Fibroblast,COL24A1,0.118495021645022,0.16339437490398
Fibroblast,SFXN3,0.717980134080935,0.762923138432192
Fibroblast,LRRN2,0.0554357142857143,0.100381954976649
Fibroblast,ISL1,0.0277266034737754,0.0729739939002884
Fibroblast,DTNA,0.22678406751988,0.272126971660117
Fibroblast,ELAPOR2,0.157995021645022,0.203594998579047
Fibroblast,PDZRN4,0.0452758978451716,0.0911188287607441
Fibroblast,RNF150,0.171019952114924,0.21689235759636
Fibroblast,KCNA5,0.0820445331205108,0.128185392157193
Fibroblast,SLC52A2,0.925260670449757,0.971635826045913
Fibroblast,MBTPS1,1.08122226448466,1.12763978549608
Fibroblast,TRIM9,0.0507501702491839,0.0973383743616658
Fibroblast,SRR,0.181279274611399,0.228497813747527
Fibroblast,NISCH,0.637274062250599,0.684720495087087
Fibroblast,SACS,0.280729488691778,0.328228700904732
Fibroblast,LARGE1,0.215437917329094,0.263109984751374
Fibroblast,CPA4,0.0319155844155844,0.0797540553699579
Fibroblast,UROD,1.28687429505136,1.33511581728408
Fibroblast,PAK3,0.115583796646397,0.164111138597373
Fibroblast,TEX26,0.00793038468345609,0.056523304566257
Fibroblast,CFHR1,0.0283575129533679,0.0774091037061785
Fibroblast,DYRK4,0.604292946859903,0.653569564477177
Fibroblast,TMF1,1.24609257781325,1.29559144363012
Fibroblast,CAMK2D,0.795615764773984,0.845178762414493
Fibroblast,PLCL1,0.196461292897047,0.246199517932944
Fibroblast,ICE1,0.622220694338341,0.672388918480826
Fibroblast,SHISA6,0.00945958868662873,0.0597383259995792
Fibroblast,TMEM132C,0.0282736136227269,0.0786303121142382
Fibroblast,GLB1L,0.17119418210962,0.221632847258478
Fibroblast,TMEM59L,0.0994784517158819,0.150081651660909
Fibroblast,IMPDH2,2.16532012987013,2.21597341664924
Fibroblast,ALDH1A3,0.609298356358455,0.660139318187233
Fibroblast,MMP16,0.176941089843721,0.228491947915207
Fibroblast,NALCN,0.0597188311688312,0.111306823235927
Fibroblast,ZFPM1,0.114633235854812,0.166311219639774
Fibroblast,ZNF846,0.239763469387755,0.29170421010366
Fibroblast,MUSTN1,0.00375985507246377,0.0557630129335685
Fibroblast,SATB2,0.133815619217384,0.185938303775467
Fibroblast,CSRNP3,0.188909736632083,0.241257732296229
Fibroblast,FAM98A,0.6010526735834,0.653592847792118
Fibroblast,CLSTN2,0.114534644136429,0.167331156995463
Fibroblast,ECEL1,0.04741971501564,0.100387179220835
Fibroblast,RGS6,0.0227833241287885,0.0757865983459058
Fibroblast,NLGN4X,0.0994110754604871,0.153236940908364
Fibroblast,ALKAL2,0.0712674999999999,0.125209134473826
Fibroblast,TENM3,0.268983968812872,0.323319512841443
Fibroblast,TYRP1,0.0149563382620381,0.0693136025564399
Fibroblast,FRMD1,0.00432042533322567,0.0588592954734356
Fibroblast,ZNF835,0.0318126865671642,0.08686703859641
Fibroblast,SLC22A11,0.00606968965919296,0.0612699745341275
Fibroblast,MAB21L2,0.00912673917856338,0.0645603174340867
Fibroblast,IFFO1,0.48509220897422,0.540698606836378
Fibroblast,COL9A1,0.0386977277297176,0.0943636380555017
Fibroblast,MAP6,0.0670476683937823,0.122946730364162
Fibroblast,TUBB2A,1.25224663212435,1.3081815565815
Fibroblast,GRID2,0.00343372660021724,0.060441111412276
Fibroblast,ACKR4,0.094832683982684,0.152262083719014
Fibroblast,NOVA1,0.463183640211227,0.52066801037577
Fibroblast,MAPK8IP1,0.149556985048945,0.208298081953948
Fibroblast,MUC12,0.251725550065335,0.310874784373673
Fibroblast,TFPI,2.36271364724661,2.4221596128199
Fibroblast,LUZP2,0.0250335425261041,0.0848827198258554
Fibroblast,FBXL13,0.0770047701078265,0.136988299674606
Fibroblast,ZNF565,0.134253306588399,0.195008483791717
Fibroblast,SPATA6,0.313619259825142,0.375044096100489
Fibroblast,HDLBP,2.66085779220779,2.72302761992768
Fibroblast,TNFSF11,0.0696736055416305,0.1324885750688
Fibroblast,LRRC71,0.00359379196869485,0.0671211108939646
Fibroblast,ANKDD1A,0.21236058587917,0.275940945855789
Fibroblast,NBPF9,0.242302154828412,0.306334153735294
Fibroblast,BMP8A,0.0337817819455319,0.0982449539517737
Fibroblast,DLG2,0.136530303030303,0.20144959618981
Fibroblast,NUDT4,1.65886742156358,1.72418246706062
Fibroblast,LSAMP,0.413755956641516,0.479127463903203
Fibroblast,SCTR,0.0076153344208809,0.0733732369799033
Fibroblast,MGAT4C,0.0147410920619088,0.0806410203238805
Fibroblast,PTK2,1.41964353557582,1.4856233533343
Fibroblast,MAB21L1,0.0386670508096763,0.105010190963017
Fibroblast,TRO,0.151940414507772,0.21856865782349
Fibroblast,ADGRL1,0.241278022453116,0.308713262290624
Fibroblast,PLP1,0.0431524060236483,0.11114218532503
Fibroblast,PRKD1,0.240764718614718,0.30971531127632
Fibroblast,PLXNA1,0.40562282662716,0.47545044324156
Fibroblast,CCBE1,0.221779369124699,0.292059069960209
Fibroblast,UCHL1,0.597141450777201,0.667720076320014
Fibroblast,AMOTL2,0.650886929223079,0.721622121324785
Fibroblast,CRAT,0.486263992539269,0.557037777883309
Fibroblast,LRRC10B,0.0521427839578455,0.123149354845072
Fibroblast,SST,0.0262657719385466,0.0977295041231965
Fibroblast,IRX4,0.0096137499072393,0.0813058505072856
Fibroblast,PSD3,0.561174156210632,0.633819334030332
Fibroblast,LYPD1,0.155846467073481,0.229074630371456
Fibroblast,ALDH1B1,0.420410447761194,0.494140251605713
Fibroblast,RGS22,0.0318581176608172,0.105696686113813
Fibroblast,HACD1,0.299845293889712,0.374117058104046
Fibroblast,PDE8B,0.111116666666666,0.185951020614762
Fibroblast,LLGL1,0.177009066272673,0.25204740758523
Fibroblast,FLCN,0.499985,0.57520211187785
Fibroblast,ELAVL3,0.0111229760705421,0.0873094663838085
Fibroblast,DLX5,0.140920492467095,0.21762036148475
Fibroblast,SAMD4A,0.465125461079775,0.542107614475096
Fibroblast,AASS,0.408622665602554,0.486327887055138
Fibroblast,IFT57,1.50579142857143,1.58430566623018
Fibroblast,PFN2,1.44329017616533,1.52221236814135
Fibroblast,DEPP1,1.69463463203463,1.77410922732207
Fibroblast,NNAT,0.0208600341036573,0.101123826239455
Fibroblast,SBSPON,0.218602226079175,0.298953840320699
Fibroblast,MASP1,0.113127617369859,0.193885148254992
Fibroblast,FAM172A,0.688463093669871,0.769360808143428
Fibroblast,FLRT2,0.387587810945274,0.469357775230228
Fibroblast,ARMC2,0.0922812935418256,0.175782647227868
Fibroblast,ARMC9,0.385748507462687,0.469567400067715
Fibroblast,STAR,0.0385024640373737,0.124021689172667
Fibroblast,TMEFF2,0.0126692102026535,0.0982222491562536
Fibroblast,VSNL1,0.192584693461826,0.278882917016922
Fibroblast,SCRG1,0.109611255411255,0.196021122145325
Fibroblast,ATP1A2,0.1302075,0.217116356651187
Fibroblast,SALL1,0.0277571832439276,0.116504179514888
Fibroblast,L1TD1,0.0813004975124378,0.170339704445251
Fibroblast,MAML2,0.644814759089754,0.734656618207855
Fibroblast,AGT,0.688037764588855,0.779104304657184
Fibroblast,SLC22A2,0.0041598862495818,0.0960876805582818
Fibroblast,CLEC18B,0.0149412000426144,0.107695923379359
Fibroblast,FADS1,0.715853356424537,0.809624912134154
Fibroblast,CDH19,0.0547080086580086,0.148880030254
Fibroblast,SRGAP1,0.795898882681564,0.892158003336369
Fibroblast,BBS9,0.220969513168396,0.318465452610407
Fibroblast,BCL6,0.718649625133992,0.817042839315315
Fibroblast,KHDRBS3,0.336324373054778,0.439178603560875
Fibroblast,PDS5B,0.85213280623741,0.955691388986943
Fibroblast,STMN4,0.0034857043006209,0.107863211362248
Fibroblast,CRABP1,0.0437348192997843,0.150033845276019
Fibroblast,CDH2,0.21809481865285,0.324676152358967
Fibroblast,BCAS3,0.428261428571429,0.535368922154388
Fibroblast,MLLT11,0.524665033053649,0.632690562413826
Fibroblast,HSD17B6,0.217878979591837,0.326757153875855
Fibroblast,OR51E2,0.0526081404628891,0.161922390192283
Fibroblast,JAM3,0.776408051106025,0.885813730427727
Fibroblast,SORBS1,0.375483982683983,0.489558071301303
Fibroblast,HOXB7,0.454584647313471,0.569994238751605
Fibroblast,CDX1,0.0501450407698202,0.166073730252152
Fibroblast,TMEM100,0.302878227565666,0.41897113119972
Fibroblast,CNTN1,0.172793446893895,0.291027634663026
Fibroblast,ARC,0.247691993944881,0.366340098662801
Fibroblast,GPM6B,0.685816917052754,0.80996019652063
Fibroblast,TEAD1,0.770025000000001,0.895652791846422
Fibroblast,PTGES,0.481939041526215,0.610110035731619
Fibroblast,HAO2,0.000969649041003038,0.134250931687242
Fibroblast,NR1H4,0.0193501840080294,0.153878054914344
Fibroblast,WT1,0.0617687948922584,0.197955110908265
Fibroblast,SOST,0.00733369016956013,0.144432726710549
Fibroblast,ELMOD1,0.0308214475658637,0.168247621320329
Fibroblast,MME,0.294718627444797,0.438821164689287
Fibroblast,MAGI2,0.144580522501907,0.289434994741944
Fibroblast,GLIS3,0.440771096681097,0.589897695041357
Fibroblast,TUBB3,0.058471622717664,0.216738755368655
Fibroblast,FGF5,0.0251891799622609,0.183966217429229
Fibroblast,ADRA1A,0.00682586149213784,0.166014728122256
Fibroblast,SHC4,0.0345731913464519,0.202605407323314
Fibroblast,FDCSP,0.0959427313112738,0.266119088759003
Fibroblast,SIX1,0.19415197908254,0.367636476178056
Fibroblast,DLK1,0.0169295428336395,0.194200146683949
Fibroblast,ESR1,0.129455799022489,0.308762247372159
Fibroblast,KLK4,0.0259950485112078,0.209111859269076
Fibroblast,AR,0.323294300518135,0.514623514445291
Fibroblast,LMO3,0.0654504032392851,0.257413407547453
Fibroblast,ZNF483,0.0937550000000001,0.299883880086301
Fibroblast,EMX2,0.139026388129006,0.355221411780481
Fibroblast,SNX32,0.0270014724989343,0.243447468796914
Fibroblast,BHMT2,0.150380077267694,0.372354945190717
Fibroblast,GLIPR1L2,0.0947727629233513,0.328400084158412
Fibroblast,MAP1LC3C,0.00983454873814572,0.250230090029862
Fibroblast,VTN,0.038558658008658,0.285697369681553
Fibroblast,TUBB2B,0.232104713364841,0.521293262234365
Fibroblast,STMN2,0.125244171304886,0.429415956017104
Fibroblast,CRLF1,0.148875990847247,0.472789271262471
Fibroblast,RBP4,0.0881867346938775,0.423546143329015
Macrophage,C1QA,5.30373755214547,1.0020953818288
Macrophage,C1QB,5.14344600662546,0.911448726314977
Macrophage,C1QC,4.51266613219224,0.650914204059
Macrophage,CD14,4.56606223021583,1.48918787250235
Macrophage,AIF1,6.51131446295852,3.87170173275133
Macrophage,MS4A7,4.04902042583199,1.61043560987714
Macrophage,LYZ,7.41734205792247,4.98475580411841
Macrophage,FCGR2A,3.7089751075012,1.43658866356164
Macrophage,CTSB,6.29251122523788,4.09523790941514
Macrophage,CD68,5.31289280956745,3.17765916588899
Macrophage,SERPINA1,4.47613516949153,2.4531864054489
Macrophage,PSAP,7.24103135758482,5.32825713820781
Macrophage,TREM2,2.33506203703704,0.432185155640381
Macrophage,CFD,3.23827990098918,1.38690779670071
Macrophage,MS4A4A,2.63815123309467,0.859053209196287
Macrophage,APOE,4.34182275258552,2.57584853508372
Macrophage,MSR1,2.14617934111794,0.405628539053384
Macrophage,VSIG4,2.31898546730834,0.619502828047894
Macrophage,MAFB,3.08574703389831,1.40820005192895
Macrophage,S100A9,4.48799725027877,2.85432310750678
Macrophage,APOC1,4.1497212962963,2.54623040468094
Macrophage,PLAUR,4.48334884177231,2.94030875346558
Macrophage,NINJ1,3.02523591878047,1.52639149478288
Macrophage,MS4A6A,4.67642314037049,3.18009948234918
Macrophage,FTL,10.6572625834157,9.16791265627817
Macrophage,SLC7A7,2.54381388888889,1.07892708249586
Macrophage,C5AR1,2.55027407407407,1.09882313426821
Macrophage,CD163,2.31335874543927,0.867155459019525
Macrophage,CLEC7A,3.10654421476396,1.68240279854929
Macrophage,IL1B,2.94898169274352,1.53234249771401
Macrophage,OLR1,2.12677499412298,0.712019391866347
Macrophage,SLCO2B1,1.91761812053738,0.536299741085811
Macrophage,PILRA,2.55043374504707,1.17194154501654
Macrophage,LIPA,2.82822607807348,1.45779555295687
Macrophage,IFI30,3.52689618181818,2.1653414706949
Macrophage,FCGR1A,2.04690272727273,0.702036268575132
Macrophage,CREG1,2.83717820770475,1.50373029888076
Macrophage,NPC2,6.67504054600606,5.34434519616085
Macrophage,PLA2G7,1.56447491616198,0.236183694072461
Macrophage,FPR3,1.82690925925926,0.512595696328552
Macrophage,CSF1R,2.7770083641949,1.48486813989294
Macrophage,C15orf48,2.92288080862627,1.63502392721891
Macrophage,MFSD1,2.88918890489166,1.61432010128825
Macrophage,SOD2,4.44888448030916,3.18033992328413
Macrophage,LST1,5.12667508361204,3.85865740396899
Macrophage,TYROBP,7.89120539568345,6.62671541628761
Macrophage,CXCL16,3.41472268345839,2.16716541660848
Macrophage,FCGRT,4.85238669383416,3.61384332657732
Macrophage,SPP1,3.01419474940334,1.79554815870598
Macrophage,CYBB,3.60018323465533,2.39092730980239
Macrophage,GSTO1,4.05105480283114,2.86256849801661
Macrophage,FGL2,3.57278744715054,2.39356262016943
Macrophage,SAT1,7.80314691829909,6.62875463604704
Macrophage,NAMPT,3.99468418181818,2.82678864459934
Macrophage,SLC11A1,2.29476438848921,1.14110200059355
Macrophage,NPL,1.50294727695723,0.355595430402815
Macrophage,RNF13,2.71821135540307,1.57811120200288
Macrophage,ATP6V1B2,2.78516992840096,1.66502524264197
Macrophage,RAB20,1.73513457557708,0.641353855721661
Macrophage,CPVL,3.3451891809909,2.26814724833711
Macrophage,PPT1,3.60268345323741,2.54246989982345
Macrophage,FPR1,2.47617259668372,1.41632515589533
Macrophage,IGSF6,3.15657214984446,2.0994243792658
Macrophage,BLOC1S1,3.60622672782634,2.57718959086933
Macrophage,SGK1,3.7825417266187,2.75838673827313
Macrophage,C3AR1,2.19976137512639,1.18996758390489
Macrophage,ACP5,2.67991944444445,1.67054470108897
Macrophage,HMOX1,2.39017076355253,1.38320282084852
Macrophage,S100A11,7.18806727272727,6.19224913022362
Macrophage,GPNMB,3.07715,2.08825907690664
Macrophage,FOLR2,1.14308932154801,0.165034167318122
Macrophage,SPI1,4.13845672727273,3.18274344265074
Macrophage,CXCL8,2.6318928057554,1.68396408750697
Macrophage,LIMS1,3.27555950288948,2.33232821031984
Macrophage,MRC1,1.30504950659059,0.365695079993773
Macrophage,CTSS,5.90349140811456,4.97412426060677
Macrophage,LY86,2.60628618166395,1.67707412884449
Macrophage,NCF2,2.59436709090909,1.67010183888584
Macrophage,GPX1,6.96197985057982,6.04050822157068
Macrophage,IL1RN,1.51207600419667,0.59335951752915
Macrophage,HLA-DMA,5.40647840080276,4.50681728686165
Macrophage,AKR1B1,2.32392314814815,1.44656843310677
Macrophage,C1orf162,4.0942630574093,3.2196420815457
Macrophage,SIRPA,1.83058981481481,0.961026828051048
Macrophage,BCL2A1,3.10553963599595,2.23734811688349
Macrophage,ACSL1,1.90176806051523,1.03798113307432
Macrophage,PLXDC2,2.41024641310339,1.5465888750957
Macrophage,GRN,5.77773260624196,4.91543988691392
Macrophage,TREM1,1.50624924165824,0.655495211027921
Macrophage,HNMT,2.20951619665548,1.37116442899426
Macrophage,SNX10,2.54298105319656,1.70475792407559
Macrophage,PYCARD,4.08589875776397,3.24842016521446
Macrophage,ATP6V0B,4.82659446005123,3.99286274825098
Macrophage,TSPO,4.98021263902932,4.14730213152794
Macrophage,LGMN,2.62128076223478,1.79006884553152
Macrophage,ADAP2,1.85125369059656,1.02445864801062
Macrophage,CALHM6,2.78425875190708,1.96222171488679
Macrophage,LAIR1,2.54700226390151,1.72764476055266
Macrophage,IFNGR2,2.80763077084997,1.99626623369992
Macrophage,TGFBI,3.25216942779788,2.44485219916478
Macrophage,CST3,7.64626446895229,6.85622733589454
Macrophage,S100A8,2.99525655639254,2.21777722544371
Macrophage,LILRB4,2.82654459799984,2.05627972528566
Macrophage,KCTD12,2.59438817690317,1.82588115352978
Macrophage,SLAMF8,1.29307550424532,0.535308847649566
Macrophage,SLC31A2,2.18157518403055,1.42926844400918
Macrophage,RAB31,3.11704399363564,2.37320765911087
Macrophage,TBXAS1,2.08303023255814,1.34037247200472
Macrophage,CCL3,3.41826871545849,2.68100015772556
Macrophage,ATP6AP1,2.68473145454545,1.95630415896359
Macrophage,MGAT1,3.23553418181818,2.508572654352
Macrophage,TPP1,3.0768940145365,2.35183040979305
Macrophage,EPB41L3,1.36096740361488,0.640366757132054
Macrophage,MCOLN1,1.29942531733609,0.600117939996219
Macrophage,GAA,1.65946268958544,0.961687174447833
Macrophage,DNASE2,1.83069937133781,1.13772795635703
Macrophage,RNF130,3.75039145459803,3.06114457061665
Macrophage,NAIP,1.57563251213351,0.887560899002466
Macrophage,ADA2,2.43071151079137,1.74810134922306
Macrophage,BRI3,3.09883704660002,2.417516009175
Macrophage,GLA,1.58896240809393,0.908019190391699
Macrophage,SDS,0.97493397371082,0.294027793824023
Macrophage,CASP1,2.35721785998409,1.68778088824498
Macrophage,GK,1.67053624927147,1.00119283705953
Macrophage,SOAT1,1.45640879724415,0.788112347594789
Macrophage,HLA-DMB,4.06990751789976,3.4062906268992
Macrophage,SIGLEC1,0.819012237319144,0.156473931952511
Macrophage,LY96,2.94960347434521,2.28791251558648
Macrophage,CTSC,4.25856781818182,3.59759028967281
Macrophage,SLC16A3,2.79040581818182,2.1302615264198
Macrophage,SLC1A3,1.16953728758432,0.51261288001772
Macrophage,SLC16A10,0.831129185972784,0.174846229216748
Macrophage,MKNK1,1.26845917440761,0.61287759097387
Macrophage,TTYH3,1.45484499494439,0.801396605142492
Macrophage,CCR1,1.24678970916302,0.59611882395635
Macrophage,TMEM176A,2.62069403437816,1.97084923158717
Macrophage,CTSH,4.42251551312649,3.77484746485208
Macrophage,LILRB2,1.8659227508943,1.22087317799364
Macrophage,TLR2,1.47324425709034,0.83184394612497
Macrophage,DPYD,1.55403241345121,0.916308071307104
Macrophage,RAP1A,3.1343964028777,2.4990077508122
Macrophage,MNDA,3.32083985836262,2.68638258877507
Macrophage,ZEB2,3.2226662152804,2.59142295352972
Macrophage,GRB2,3.49820278440732,2.8705221446711
Macrophage,HEXB,2.69683583216132,2.07166125393299
Macrophage,CLEC5A,0.959979758456423,0.335620590300626
Macrophage,UBE2D1,2.00474111402672,1.38048547653487
Macrophage,PPIF,1.9155454995434,1.29296220858264
Macrophage,MMP9,0.89670013307276,0.274657205491742
Macrophage,HEXA,2.28281781818182,1.66272039613823
Macrophage,PLBD1,1.98568756883067,1.36860811609894
Macrophage,OSM,1.15379444902305,0.541223887435267
Macrophage,AP1B1,1.57805991399904,0.965491464749271
Macrophage,CSTB,5.20911393358322,4.60246716687128
Macrophage,DMXL2,1.33060745454546,0.725232698649837
Macrophage,SPG21,2.38548581686853,1.79024424271561
Macrophage,RB1,1.9052121498601,1.31161144776628
Macrophage,ITGAX,1.85293100812232,1.26019997838266
Macrophage,VAMP8,5.26520426157039,4.67348031118504
Macrophage,GRINA,3.11318552997197,2.52531156644086
Macrophage,IFNGR1,2.93286896486536,2.3493184356507
Macrophage,CEBPB,3.88302888835877,3.30579366317911
Macrophage,SERF2,7.40270371567362,6.8282893663129
Macrophage,HLA-DRA,9.20718014213718,8.63461841470659
Macrophage,CCL3L3,1.47367164308465,0.901646518085135
Macrophage,STX11,1.86056812185218,1.29110303206529
Macrophage,CLEC4E,1.2496862487361,0.68171858959289
Macrophage,CARD16,2.92026070007956,2.35245008599894
Macrophage,AP2S1,4.28035493266132,3.71266462269704
Macrophage,PTAFR,1.62284457716197,1.0554995148563
Macrophage,GNB4,1.54721372772139,0.980278271469864
Macrophage,KCNMA1,0.978400934227169,0.42014994329231
Macrophage,TFEC,1.28353055227446,0.728432551959551
Macrophage,ABHD12,1.72536029739874,1.1759581270443
Macrophage,PLEKHB2,2.28192754237288,1.73760501343968
Macrophage,ACP2,1.21474045346062,0.67375246207588
Macrophage,CCRL2,0.952596296296297,0.424938909140317
Macrophage,LRRC25,1.56544640724378,1.04126199135606
Macrophage,TLR4,0.982637259094774,0.458607830033018
Macrophage,BCAT1,1.15040313931935,0.631728046233188
Macrophage,SNX2,2.52692363636364,2.00902193943273
Macrophage,TMSB10,9.33847818181818,8.82407568931859
Macrophage,RASGEF1B,1.7807237180728,1.26672770650693
Macrophage,VMO1,1.11914916742008,0.605727871335644
Macrophage,CTSA,2.87343381294964,2.36174616475299
Macrophage,ATP6V0D1,2.94337360970677,2.43173904929756
Macrophage,FBP1,1.8381545369369,1.32804589431251
Macrophage,OAZ1,7.24780379657936,6.7383011237171
Macrophage,LILRB3,1.46548132443392,0.9585386265984
Macrophage,RNASET2,4.46677303533536,3.96190864104446
Macrophage,DRAM2,2.21475071883004,1.71109808913305
Macrophage,CYBA,6.76035131541005,6.25726723560503
Macrophage,MARCO,0.898932418456642,0.396016639594769
Macrophage,FCGR3A,3.48243345454546,2.98228674494237
Macrophage,TKT,3.34488690200777,2.85094070597358
Macrophage,NOP10,3.90733240740741,3.41474958952093
Macrophage,STXBP2,2.52164860779634,2.03533551369293
Macrophage,CD58,1.59661329112299,1.11344693511882
Macrophage,S100A10,5.79927544686927,5.32091434847754
Macrophage,GNS,1.956123001495,1.47956775566917
Macrophage,PLD3,2.91816296750754,2.44192785808654
Macrophage,DSE,1.79036545579039,1.31471742736016
Macrophage,SNX8,1.12659016698729,0.65816255840325
Macrophage,GM2A,1.66307663157552,1.19962350402233
Macrophage,ADAMDEC1,0.538161272727272,0.075703711922548
Macrophage,AQP9,0.846339489785912,0.386653876081465
Macrophage,YBX1,6.084333509905,5.62488322884659
Macrophage,FUOM,1.68396615663317,1.22785435568418
Macrophage,PRELID1,3.82107170067733,3.36563111058502
Macrophage,MERTK,0.689976727272727,0.240393785983346
Macrophage,LAMTOR4,4.2167016772701,3.7671454158266
Macrophage,SQOR,1.78042381818182,1.33135079671126
Macrophage,REX1BD,2.67974778503994,2.23162571153194
Macrophage,FCGR2B,1.7288391235615,1.28163346237742
Macrophage,P2RX4,1.20266218181818,0.755631421994875
Macrophage,ARPC3,6.02732170401251,5.58080090454409
Macrophage,GPR84,0.647349076187281,0.201922836686578
Macrophage,TMEM51,0.983744129983639,0.541966785341655
Macrophage,ATP1B3,3.55407563587139,3.11336289302253
Macrophage,ATOX1,3.64175702966738,3.20128418594598
Macrophage,CTSZ,4.07010505129331,3.63017612319289
Macrophage,GPR137B,1.37631818181818,0.937327581751755
Macrophage,AKR1A1,3.09168897876643,2.65663450378245
Macrophage,PLSCR1,2.84599629680783,2.41227771294111
Macrophage,SLC8A1,1.34286712791235,0.909199210984743
Macrophage,MPP1,1.89842330946699,1.46532531602042
Macrophage,LHFPL2,1.21043403461595,0.777956433489916
Macrophage,G0S2,1.7462687386908,1.31432532178636
Macrophage,CORO1C,1.8748707464819,1.44348687274749
Macrophage,TGOLN2,2.56473825093681,2.13480476085731
Macrophage,LAMTOR2,3.08388360500827,2.65840930609228
Macrophage,CLEC4A,1.58841454245562,1.16508947806658
Macrophage,RBPJ,2.52589916159413,2.10593084581174
Macrophage,RAC1,5.1680585284281,4.7489394094412
Macrophage,GNA13,1.72064222741045,1.30392908750703
Macrophage,NAGK,2.35256847649487,1.94092844517058
Macrophage,OSCAR,1.137153354791,0.730241952629815
Macrophage,CD302,1.67524148351648,1.27008471945471
Macrophage,OTUD1,1.19242434745029,0.791744279580498
Macrophage,IL10RB,1.58104215198587,1.18058966371819
Macrophage,CTSL,3.36825752162071,2.96954049531683
Macrophage,DAPK1,1.1510784407319,0.754642842318068
Macrophage,LILRB5,0.42840455600296,0.0326606638642162
Macrophage,HBEGF,1.73221290909091,1.33883314643924
Macrophage,TFPT,1.23502872727273,0.841762139994115
Macrophage,MXD1,1.73231694915255,1.33954009832962
Macrophage,F13A1,0.989344457716198,0.598123415587246
Macrophage,COQ2,0.846551168876538,0.455695773541679
Macrophage,HCK,2.73977739108132,2.34908474258759
Macrophage,CMTM7,1.70295542283803,1.31316131158283
Macrophage,SCIMP,1.27993592880264,0.891547420447064
Macrophage,HPSE,0.606958,0.219671054275326
Macrophage,EREG,1.18232351339844,0.796061022732019
Macrophage,RAB5C,2.99688626554057,2.6115824772179
Macrophage,SLC43A2,1.67861726618705,1.29408291535516
Macrophage,HLA-DQB1,6.03660633580072,5.65354084564912
Macrophage,ARL8B,1.66039854545455,1.27779701805662
Macrophage,TPMT,1.32787270202513,0.946904622433033
Macrophage,SKAP2,2.25271605703448,1.87200878354671
Macrophage,HK3,0.690232344047213,0.310077552121928
Macrophage,RNASE6,3.00416087205722,2.62520623055601
Macrophage,NR1H3,0.760500916399628,0.382174951595048
Macrophage,ATP6V0E1,4.98459647398627,4.60658933021892
Macrophage,SIGLEC9,0.758978181818183,0.384713078534651
Macrophage,GLRX,3.07634900556882,2.70398277127579
Macrophage,OTOA,0.442880405918978,0.070514924277088
Macrophage,GPCPD1,1.53283363324665,1.16200387331799
Macrophage,PIK3AP1,1.55641419323903,1.18714902448266
Macrophage,CMKLR1,0.664532627118645,0.295675063993467
Macrophage,SLC31A1,1.06313774092346,0.700224742644325
Macrophage,LILRB1,1.52091234954069,1.15871849833824
Macrophage,HSD17B11,2.21455023386121,1.85275742990911
Macrophage,TMBIM4,2.73819051992423,2.37880280985378
Macrophage,TYMP,5.28584722222222,4.92687882136145
Macrophage,LITAF,4.47997168360094,4.12147993882268
Macrophage,PGK1,4.37324810516863,4.01731994088786
Macrophage,LACTB,1.66620995737894,1.31309494753101
Macrophage,RAB7A,3.52825812483562,3.17559771772279
Macrophage,METRNL,1.37567810220679,1.02343226502931
Macrophage,CREBL2,1.2865560821826,0.934586930204822
Macrophage,COX6B1,5.26941818181818,4.91766314477907
Macrophage,PCBP1,4.15174763636364,3.80014292040099
Macrophage,CSF3R,1.64073969225363,1.30051645991724
Macrophage,APLP2,4.03351139670802,3.69427769666014
Macrophage,MANBA,1.20632295147176,0.867777610438555
Macrophage,MARCHF1,2.07276978417266,1.73542966645538
Macrophage,CAPZA1,3.11643518518519,2.78102126333113
Macrophage,ANKRD22,0.761573867793371,0.426336796578776
Macrophage,SLC37A2,0.579648161272541,0.245048241953633
Macrophage,SCPEP1,2.34625249410923,2.01201031157093
Macrophage,CD300LF,0.906177636363635,0.572086153165521
Macrophage,ARPC1B,5.52538186323991,5.19564937306501
Macrophage,FCER1G,7.10947777777778,6.77996032826748
Macrophage,STX4,1.50977340741219,1.18112429816897
Macrophage,EVI2B,2.83695317896389,2.50887525650319
Macrophage,EVI2A,2.1022803199727,1.77529509034262
Macrophage,RNF135,0.930225925925925,0.607650497464321
Macrophage,IRAK3,1.19987636363636,0.877618434059879
Macrophage,POMP,4.64047454545455,4.31987170532917
Macrophage,P2RX7,0.767016509781513,0.446649418899592
Macrophage,NLRP3,1.18739604316547,0.867503072592775
Macrophage,UPP1,2.24821582733813,1.92915936660215
Macrophage,ATP13A3,1.29844888824002,0.980988883688282
Macrophage,SLC25A19,0.95586860965122,0.63875835620215
Macrophage,NQO2,1.45789721140014,1.14197776174856
Macrophage,COX8A,4.82876,4.51332997363934
Macrophage,CD300C,0.834378298083892,0.521045724920777
Macrophage,IFI6,3.59523347457627,3.28293627675906
Macrophage,ARAP1,1.100559049545,0.789116674100801
Macrophage,HIF1A,2.92824100719424,2.62120769616635
Macrophage,COMMD9,1.39287833969466,1.08592161492896
Macrophage,LACC1,0.566916675617616,0.260196545128136
Macrophage,CEBPA,0.7720479806148,0.465333199696039
Macrophage,SIGLEC7,0.758274510627838,0.451776250040064
Macrophage,ERP44,2.24920228867311,1.94291570636209
Macrophage,HLA-DRB1,7.75522919324356,7.44915754044081
Macrophage,GAL3ST4,0.537854499494439,0.233076227531753
Macrophage,ATP6AP2,3.4924758485398,3.19007494991322
Macrophage,RNH1,3.48319794092168,3.18118475729286
Macrophage,TRPM2,0.599360363636364,0.29842791316496
Macrophage,FUCA1,1.35968379163672,1.06034110797524
Macrophage,SIGLEC10,1.07197928175655,0.773931092563341
Macrophage,GNAI3,1.88622523023648,1.59001641720638
Macrophage,ARL5A,1.75038908265647,1.45510418771072
Macrophage,GNPDA1,1.15859836363636,0.864031569630299
Macrophage,TFRC,1.57854818181818,1.28501581053339
Macrophage,PGD,1.96629723983212,1.67290740305331
Macrophage,CD4,2.64457470644005,2.35133090361464
Macrophage,APH1B,0.787833595164974,0.495520987858067
Macrophage,PLA2G15,0.612778437617683,0.320888185712037
Macrophage,PSTPIP2,0.961162206739867,0.669774623375874
Macrophage,PLEKHO2,1.08940186524002,0.799344874741502
Macrophage,LYN,2.84335060535643,2.55648233373646
Macrophage,BLOC1S2,1.73975580729971,1.45557306445978
Macrophage,ETV5,0.785143516308672,0.503005601621001
Macrophage,PYGL,0.926950520713815,0.645097238242721
Macrophage,ATP6V1A,1.37310843277645,1.09143323497495
Macrophage,SLC15A3,1.37434763136931,1.09283682493871
Macrophage,GABARAP,2.59668083489708,2.31554384994305
Macrophage,MCEMP1,0.672207913669065,0.391394724661899
Macrophage,INSIG1,1.58630654439309,1.30602230573309
Macrophage,CLEC12A,1.26583290909091,0.989032090086665
Macrophage,BST1,0.769056081078687,0.492882981205006
Macrophage,TOM1,1.17998981481482,0.903842259364669
Macrophage,BLVRB,2.98124529752999,2.70684119342604
Macrophage,CORO1B,2.07849816053512,1.80433217327312
Macrophage,RHOA,5.3986623352509,5.12494683259533
Macrophage,VPS29,2.99679277867766,2.72323130537707
Macrophage,AMDHD2,0.761954742625796,0.489744607389063
Macrophage,BCKDK,1.46531181818182,1.19312424286436
Macrophage,CAMK1,1.12017848562438,0.848032310990317
Macrophage,TALDO1,3.54089211866194,3.26943986611592
Macrophage,GLIPR2,2.29910350039777,2.0277094572419
Macrophage,IL10,0.517737124997289,0.24803071106058
Macrophage,TNFSF13B,3.070349924273,2.80082341145497
Macrophage,FLVCR2,0.528543126215049,0.259593965721877
Macrophage,ACTB,9.39011779661017,9.1224059401951
Macrophage,ARPC5,4.69957050359712,4.43400982955703
Macrophage,ABI1,1.66579598662207,1.40300697369596
Macrophage,DPEP2,0.669030248491368,0.407212800069634
Macrophage,SDSL,1.07409173159914,0.814259884509642
Macrophage,ANPEP,1.0969459660388,0.83744524979407
Macrophage,REEP4,0.844090414283063,0.58459851442507
Macrophage,ARRB2,2.92591254545455,2.6664527424754
Macrophage,TNFAIP8L2,1.03123526359733,0.772475496418494
Macrophage,PFKFB3,1.56853839231182,1.31023591577649
Macrophage,BACH1,1.33264415274463,1.07482539578404
Macrophage,DOK1,0.837475636363636,0.579707932492883
Macrophage,TCIRG1,2.06727023102495,1.81378713066491
Macrophage,MACROH2A1,3.96180556881464,3.70879482665173
Macrophage,CDC42,4.47118690909091,4.21867205803836
Macrophage,PNPLA6,0.912035182829649,0.660799395639891
Macrophage,HAMP,0.382262962962964,0.131036341559837
Macrophage,DOK3,0.864115467625899,0.61440565622777
Macrophage,VASP,2.65050823389022,2.40133376252098
Macrophage,ENY2,3.25490741856314,3.00724332067997
Macrophage,RETN,0.693197977755309,0.446303312839468
Macrophage,CARD9,0.701936761934847,0.455819525496822
Macrophage,AMPD3,0.533707835642618,0.288956738376358
Macrophage,CACNA2D4,0.502965818181818,0.258736692977799
Macrophage,FKBP15,1.0882955566173,0.844536353465847
Macrophage,SLC38A6,0.660237922267645,0.41656261657913
Macrophage,NAGA,1.52607239146004,1.28285518075984
Macrophage,ASGR1,0.860977090301003,0.622060598845633
Macrophage,DRAM1,1.04581397696373,0.80759289947066
Macrophage,RNASE2,0.702291537192115,0.465254409867914
Macrophage,C9orf72,1.19173054545455,0.95620081338466
Macrophage,RILP,0.752658727272727,0.519026472822313
Macrophage,IL4I1,1.37792581818182,1.14554364440914
Macrophage,CXCL9,0.602770048575214,0.370525114851068
Macrophage,CYRIB,3.63590072727273,3.4050203746248
Macrophage,CD300A,2.02748002842545,1.79763239119567
Macrophage,CXCL2,1.91052940344575,1.68089122004464
Macrophage,DAB2,2.1858537037037,1.95977497666798
Macrophage,MCUB,1.64562845988598,1.41989713008632
Macrophage,CASP4,2.35299838721668,2.12890655362548
Macrophage,HAVCR2,1.91524464934956,1.69210161104347
Macrophage,TLR1,0.684447122302158,0.462047008700236
Macrophage,GGA1,1.25139120323559,1.03069165943151
Macrophage,TWF2,2.22186111111111,2.00530936144692
Macrophage,TMEM86A,0.316907178968655,0.10036165969798
Macrophage,RNF181,2.78209371003012,2.56565099534212
Macrophage,DPH3,1.07396006066734,0.858340529099488
Macrophage,FMNL2,0.893412967382657,0.678679505703182
Macrophage,FFAR4,0.307991563773675,0.09363154631795
Macrophage,CAPZB,4.09216142062223,3.87919608334851
Macrophage,ALDH3B1,0.789709842331582,0.577487856913738
Macrophage,TMEM70,1.48498666239775,1.27387465097941
Macrophage,GYG1,1.24419553539876,1.03568934335949
Macrophage,NCEH1,0.741032023010913,0.53282560878812
Macrophage,ZNF385A,1.50517596751075,1.29724785602449
Macrophage,MAP1LC3B,2.93806942446043,2.73149135458082
Macrophage,MS4A14,0.35692917982455,0.150422340210301
Macrophage,SHTN1,1.21564279661017,1.00988475701405
Macrophage,SCAMP2,1.87936387040069,1.67364285658413
Macrophage,EMILIN2,1.26112680363115,1.05778291685504
Macrophage,ATP6V1C1,1.24751906779661,1.04417935339586
Macrophage,TMEM167A,2.3320639448897,2.12883576010066
Macrophage,MGAT4A,1.47564606733997,1.27384831387576
Macrophage,ALDOA,5.11317234363381,4.91296321893206
Macrophage,TNF,0.784387962962963,0.584706384496633
Macrophage,SGK3,0.793144765760555,0.593976974335582
Macrophage,PNPLA8,1.25066847168567,1.05158980460467
Macrophage,NUDT16,1.38573462146824,1.18824579012881
Macrophage,DUSP3,1.13379566203015,0.937154531256691
Macrophage,CYP27A1,0.809231481481481,0.614081079601325
Macrophage,ISG15,3.22775542104008,3.03313718692038
Macrophage,CHMP1B,2.61216168655286,2.41923469095326
Macrophage,TMEM160,2.01962428769486,1.82823719407983
Macrophage,MFSD12,1.03605150799276,0.844876786185223
Macrophage,RP2,0.780214415177048,0.590695499047709
Macrophage,ZFYVE16,1.0161298219643,0.826886684398941
Macrophage,ME2,1.20831007194245,1.01914291985021
Macrophage,PTPRJ,0.796024105011933,0.607592440227685
Macrophage,IL18,2.13008727272727,1.94199934390912
Macrophage,ANXA5,4.89936449248762,4.71259163368372
Macrophage,SLC29A3,0.424683369924948,0.23805834104034
Macrophage,C2,1.14529343675418,0.959465216594523
Macrophage,SIGLEC14,0.47924033000189,0.29493665243939
Macrophage,SNX6,2.1162290253225,1.93217384759673
Macrophage,HSD17B14,0.598349325702803,0.41582152845194
Macrophage,ZNF267,1.16978644067796,0.987525179677451
Macrophage,LGALS9,3.0878656779661,2.9057959618075
Macrophage,ADAMTSL4,0.549096258847321,0.367069738375064
Macrophage,SLC25A5,4.43662589928057,4.25511130249419
Macrophage,DLEU7,0.242726842333973,0.061961759056648
Macrophage,SUCNR1,0.297737071387259,0.119764961687843
Macrophage,BNIP3L,2.73580872242867,2.55818874972327
Macrophage,SH3BP2,1.18077713996714,1.00400726436678
Macrophage,DOCK5,0.821102720454693,0.644334669006326
Macrophage,SLC8B1,0.710719483991508,0.534816366919812
Macrophage,STX10,1.34290950455005,1.16843622316257
Macrophage,TMEM219,3.07620927272727,2.90493681130029
Macrophage,SGPL1,1.04304368187335,0.872049408929326
Macrophage,GPX4,5.28934444444445,5.12016388851032
Macrophage,RASSF4,2.3309828145408,2.16206822297827
Macrophage,SNX17,2.05196915954347,1.8837485422436
Macrophage,TLR5,0.427106334175741,0.259063644128542
Macrophage,NDUFS7,2.79194036363637,2.62414554428536
Macrophage,ITPR2,1.14499979158965,0.977848385165352
Macrophage,RIPK2,1.46001363636364,1.29358935328391
Macrophage,CD209,0.215198454110672,0.0504446028431883
Macrophage,DPP7,2.84158129496403,2.67702786784428
Macrophage,MMP12,0.242654154429393,0.0788316151914089
Macrophage,DICER1,1.19099810670122,1.02846537542721
Macrophage,LTA4H,2.14533818181818,1.98321748175483
Macrophage,CXCL10,0.590107636363636,0.429137802539461
Macrophage,OSTM1,1.00848847889931,0.84919147794305
Macrophage,FAM50A,1.74018805292496,1.58128405050206
Macrophage,SLC36A1,0.342668894192522,0.186531881387137
Macrophage,HACD4,1.28893739795784,1.13331980428278
Macrophage,LAMP2,2.38491065175736,2.22957180177949
Macrophage,FGD4,1.05932457627118,0.904869081544222
Macrophage,SRA1,1.62520610626889,1.47079658702682
Macrophage,PSMB3,3.71268543464842,3.55852876466654
Macrophage,ARPIN,0.545751750198886,0.392984455903388
Macrophage,SLC6A6,0.898996659461373,0.746736381187439
Macrophage,WASHC4,1.32494964028777,1.17293648361772
Macrophage,TOR2A,0.798038983050848,0.646912100279274
Macrophage,SMPDL3A,0.752132179793158,0.601599498188549
Macrophage,ATG7,0.761454108934544,0.611608908671322
Macrophage,CIAO2A,2.30536759915479,2.15716481514358
Macrophage,NFAM1,0.701906824754192,0.55537030461703
Macrophage,ITPK1,0.793834378159758,0.647594859995122
Macrophage,GALK1,0.964428389830508,0.818213327335652
Macrophage,AP5B1,0.42070707118968,0.275671087536878
Macrophage,TNFRSF14,1.93492311464695,1.79005018785787
Macrophage,TIGAR,0.789109990732811,0.644707873853342
Macrophage,KMO,0.54322430903839,0.39911635055437
Macrophage,LILRA6,0.425357566938301,0.2830582945055
Macrophage,TNFRSF1B,2.67429150594992,2.53281386456537
Macrophage,MAP3K8,2.30689472727273,2.16557909396892
Macrophage,ETF1,1.64405136953041,1.50288267795903
Macrophage,OGFR,1.25835762064023,1.11833295090547
Macrophage,MILR1,0.748522127717263,0.609149073348241
Macrophage,COLGALT1,1.181270426493,1.0421054547425
Macrophage,SFT2D1,2.76466442711754,2.6258764730647
Macrophage,CLCN7,0.689429521439311,0.550773419555346
Macrophage,P2RY13,0.923793638416748,0.786266362873629
Macrophage,RNPEP,1.35124145379666,1.21401774548916
Macrophage,VPS35,2.10437365026279,1.96852564440823
Macrophage,SGPP1,0.476631901352427,0.341586130793002
Macrophage,SERPINB8,0.629283325370281,0.495832474685107
Macrophage,SAMHD1,3.39688733247627,3.26588871419988
Macrophage,CD36,1.51745185185185,1.38677959241491
Macrophage,CD300E,0.833773864959254,0.703296758205462
Macrophage,RALA,1.82504351851852,1.69520210023204
Macrophage,GCA,2.01021031227523,1.88072626972741
Macrophage,LIMK1,0.555502908474669,0.427228578630584
Macrophage,SIRPB1,0.614722883850861,0.486461049452345
Macrophage,ADAM17,1.33644145601618,1.21075864453668
Macrophage,RIN3,1.43954192770399,1.31527959890477
Macrophage,RCBTB2,0.672551971688574,0.548294830693363
Macrophage,RNF149,2.67555547061634,2.55174422456086
Macrophage,DNAJC5B,0.22795831344471,0.104213393417226
Macrophage,HSPBAP1,0.453473150116807,0.329854841128478
Macrophage,SDC3,0.634840571973345,0.511476874617694
Macrophage,RAB5IF,2.07993064633261,1.95707697986903
Macrophage,ZNF106,1.6505082733813,1.52806020966394
Macrophage,AMPD2,0.749361787363595,0.62765928924697
Macrophage,GLB1,1.25759074074075,1.1363206482807
Macrophage,RNFT1,0.700474413282786,0.579865918798007
Macrophage,PDE4DIP,1.20737129629629,1.08735544317838
Macrophage,ZNF330,0.969080990809434,0.849370705604259
Macrophage,NINJ2,0.543710637215068,0.424714397712769
Macrophage,C5AR2,0.292084869551225,0.173130032678211
Macrophage,SIDT2,0.732099074074074,0.613146014192599
Macrophage,USP4,0.977155818181819,0.858583340812644
Macrophage,SLAMF9,0.181045673749918,0.062538911332642
Macrophage,PKD2L1,0.129871486349848,0.0118662630230204
Macrophage,PPP2R3C,1.12637625899281,1.00901505793943
Macrophage,MARCKS,3.02947364702633,2.91257128809984
Macrophage,TGFBR1,0.751454986752251,0.634819781602452
Macrophage,IL1A,0.213665246102146,0.100271957784865
Macrophage,CCL18,0.544225550677297,0.431195141725351
Macrophage,UBE2W,1.00758506927855,0.894758400807177
Macrophage,PTPN6,2.44109244604317,2.3284000241401
Macrophage,NSMAF,0.722364688506982,0.609813976963603
Macrophage,EAF1,0.694656218402427,0.582830718424437
Macrophage,SCO2,1.3511511222729,1.2401198817557
Macrophage,ARL11,0.515679711354962,0.40496820678685
Macrophage,CARD19,1.22875615806814,1.11829059749707
Macrophage,EFR3A,1.04073728813559,0.930453792604261
Macrophage,MARCHF2,1.00789400355284,0.898715243106327
Macrophage,B3GNT5,0.941284650745962,0.832688876158093
Macrophage,SLC66A3,1.31389871076339,1.20658742445686
Macrophage,FPR2,0.430269464105157,0.323425510974586
Macrophage,SLC25A24,0.943712768496419,0.837015753539545
Macrophage,PRR13,3.52775937266397,3.42142089507706
Macrophage,KCNE3,0.55908539973817,0.452989870759351
Macrophage,RAB10,2.47821499126273,2.37228645186926
Macrophage,FBXL5,1.30938106048087,1.20384956946767
Macrophage,ZGLP1,0.217852286088691,0.1126482907059
Macrophage,STAC3,0.697891379397452,0.592961248193094
Macrophage,APOC2,0.435958460421206,0.331096523134232
Macrophage,PI4K2A,0.432614117191626,0.328414646883973
Macrophage,HEATR3,0.388952618526732,0.285304065150751
Macrophage,HCAR3,0.3508403739395,0.247203207463101
Macrophage,ASCL2,0.424338018736858,0.321039438091403
Macrophage,CEP170,1.10901463041709,1.00719977245292
Macrophage,ZYX,2.46020636363636,2.35844460801521
Macrophage,ABR,0.829540324892498,0.728007509320919
Macrophage,NFE2L2,2.687671839476,2.58621403834582
Macrophage,MFSD13A,0.338705888840639,0.23884903354919
Macrophage,DENND3,0.867194102701808,0.767372569984206
Macrophage,RIT1,0.951577047522751,0.85237205151758
Macrophage,SUSD6,1.17281176011235,1.07454577267756
Macrophage,MAT2A,2.02860735011257,1.93064385118105
Macrophage,PSMA4,3.18954654545454,3.09188017600163
Macrophage,EFHD2,2.59027365999948,2.49270319345878
Macrophage,TLR8,0.490913569039656,0.394055433709695
Macrophage,GUSB,1.5270403701664,1.43038621643385
Macrophage,CSGALNACT2,0.963540693454361,0.867377006867866
Macrophage,STX6,0.770943448504483,0.675707368233852
Macrophage,FABP3,0.434570087509944,0.340283733790931
Macrophage,SLC25A11,1.47939722222222,1.38545983564172
Macrophage,LSM6,1.79190845535879,1.69876239574152
Macrophage,HPS3,0.681666026289181,0.588686603833935
Macrophage,SLC49A3,0.364256420626896,0.271567798102314
Macrophage,ORAI3,0.753233973710819,0.660897231097144
Macrophage,PTPRO,0.407626346228115,0.316166064907816
Macrophage,MAX,1.47147127272727,1.38025500621713
Macrophage,NEK6,1.01270284020491,0.921963543025648
Macrophage,COMMD8,1.24862363649327,1.15893680307841
Macrophage,RHBDF2,1.05306363636364,0.963715550342682
Macrophage,NUP214,1.26726558655088,1.1788629513696
Macrophage,FCN1,2.02687034142005,1.93873686992176
Macrophage,TCHH,0.152321971837526,0.0650934669873375
Macrophage,PSMA7,4.60738030887222,4.52049778047871
Macrophage,PKIB,0.919220357427536,0.833650583039919
Macrophage,ARL8A,0.823059483185987,0.737600326315068
Macrophage,OGFRL1,1.67226978417266,1.58684572693284
Macrophage,UBE2A,1.89987109090909,1.81458097770786
Macrophage,FABP5,2.66237966101695,2.57715101319741
Macrophage,SELENOT,2.80442962962963,2.71960238938297
Macrophage,CNDP2,2.14879935509836,2.06429042651647
Macrophage,MTHFD2,1.89883383140405,1.81456034483493
Macrophage,ABCD1,0.39393428987954,0.309783429326922
Macrophage,SNX24,0.491634685926636,0.407507120661942
Macrophage,SLC17A5,0.595154545454546,0.511112819439679
Macrophage,SNX27,1.07068779162452,0.986827261704489
Macrophage,FIG4,0.483314000806873,0.399711586671917
Macrophage,AVPI1,0.917820306131623,0.834488055955555
Macrophage,ST8SIA4,1.14690990899899,1.06402571057763
Macrophage,CYFIP1,1.38853391736882,1.30565600985644
Macrophage,CHST13,0.206663272727273,0.124142381623726
Macrophage,SLC36A4,0.619805073067377,0.537861850074988
Macrophage,CEACAM4,0.401903220419847,0.320162584739165
Macrophage,YIF1B,1.24567098405517,1.16444026011995
Macrophage,CYB5R4,1.23798321619749,1.15731374869463
Macrophage,OSBPL11,0.724861016949153,0.644694444250233
Macrophage,ZMYND15,0.255683753682602,0.175517207442235
Macrophage,ARSB,0.42521961197805,0.345131002202205
Macrophage,MOSPD2,0.59530440167226,0.51544390713373
Macrophage,ETHE1,1.5706726618705,1.49136376756434
Macrophage,NUBP1,0.9669522015488,0.888403003098994
Macrophage,PARL,1.45951841025078,1.381524772532
Macrophage,MR1,0.689684532374101,0.611819929003713
Macrophage,ARMCX6,0.895988928281455,0.818272060793847
Macrophage,GNGT2,0.506720286396181,0.429329200387733
Macrophage,UBXN11,0.750346062011495,0.674029186505995
Macrophage,IQGAP1,2.97808663552491,2.90178849308741
Macrophage,ZNF710,0.379320131457014,0.303725889267522
Macrophage,MFSD14B,0.764835124875921,0.689344283378963
Macrophage,MYO5A,0.773628550829024,0.698666452291726
Macrophage,FERMT3,2.32556362413437,2.25081535105964
Macrophage,RGS19,2.01169665273631,1.9373898237536
Macrophage,NAGPA,0.659243280594684,0.584962815571572
Macrophage,LILRA1,0.580488908523502,0.506829770919304
Macrophage,ADPRH,0.438211933174224,0.364750993346004
Macrophage,PRKACA,0.692424289806147,0.619676344640534
Macrophage,VTI1B,1.71407088484658,1.64205740124935
Macrophage,TMEM106A,0.670586449059587,0.599601108707034
Macrophage,NLRC4,0.341747122302158,0.271101957399802
Macrophage,GBGT1,0.464610567105022,0.395059703042524
Macrophage,APOBEC3A,0.683770727272727,0.614729065427903
Macrophage,TNFAIP2,1.88505598726562,1.81632981709667
Macrophage,PPP1R15B,1.11573183243877,1.04708671506746
Macrophage,UNC93B1,1.52612029122715,1.45758882636401
Macrophage,CNEP1R1,0.407325899280576,0.339177745103076
Macrophage,LPXN,1.66687729217524,1.59908832301153
Macrophage,METTL22,0.454756355932204,0.387621070491724
Macrophage,TM6SF1,0.944298988877656,0.87824193528845
Macrophage,ADGRE1,0.231827195167068,0.165797501285968
Macrophage,TNFSF12,0.930366905330151,0.864779997409436
Macrophage,UBASH3B,0.427821695367584,0.362836594388827
Macrophage,OTULINL,1.34190071942446,1.27698813263401
Macrophage,PAQR8,0.344007211823584,0.27940919283503
Macrophage,SLC16A6,0.263845773645409,0.200447642761395
Macrophage,TRMT1,0.97033329153454,0.90754207567557
Macrophage,RAP2C,0.687267869087434,0.624650837128867
Macrophage,TLE3,0.984743553704147,0.922185833138315
Macrophage,NPC1,0.566764909090909,0.504259290698847
Macrophage,SESN2,0.50288574266425,0.440435107810505
Macrophage,APOL4,0.411453488372093,0.349183347615646
Macrophage,SNX1,1.14472623910952,1.08254761696605
Macrophage,TENT2,0.91161278140886,0.849587051445537
Macrophage,SVBP,1.10477048597968,1.04277147752341
Macrophage,VPS18,0.318566909090909,0.258410424307159
Macrophage,UAP1L1,0.250792422204367,0.190752241850617
Macrophage,VPS9D1,0.283756926188069,0.224998420018656
Macrophage,TMEM150B,0.128719825043016,0.0701386372785699
Macrophage,ACTR2,3.68676497419803,3.62847328646253
Macrophage,ATG4C,0.557168956043956,0.499495193299849
Macrophage,IL18BP,0.734093317422435,0.676785018455164
Macrophage,CHIT1,0.1111311024829,0.0539847921237869
Macrophage,ZNF438,0.274414046822743,0.217596493430956
Macrophage,PPM1N,0.304256487387458,0.248080350003462
Macrophage,PRSS36,0.126629356642255,0.0707157201377446
Macrophage,SLC2A9,0.223907194244605,0.168590774475373
Macrophage,KCNAB2,1.08749684663163,1.03224139554958
Macrophage,SLC25A40,0.411346610169492,0.35662888734242
Macrophage,RAB39A,0.112264493597206,0.0579164119703881
Macrophage,RAP2B,1.45204338387177,1.397711483526
Macrophage,UBE2F,1.54994222858576,1.49570002011119
Macrophage,TMEM52B,0.23632085755814,0.182240910476703
Macrophage,IGSF21,0.149115098650143,0.0950766540597943
Macrophage,RAB42,0.406685272727273,0.352878995174661
Macrophage,IFI35,1.62492253101145,1.57135129863179
Macrophage,MB21D2,0.279901076856445,0.226463869538938
Macrophage,PACC1,0.489175899280576,0.436260172470668
Macrophage,PSEN1,1.01213698115458,0.959527172204675
Macrophage,PREX1,1.41929868886358,1.36705875749105
Macrophage,KCNE1,0.304435466364504,0.252855739784301
Macrophage,HLA-DOA,1.33390562577091,1.2831747166809
Macrophage,CASP5,0.114290913821764,0.0635712635541305
Macrophage,FUCA2,1.28335179856115,1.23341005703591
Macrophage,DCSTAMP,0.0721162787473977,0.0226269955471576
Macrophage,ACOT9,1.19710762711864,1.14768053980108
Macrophage,HPS1,1.31187890729865,1.26263697764705
Macrophage,IL27,0.091850615695493,0.0434998153598354
Macrophage,PPARD,0.478119371519491,0.430819782146877
Macrophage,WASHC2C,0.582878071326336,0.535816888191667
Macrophage,CCL7,0.0963674324749979,0.0494445918795257
Macrophage,DDX60L,0.613320843277645,0.566853513229008
Macrophage,KCNK13,0.113223468575974,0.0670032751046358
Macrophage,SPPL2A,1.67755490394337,1.63154759051619
Macrophage,RIPK3,0.274607740086001,0.229788960668031
Macrophage,CRYBB1,0.105136762103641,0.0604790902029857
Macrophage,PCYT1A,0.694599866139185,0.650313049512554
Macrophage,DAGLB,0.430836545454546,0.387240512291627
Macrophage,PATL1,0.539588038428223,0.496196722754756
Macrophage,NEU1,1.49029585020243,1.44736929329238
Macrophage,SULT1A1,0.737222181818182,0.694671154973619
Macrophage,PMFBP1,0.0687563496653723,0.0262843149330687
Macrophage,GCH1,0.642870839893562,0.600692353661437
Macrophage,ABI3,1.6825593220339,1.64038741314999
Macrophage,RTCA,0.939724418042751,0.897597654216775
Macrophage,RNF19B,0.586224816052241,0.544610758230455
Macrophage,RAB35,0.613560500284147,0.572413481050037
Macrophage,SNAP29,1.19054915742482,1.14951604717928
Macrophage,MTMR6,0.703574243556425,0.663566896178545
Macrophage,DCLRE1B,0.215096129956999,0.175912801838904
Macrophage,GAS2L3,0.273942857771339,0.235095899236326
Macrophage,FAM72A,0.211560727272727,0.172717740844561
Macrophage,WDR81,0.413420600614262,0.374801654499004
Macrophage,IL6R,1.21552385161561,1.17709769545636
Macrophage,NADK,1.08830735979354,1.05017299075907
Macrophage,PARVG,1.83725270157443,1.79941432739699
Macrophage,FAM120A,1.57002993109691,1.53242036829911
Macrophage,SMIM29,0.992792274125107,0.955295718448938
Macrophage,RREB1,0.808282330724524,0.773591042809441
Macrophage,CD164,3.17080251003062,3.13646061363333
Macrophage,AGAP3,0.627270754344038,0.59294922148359
Macrophage,TUBGCP2,1.16296296296296,1.12878891055513
Macrophage,HPRT1,1.32471492357247,1.2906124394608
Macrophage,MTF1,0.45617553699284,0.422122900902684
Macrophage,ITGAM,1.17273245823389,1.1387857840484
Macrophage,TRPV2,0.907167078029857,0.87366104334692
Macrophage,LONRF3,0.135076650755768,0.102228838887953
Macrophage,HCAR2,0.322416730976192,0.290248423586
Macrophage,TM4SF19,0.0820558035007244,0.0500596142312411
Macrophage,MPHOSPH6,0.954617592592592,0.92370598659544
Macrophage,CLN6,0.507297255369928,0.476611978227141
Macrophage,ZCCHC2,0.468105617843512,0.437566786834946
Macrophage,FGR,2.0840093220339,2.05361977565812
Macrophage,CAPZA2,3.18489479086132,3.15517814859621
Macrophage,CACUL1,1.25864532374101,1.22922361981362
Macrophage,ACRBP,0.178046879246245,0.148824894510423
Macrophage,PITPNA,0.8359452757111,0.806852932736895
Macrophage,MPC1,1.72997527272727,1.70141359434993
Macrophage,RHOT1,0.795746982153184,0.767690832320401
Macrophage,JAK2,0.817976,0.790692993751019
Macrophage,SIGLEC11,0.0865135916714863,0.0593435154053407
Macrophage,ERMAP,0.2061324570273,0.179397003106566
Macrophage,SAP30,0.490679035694074,0.46431437171354
Macrophage,PIK3R5,0.75287226469183,0.726848341870499
Macrophage,SMCR8,0.298203474683046,0.272870421736799
Macrophage,CPM,1.71914690199289,1.69392285755615
Macrophage,PPM1M,0.785613309352518,0.760445131677815
Macrophage,CPPED1,1.26288742113906,1.2380296181149
Macrophage,SIRPB2,0.271032,0.246473533932542
Macrophage,TRIM14,0.695391858315115,0.670965007768613
Macrophage,PPARGC1B,0.233349090773428,0.208959375553183
Macrophage,PARP14,1.83654946552512,1.8121783514425
Macrophage,SNX30,0.399578980256209,0.375561961987049
Macrophage,AP3B1,1.07075463934562,1.04731747473408
Macrophage,OAS1,1.48330821252668,1.45989201020665
Macrophage,TBC1D2,0.444750591525313,0.42169704959839
Macrophage,CHCHD7,1.33115647482015,1.3081367323538
Macrophage,ZDHHC7,0.760352568650386,0.737721413944637
Macrophage,SLC38A7,0.30349769291965,0.281485205195216
Macrophage,TESK1,0.355963214194711,0.33396551950003
Macrophage,PLBD2,0.693312727272727,0.672089629133714
Macrophage,CXCL3,1.11698936932633,1.09578873293834
Macrophage,NOD2,0.29261976246708,0.271673372426548
Macrophage,SPRED1,0.880634745762712,0.859707951962119
Macrophage,CCSAP,0.345699637766753,0.325250618625506
Macrophage,SETD3,0.83877612530711,0.818970702197888
Macrophage,PTX3,0.182802123356926,0.163364982245502
Macrophage,CHRNE,0.206850565076454,0.187459497945976
Macrophage,RRAGD,0.438489208633093,0.419126712114924
Macrophage,CLEC6A,0.048792057021484,0.0298130207886643
Macrophage,ABCA1,1.58786907110727,1.56921242359898
Macrophage,AURKC,0.0594936356404137,0.0409243964558399
Macrophage,SIRPD,0.0489693464430308,0.0305988559399658
Macrophage,TMEM121B,0.0548371944121072,0.0368081998598838
Macrophage,SOWAHD,0.149876538835079,0.132220451842681
Macrophage,VSIG10L,0.0836135581347327,0.0660139502541012
Macrophage,TMED5,1.5016404899682,1.48413137267662
Macrophage,LRR1,0.381999600198148,0.364629369266012
Macrophage,SLC7A8,0.539998488464598,0.522884699506663
Macrophage,CERT1,0.872100692785475,0.855292906797584
Macrophage,TUT7,0.966654284844348,0.950222554164672
Macrophage,SLC2A8,0.465334181818182,0.448955746340818
Macrophage,CPNE9,0.0341470377448639,0.0181062118068075
Macrophage,KLHL18,0.496712279025322,0.481093856304799
Macrophage,N4BP1,0.596846296296297,0.581339814240371
Macrophage,CCL13,0.0969823979096057,0.0816254809731666
Macrophage,FTCDNL1,0.201310226527023,0.185984102221837
Macrophage,NRIP3,0.34695709065064,0.331649001163876
Macrophage,ZMIZ1,1.06972483496211,1.05445333337929
Macrophage,PCYOX1L,0.196699587357237,0.181566378848196
Macrophage,GPR155,0.653519604562039,0.638437680824409
Macrophage,CEBPE,0.0468003501796581,0.0320450096216546
Macrophage,GPBAR1,0.381994554758461,0.368266837980208
Macrophage,PFKFB4,0.18375026026605,0.170475064867425
Macrophage,ABHD8,0.347232178619796,0.333998107920988
Macrophage,PDE6H,0.0218797708502932,0.00865656439799768
Macrophage,PLEKHM2,0.671973811931244,0.658811367538348
Macrophage,JDP2,0.497011930342538,0.483936988683649
Macrophage,KIAA0930,1.02961007194245,1.01660766409786
Macrophage,STK40,0.614486825934332,0.602052119616911
Macrophage,GCNT1,0.370050776637535,0.357647395759228
Macrophage,ZDHHC19,0.031934043028363,0.019536803741227
Macrophage,CASS4,0.319727636363636,0.307482138783356
Macrophage,GPR141,0.180857114491589,0.168761138864545
Macrophage,CHUK,0.311978456520368,0.299910521960095
Macrophage,APAF1,0.624488048417748,0.612666730942883
Macrophage,TMEM127,0.813899889147587,0.802419477856276
Macrophage,PAPOLG,0.370009636363636,0.358826060520699
Macrophage,USP6,0.0764672633253779,0.0658586108860402
Macrophage,PDXK,1.62025929819507,1.60973800082015
Macrophage,ALPK1,0.375295454332607,0.3648658646458
Macrophage,SDHB,2.02704768545174,2.01679233003632
Macrophage,MRO,0.0856592721463047,0.0754852837444573
Macrophage,AGPAT3,0.676669784172662,0.666551028027621
Macrophage,HADHB,1.88480301938607,1.87479783390075
Macrophage,SECTM1,0.634460828492946,0.624612862967098
Macrophage,ANOS1,0.209060222489277,0.199238279827977
Macrophage,PRAM1,0.750110185185186,0.740479383894126
Macrophage,DNASE2B,0.0305430908517886,0.0209279622399724
Macrophage,ATF6,1.20229418181818,1.19298022402712
Macrophage,LCP2,2.22491296486781,2.21572273838343
Macrophage,PTPN18,1.3306596291633,1.32146990480459
Macrophage,RPGRIP1,0.0300788310377424,0.0211020979435394
Macrophage,RRP12,0.438558545454545,0.429604034870499
Macrophage,HPS5,0.739447881355933,0.730524099629531
Macrophage,AP4E1,0.238953726708075,0.230536949410763
Macrophage,LILRA2,0.857281597573306,0.848908935214148
Macrophage,CLEC4D,0.217391890618352,0.209243280222272
Macrophage,ACOD1,0.0255725238131198,0.0179574927706151
Macrophage,VDR,0.427393606959267,0.419940157594124
Macrophage,ENGASE,0.285685226267686,0.278427350366696
Macrophage,MPND,0.303632560962806,0.296620274768672
Macrophage,AGRP,0.0303002386634845,0.0233414516308934
Macrophage,HTR7,0.0611091768527777,0.0543516995335625
Macrophage,B3GALT4,0.415138396948329,0.408497675043726
Macrophage,RYR1,0.110476458216213,0.10430180405108
Macrophage,FAM151B,0.0907818615751791,0.0846801659675322
Macrophage,C1orf127,0.0239554255797158,0.0178944786097347
Macrophage,TMEM144,0.316029198166119,0.310083056290458
Macrophage,DHRS4L2,1.0962207557559,1.09070614728014
Macrophage,CFAP97D1,0.0145193696389387,0.00906147828974581
Macrophage,HK1,1.07138065882329,1.06593419043891
Macrophage,OXER1,0.0467403447041985,0.0413075877594983
Macrophage,TPCN1,0.521326444995669,0.516444385631736
Macrophage,GNPTG,1.09497454545455,1.09027174180171
Macrophage,GRIN3A,0.0300598962338336,0.0255541838307601
Macrophage,SLC22A15,0.132804998805375,0.12868130003362
Macrophage,CD5L,0.0167986144960181,0.0127313668843252
Macrophage,M1AP,0.0690907770515614,0.0650501076762397
Macrophage,HS3ST2,0.0534874712004281,0.0495656014740584
Macrophage,HTRA4,0.168722644365297,0.164868566070728
Macrophage,MMD,0.644062991074028,0.640361634904282
Macrophage,FGD2,1.28780586450961,1.28417409905724
Macrophage,HAUS4,0.478947768685256,0.475487193710077
Macrophage,FAR1,0.892805575064033,0.889839018336836
Macrophage,IQSEC2,0.304172670807454,0.301286410461621
Macrophage,NEU3,0.147635744020345,0.144820181406956
Macrophage,SH3D21,0.14409793270277,0.141431054484156
Macrophage,CEACAM3,0.0877282266844028,0.0853025008905475
Macrophage,TMEM60,0.882629099849316,0.880287805814529
Macrophage,TANGO2,0.486030333670374,0.483766215414619
Macrophage,SLC6A7,0.0141559436489325,0.0119423177990705
Macrophage,KRT36,0.00902590788308237,0.00692485707639161
Macrophage,CLEC10A,1.25743677087162,1.25533726860524
Macrophage,TUBGCP3,0.455684396004305,0.45359109694947
Macrophage,IGF2R,0.822452483419201,0.820506919965667
Macrophage,PLB1,0.258194444444444,0.256388910914639
Macrophage,SNCA,0.631143518518519,0.629715566506611
Macrophage,DESI1,0.943854057279237,0.942664926617203
Macrophage,QRFP,0.00935516403885972,0.00819935188057176
Macrophage,TREML4,0.0139772409778813,0.0128267737597155
Macrophage,ARHGEF10L,0.428265526093645,0.42714508176889
Macrophage,CELA1,0.0243056617295748,0.0232067294600224
Macrophage,DLGAP3,0.0802688682853227,0.0792511789125265
Macrophage,CYSLTR2,0.135179413167939,0.134252284719551
Macrophage,CR1L,0.0342304381771031,0.0333725708003777
Macrophage,SLC46A1,0.202994915254237,0.202318721566191
Macrophage,DCANP1,0.00295676932477364,0.00230257934236114
Macrophage,DPEP3,0.0187096500703142,0.0181279788359831
Macrophage,ADGRE3,0.0985292675369742,0.0980289810116071
Macrophage,NAF1,0.418542446043166,0.41805000286172
Macrophage,MEPE,0.00301589057043073,0.00254204793028322
Macrophage,TNFSF18,0.0155603287078044,0.0152953942342258
Macrophage,CEP295NL,0.0134980209545984,0.0136186859308871
Macrophage,CCDC63,0.00151718377088306,0.00169652774084967
Macrophage,ST3GAL6,0.79822231724176,0.798441406595441
Macrophage,EDDM3A,0.00176930381009376,0.00199060117177133
Macrophage,DNAJC13,0.535234660242049,0.535722875463619
Macrophage,DRGX,0.00481391565511615,0.00536404563967016
Macrophage,LLCFC1,0.000850846851145039,0.00141312767522304
Macrophage,FAM209B,0.015238329619878,0.0158603705096132
Macrophage,PLXNC1,0.985579353530535,0.986363529770801
Macrophage,C22orf42,0.00185510806719769,0.00268553346180407
Macrophage,KRTAP5-11,0.000551161553965269,0.00141264100545527
Macrophage,CD200R1L,0.00137023781714443,0.00224988419921335
Macrophage,FAM170B,0.00121429607686224,0.00213048811246626
Macrophage,NTSR1,0.010041990872495,0.0110501850676231
Macrophage,PGA5,0.0106759345796873,0.0117526102543164
Macrophage,SIGLECL1,0.00124905029809989,0.00237690732206861
Macrophage,TARM1,0.000421635736333968,0.00160821755238963
Macrophage,SLC22A16,0.0317936321150055,0.0330319026389741
Macrophage,NEFH,0.0868391770267904,0.0881780297831048
Macrophage,STIMATE,0.152949112294466,0.154533718454657
Macrophage,TXNDC2,0.00345044777800723,0.00512887094939632
Macrophage,CYP7A1,0.000311611402671756,0.00222934971308678
Macrophage,PXT1,0.00882163156893166,0.0109083560264919
Macrophage,MTMR14,1.25173898258461,1.25382746250629
Macrophage,VENTX,0.109157179667768,0.111375425425669
Macrophage,PRKAG3,0.000670261611187049,0.00299874114363097
Macrophage,XKR3,0.00333824653607262,0.00583612304126557
Macrophage,SLC22A14,0.00786468371403112,0.0104801403027326
Macrophage,RAD9B,0.0198169778964371,0.0224522205625211
Macrophage,TRPV5,0.00177584745762712,0.00444985961593117
Macrophage,C2orf80,0.00348443970290331,0.00620130018845636
Macrophage,LDHAL6B,0.00271885440824879,0.00558404559303473
Macrophage,MYBPH,0.00683931394920868,0.00973823397947766
Macrophage,CALCR,0.00864739854269674,0.011691194206043
Macrophage,RS1,0.000841087868185318,0.00392918426982874
Macrophage,ARL14EPL,0.00287900833186468,0.00601823635944792
Macrophage,GPR31,0.0074255080649876,0.0106164512048615
Macrophage,IL1RL2,0.0473102827424286,0.050514721906574
Macrophage,IFNB1,0.00166266000809261,0.00491224252609671
Macrophage,SLC39A12,0.00467829070929071,0.00793090801724647
Macrophage,LRRC74A,0.00221679407548972,0.00549420992804509
Macrophage,CKM,0.0455989420081804,0.0488803056838825
Macrophage,ATP6V1E1,1.88042402245471,1.88371780817305
Macrophage,OR5B21,0.00107350595554568,0.00438479196255475
Macrophage,KLHL8,0.421662549448573,0.425145207807328
Macrophage,PGA4,0.00212313970506429,0.00561001972292677
Macrophage,ETV3L,0.00472057490458015,0.00827247951772473
Macrophage,SETX,1.19548926250166,1.19916012540567
Macrophage,NEUROG3,0.00331082790944136,0.00709509720490842
Macrophage,ELF4,0.320414199097408,0.324231564028541
Macrophage,PGA3,0.00465294751355823,0.00847370109273218
Macrophage,TMEM114,0.00255938006465835,0.00640379174948014
Macrophage,IL36G,0.00246421404682274,0.00631137074289047
Macrophage,PADI6,0.00429588823544008,0.00831950848068636
Macrophage,A4GNT,0.000653719172633255,0.00468467498661184
Macrophage,SLC12A5,0.170811111111112,0.17488632567281
Macrophage,TDRD9,0.0350017488253668,0.0392820060196652
Macrophage,CTNS,0.362715065722952,0.367138348732592
Macrophage,F8A3,0.0286277603764855,0.0330958977059977
Macrophage,OCSTAMP,0.00173222407320492,0.00666591523853175
Macrophage,KLF1,0.0135917659120479,0.0185666670500443
Macrophage,RNASE3,0.0417994971048729,0.0469238376726682
Macrophage,SORL1,1.38595636363636,1.39118343747957
Macrophage,GP9,0.000808135491690886,0.00603904623833884
Macrophage,TMLHE,0.346877767175573,0.352196480691832
Macrophage,SIGLEC5,0.152991947711729,0.158444466694139
Macrophage,SAP25,0.148883575973523,0.154636880610487
Macrophage,TOR4A,0.324677697841727,0.330501659638779
Macrophage,HAUS8,0.264959274040378,0.270783411061695
Macrophage,MYBPC3,0.0288442777266737,0.0347687551879134
Macrophage,NMRK2,0.00164228321400159,0.00757851670899808
Macrophage,WDR11,0.735664748201439,0.741719858934483
Macrophage,SLC26A8,0.00678921787709497,0.0129012033834149
Macrophage,MS4A6E,0.011795163303919,0.0183449454881023
Macrophage,TBC1D22A,0.967557074746617,0.974133121698705
Macrophage,SIGLEC15,0.058132390328123,0.0648712715128756
Macrophage,MOGAT1,0.0251829431438127,0.0319485259045226
Macrophage,GRIN2D,0.0409192596876808,0.0478188867277082
Macrophage,LRRC63,0.0106150979455328,0.0178742584539926
Macrophage,STYXL2,0.00352427626223382,0.0108563080269263
Macrophage,NUMB,1.56828237593073,1.57563773594195
Macrophage,HECA,0.719496302480916,0.72731976229363
Macrophage,SLC18A1,0.013408151718626,0.0213217634690088
Macrophage,DNAH17,0.0610196363636364,0.0689768054471278
Macrophage,OLIG2,0.00547936349527515,0.0134467064066463
Macrophage,IRAK1,0.944201011122347,0.952193573131593
Macrophage,CCDC170,0.296425539568345,0.304454424696244
Macrophage,NXF3,0.00766432197617804,0.0158667204622639
Macrophage,CALML4,0.182907411848503,0.191326453459969
Macrophage,SNX18,0.697311635430611,0.705780091591823
Macrophage,PCK2,0.583768181818182,0.592532098930042
Macrophage,PKD1L3,0.0082709270735356,0.017048377885218
Macrophage,PEPD,1.62602542372881,1.63492979376719
Macrophage,RCOR1,0.590508018347901,0.599691555191562
Macrophage,PABPC4,1.94092003197632,1.9501852831569
Macrophage,C9,0.00903733053062361,0.0183038071731335
Macrophage,IL19,0.016275816086318,0.0259790705317378
Macrophage,KYNU,1.74218964936897,1.75199216351405
Macrophage,LEP,0.00929654689866618,0.019114390608689
Macrophage,SPTA1,0.00286105979531443,0.0126878148681676
Macrophage,NCR3LG1,0.0843799246383097,0.0945091951698474
Macrophage,SLC2A5,0.293741567128524,0.304194230907261
Macrophage,CBL,0.741283672206634,0.75178772285996
Macrophage,MMP8,0.0128171593729631,0.0235390563283834
Macrophage,BMT2,0.263369676752482,0.2742232722562
Macrophage,CLEC12B,0.0153578522647076,0.0264399058430903
Macrophage,CACNA2D3,0.266760753668055,0.278117590584124
Macrophage,SPATC1,0.0231065985344059,0.0345617185551575
Macrophage,NLRP4,0.00144519621155717,0.0130264438435305
Macrophage,HORMAD1,0.0179524674076469,0.0295541847088352
Macrophage,HESX1,0.0930458930914267,0.104732245139186
Macrophage,CLCN6,0.268473300008262,0.280231956932192
Macrophage,USP3,1.13355966909031,1.14533018045424
Macrophage,MEP1A,0.00750075187969925,0.0192728990094709
Macrophage,TPCN2,0.245902436693741,0.258081976312905
Macrophage,SLC9A6,0.22908284213319,0.241368541013786
Macrophage,VPS50,0.31680035971223,0.329105799699057
Macrophage,SLC22A13,0.00214156246093249,0.0144611372504782
Macrophage,ME1,0.346077088305489,0.35849787316595
Macrophage,CLEC1B,0.00470218181818181,0.017132800951552
Macrophage,CMTM2,0.0192309999053816,0.0316854252159657
Macrophage,FAM72B,0.0464682340993952,0.0589655129507821
Macrophage,C4orf33,0.361988432620012,0.374773742445644
Macrophage,PPBP,0.0314772336359292,0.0443200062194879
Macrophage,SLC25A30,0.15275414140221,0.165764113040307
Macrophage,ADRB3,0.00553483267893346,0.0185849901241162
Macrophage,CCDC154,0.0297993797709924,0.042914043161136
Macrophage,CRYL1,0.914528882387015,0.927976751281308
Macrophage,VNN2,0.311538135593221,0.325532868194737
Macrophage,APOC4,0.0016836121160444,0.0159101855619878
Macrophage,KRT31,0.0015499044433827,0.0159294445030998
Macrophage,AZU1,0.0517755151469634,0.0664402033263683
Macrophage,KCNMB1,0.591986111111111,0.607232181346875
Macrophage,NEU4,0.0712814138231889,0.0866322441369139
Macrophage,FCAMR,0.00196552181881966,0.0173632579922515
Macrophage,CAMP,0.0439444519094028,0.0593722114725383
Macrophage,DOCK2,1.56457922449612,1.58001817277782
Macrophage,B3GNT8,0.150597581200312,0.166173014487288
Macrophage,UBL3,1.14592052505967,1.16160230640232
Macrophage,GSDME,0.321480261234301,0.337447117800313
Macrophage,PACSIN2,0.988617179633182,1.0046271622971
Macrophage,KDM7A,0.60011857693068,0.616146415916006
Macrophage,TNFSF15,0.158709454545455,0.174757062715935
Macrophage,SPIC,0.00899061747477109,0.0250993194103905
Macrophage,MASTL,0.258690135242641,0.274825456736218
Macrophage,INPPL1,0.492659125836569,0.509192159259496
Macrophage,TDRD7,0.183249165541589,0.199895549215706
Macrophage,LRRC39,0.0242827662182954,0.0410956415335769
Macrophage,ZNF780A,0.273880586450961,0.290793918175964
Macrophage,CELA2A,0.00267542372881356,0.0196983383486865
Macrophage,AKAP10,0.476713643311576,0.494177043624079
Macrophage,CLPB,0.307618527673613,0.325176870693574
Macrophage,IER3,3.30408754009125,3.32169952721611
Macrophage,MYO9B,1.56056929732699,1.57839267732776
Macrophage,FHAD1,0.157000124709408,0.175286730005883
Macrophage,LIPN,0.0638314545454546,0.0821229917365404
Macrophage,FRAT1,0.17371101249648,0.192298662793114
Macrophage,ASGR2,0.302913337336973,0.321683731866778
Macrophage,LRRK2,0.786414825496881,0.805203015536955
Macrophage,BICD2,0.611501387892135,0.630558384908366
Macrophage,SRC,0.392769660774009,0.412020062189698
Macrophage,MT1HL1,0.018244306858931,0.03750607546492
Macrophage,NHLRC3,0.893152559282822,0.912500452541078
Macrophage,KBTBD8,0.268847222222222,0.288247085128829
Macrophage,AMZ1,0.0422138888888889,0.0617747313475595
Macrophage,MGAM,0.0399532219570406,0.0596001288367821
Macrophage,MYO7A,0.145554638388392,0.165484471505428
Macrophage,PGAM4,0.00445749003278515,0.0248297322542588
Macrophage,HEATR5A,0.312861510791367,0.333502923104022
Macrophage,PEAK3,0.0712798176304538,0.0920315336518513
Macrophage,WDR26,0.978991310830152,0.999802711676537
Macrophage,STAT5A,0.690947222222223,0.711861070081245
Macrophage,RABGGTA,0.558975757203016,0.579976173088186
Macrophage,SYT6,0.0128521582733813,0.0339140734337443
Macrophage,ZMYM6,0.294227649189291,0.315342495130475
Macrophage,CLN8,1.12080887032617,1.14207864257526
Macrophage,MYO1A,0.0172167755991285,0.0386034081083693
Macrophage,CEPT1,0.6348847478101,0.656311807727765
Macrophage,ACP3,0.238791765971425,0.260264858189393
Macrophage,FUT4,0.183142871587462,0.204823490790915
Macrophage,FFAR3,0.0579860465116279,0.0799199120039555
Macrophage,CASR,0.00296609005326321,0.0250540886929605
Macrophage,NCKAP1L,2.04504955412416,2.06725394446097
Macrophage,OAS3,0.698527747252748,0.720801258566343
Macrophage,LTB4R,0.344382381226196,0.366983272091331
Macrophage,XCR1,0.0301037680598386,0.0527103268428988
Macrophage,OSGEP,0.842642107806215,0.865358878939522
Macrophage,ARMH3,0.391983509651468,0.415355021637995
Macrophage,RHOQ,1.12904351851852,1.15265969079844
Macrophage,GNA12,0.517346916076846,0.541022410068103
Macrophage,SPDYA,0.0610341033184498,0.0847102333612659
Macrophage,COMMD10,0.876084812851986,0.900162503149784
Macrophage,ABCC11,0.00739993503083803,0.0316017930995463
Macrophage,GFRA2,0.0781639367929233,0.102615064937002
Macrophage,ST18,0.0914467039195105,0.116322574922103
Macrophage,TRH,0.0190470167064439,0.0439912643643002
Macrophage,PROK2,0.0378523636363636,0.0629004554197836
Macrophage,PPP1R17,0.0143195368803783,0.0395442595571365
Macrophage,SLC46A2,0.0636035662934586,0.0890527701865238
Macrophage,FFAR2,0.145283747412771,0.170829596790791
Macrophage,FOLR3,0.109191602513723,0.134738419652619
Macrophage,PP2D1,0.0023468924350435,0.0286150551979411
Macrophage,SLC39A8,0.736411211880847,0.762824350040931
Macrophage,TMEM163,0.135667264824745,0.162199484153849
Macrophage,FAM9B,0.00362333693127267,0.0301586677293892
Macrophage,TMPRSS9,0.00730576714890267,0.0338942936634247
Macrophage,AP2A2,0.906979359371206,0.933696623068529
Macrophage,ABHD16B,0.00121250915221939,0.0280783743376598
Macrophage,KCNN4,0.42414537037037,0.451642732336676
Macrophage,GZF1,0.375839642007012,0.40335878489059
Macrophage,MVB12B,0.235649841194845,0.26319241464147
Macrophage,BIRC7,0.0544504199254267,0.0820164200560801
Macrophage,GRIN3B,0.00667622664264246,0.0348073637870159
Macrophage,GLMP,1.02942024175132,1.05758435053047
Macrophage,CCL8,0.207537711864407,0.235745408375637
Macrophage,HFE,0.156992039596197,0.185248492792415
Macrophage,GLDN,0.0939616151702229,0.122438259990682
Macrophage,PIWIL4,0.0461431715171756,0.0749597139199505
Macrophage,CEACAM21,0.202999672327429,0.232512435609595
Macrophage,ITLN1,0.0564397997789302,0.0860735806042262
Macrophage,PLA2G2D,0.0570948556666766,0.0875261635240112
Macrophage,RNF175,0.0560818181818182,0.0865478833986296
Macrophage,CYP2S1,0.352033104968895,0.382642863920163
Macrophage,CCDC13,0.0390614545454545,0.0699569331641184
Macrophage,ATP6V0D2,0.104014909090909,0.134926099764628
Macrophage,RPH3A,0.0248641914508532,0.055854101663911
Macrophage,VPS26C,0.703069818181819,0.734069617383698
Macrophage,DGLUCY,0.63556264695922,0.666688567579816
Macrophage,P2RY12,0.0443143902000212,0.0756358145185497
Macrophage,MAN2A2,0.339111926197203,0.370490135793055
Macrophage,VPS11,0.371694574216927,0.403366389586936
Macrophage,STAT6,1.2039550730138,1.23573903387265
Macrophage,CYP27B1,0.0493151558797531,0.0812818393041589
Macrophage,PHAF1,0.301038060811369,0.33319201961888
Macrophage,KCNJ5,0.119158325724055,0.151366663444604
Macrophage,GAB3,0.435447823973149,0.467705153569856
Macrophage,ADGB,0.00393055415841963,0.0365011383028952
Macrophage,TLR7,0.512194909090909,0.544899011609286
Macrophage,FMN1,0.369637288135593,0.402372415229195
Macrophage,KCNJ10,0.0405106578327005,0.0733487814645959
Macrophage,TRIM36,0.125662487263246,0.158587348817747
Macrophage,PNPLA1,0.0160156088405911,0.0492138092636313
Macrophage,SGTB,0.457251365015167,0.490733150726379
Macrophage,KDM1B,0.432834293865224,0.466322342401381
Macrophage,RABGEF1,0.315633480112468,0.349134192531569
Macrophage,AMDHD1,0.0347102566089607,0.0682957885784362
Macrophage,OLIG1,0.0465581225311963,0.0804259591943395
Macrophage,CD163L1,0.156923383655451,0.190860513040355
Macrophage,CLEC9A,0.108883619817998,0.143463293068984
Macrophage,ZFYVE26,0.260910391782131,0.295603405708397
Macrophage,VNN1,0.206382514312977,0.241173436444837
Macrophage,GSAP,0.84826157735086,0.883143142007456
Macrophage,CORO7,0.7751801951292,0.810158594926692
Macrophage,RXRA,0.758036942393213,0.793138048472423
Macrophage,ZNF592,0.348032337023878,0.383201928956355
Macrophage,AOAH,1.83573977757991,1.87131582832842
Macrophage,CYP17A1,0.00665381818181819,0.0428965998979389
Macrophage,DGKG,0.0979267272727273,0.134268941530242
Macrophage,CR1,0.301041768043605,0.337548691031854
Macrophage,ARHGAP4,1.4066692211355,1.44334488848729
Macrophage,NBN,0.916270008529766,0.953038278873474
Macrophage,TMEM236,0.0549351641861564,0.0917149096014438
Macrophage,S100B,0.724216463224143,0.76155212927776
Macrophage,TRAPPC11,0.385839271230916,0.423189272859873
Macrophage,HIPK1,0.809171613197841,0.846578786553004
Macrophage,DOCK11,0.74120441949355,0.779003083224806
Macrophage,GATM,0.820995147626525,0.858881188240328
Macrophage,NSG2,0.000536892328877018,0.0384392592592592
Macrophage,TMEM255A,0.0639772293907462,0.102098393735981
Macrophage,TMPPE,0.0388388888888889,0.0770834799043198
Macrophage,EXOC1,0.807840311204772,0.847366688860743
Macrophage,C3orf62,0.30487330033397,0.34446389442039
Macrophage,SLC47A1,0.140021610169492,0.179923925859036
Macrophage,ASB14,0.00283012052014647,0.0427944225772235
Macrophage,TULP2,0.0165865936716299,0.0566744041699988
Macrophage,VSTM1,0.120913065,0.161192575444298
Macrophage,TICAM2,0.0301305454545455,0.0705067308728192
Macrophage,CXCL11,0.163195851490405,0.203811038642008
Macrophage,SPOPL,0.45687045382846,0.497779315905084
Macrophage,HADHA,2.27686380247708,2.31777855966448
Macrophage,ADAP1,0.285713086714399,0.327020668561179
Macrophage,PLCB2,0.844429454545455,0.885982687777055
Macrophage,GRK2,1.13570224938933,1.17745641415498
Macrophage,CDH20,0.00613270038477313,0.0479010873559681
Macrophage,URAD,0.000900506084935874,0.0427545547844754
Macrophage,GAS7,0.704437732380402,0.746321568572859
Macrophage,ZNF804A,0.117815065722952,0.159834393763604
Macrophage,SLC32A1,0.0028810144172312,0.0451857784901186
Macrophage,TLN1,2.35617012642444,2.39886736754909
Macrophage,LFNG,0.398193526039178,0.441102184245811
Macrophage,ELAVL4,0.0950508437107112,0.138174529962089
Macrophage,SNX29,0.811212037037037,0.855285571108578
Macrophage,ANKRD13D,0.642159745762712,0.686414796373166
Macrophage,IL1RAP,0.525570206841687,0.571324714577679
Macrophage,MEFV,0.271651573737899,0.317676886192252
Macrophage,CHRFAM7A,0.0270117735544805,0.0738376422939207
Macrophage,TET3,0.358381557572862,0.405258794709199
Macrophage,FCAR,0.189447073472658,0.236427632090835
Macrophage,CD300LB,0.2535597448618,0.301542902766641
Macrophage,MAP3K5,0.431450344112019,0.480544856564258
Macrophage,GOLGA8S,0.00807535553416611,0.0572014810220131
Macrophage,SIPA1L1,0.733367815749686,0.782973446578478
Macrophage,MAN2B2,0.457087983755375,0.506839660063094
Macrophage,DENND4B,0.542671255378037,0.59276390451361
Macrophage,SLC24A4,0.231265775098208,0.282593575845459
Macrophage,FES,0.961993756321408,1.01426022541824
Macrophage,TMEM37,0.482951818181819,0.535378771810748
Macrophage,ZSWIM6,0.758752187748608,0.811964809892635
Macrophage,TNFSF9,0.16029944725287,0.214509660968886
Macrophage,RASSF3,0.868342353135587,0.923359183515712
Macrophage,ACSM5,0.0732874762455589,0.128323605286918
Macrophage,HAL,0.0247516989477694,0.0802708610716146
Macrophage,IL17RA,0.979863135593219,1.03619721836986
Macrophage,MTMR10,0.365542864003783,0.422112671976716
Macrophage,ALK,0.00682173062987207,0.0652596409226626
Macrophage,SLC25A34,0.0429746559573824,0.102037749572675
Macrophage,SDCCAG8,1.33665546499724,1.39680506663298
Macrophage,ZNRF2,0.349164405160057,0.409398448566424
Macrophage,CATIP,0.0369453858392999,0.097859299860044
Macrophage,P2RY11,0.274770095013313,0.3359395007681
Macrophage,EEPD1,0.255160363636364,0.317332926894016
Macrophage,ABHD5,0.725083831201211,0.787562982884732
Macrophage,THAP2,0.602159712230216,0.664641853159621
Macrophage,ANKRD66,0.00758429485609243,0.0701126424183436
Macrophage,OXSR1,0.669736000957865,0.733193060728912
Macrophage,DOP1B,0.389010616597999,0.452677954918562
Macrophage,MPO,0.0313278838504376,0.0951167820581947
Macrophage,C8B,0.000418961403107207,0.0646077882762993
Macrophage,MAPK14,0.609032549293167,0.673945430906107
Macrophage,RPS6KA1,1.07195530176527,1.13753972393582
Macrophage,EGR2,0.713903858547468,0.779558798795928
Macrophage,NEURL1,0.0920815035799522,0.158246751027274
Macrophage,LOXL3,0.284817087967644,0.35178869264217
Macrophage,GDAP2,0.361131938577272,0.429160177524578
Macrophage,TLR6,0.260882675782864,0.332637820614031
Macrophage,UBE2R2,1.33335559926292,1.40532647630877
Macrophage,WDR7,0.23612701396348,0.308481388724343
Macrophage,FCGR3B,0.0846092497614504,0.157136478393183
Macrophage,TDP2,0.777720645707676,0.851096309011181
Macrophage,AGO4,0.371522260114266,0.445155006545879
Macrophage,VSIR,2.77241036433875,2.84689603878157
Macrophage,SMAP2,2.16006052664543,2.23501484205609
Macrophage,S100Z,0.145363305377471,0.220633392933662
Macrophage,QKI,2.11132345803842,2.18896971352896
Macrophage,EPHB2,0.230120675003092,0.30931294886133
Macrophage,LPL,0.274850031180327,0.354311507928933
Macrophage,MBD2,1.09425907761894,1.17445999813941
Macrophage,HSPA6,1.07043898305085,1.15266416208151
Macrophage,NPHS1,0.0238642857142857,0.107567299880093
Macrophage,RTN1,0.569926731963688,0.654389403749713
Macrophage,CAPN3,0.123847990854973,0.208453472031588
Macrophage,CTRB2,0.00127915672235481,0.0861499756389682
Macrophage,NRG1,0.189591623134338,0.274921491185982
Macrophage,GSDMA,0.0726060259947299,0.158983843266385
Macrophage,RAB24,0.480612949640288,0.567616079229465
Macrophage,IFI44L,1.4744981086636,1.56392719556431
Macrophage,SERPINB2,0.0730116239826663,0.162634254557734
Macrophage,NCOR2,0.909949363564042,1.00073111160578
Macrophage,DAO,0.00306949152542373,0.101340606183059
Macrophage,ALOX15B,0.197336391462599,0.297929836378821
Macrophage,NCSTN,1.00779990249608,1.10908770051317
Macrophage,TAB2,0.745880783813409,0.849952715904336
Macrophage,DENND1A,0.40890242669363,0.515895875278277
Macrophage,RANBP2,1.29576369958468,1.40395927268351
Macrophage,LILRA5,0.734620727476828,0.84298383099939
Macrophage,TBRG1,1.13151183415764,1.24424993531087
Macrophage,SULT1A4,0.0131496691694097,0.127718650583582
Macrophage,WTAP,1.96806452678634,2.08407402352114
Macrophage,MEGF9,0.508308366315083,0.625849839432675
Macrophage,DPYS,0.0227495300476416,0.142589468605152
Macrophage,RGS18,0.920097186647939,1.04048751966633
Macrophage,NLRP12,0.129829818181818,0.250880885733262
Macrophage,FKBP5,2.01485593772757,2.13683983306614
Macrophage,SLC35F6,0.859973815788009,0.984725330634121
Macrophage,EP300,0.785094123357845,0.921220503665903
Macrophage,ABCC3,0.619737027990889,0.756740670701578
Macrophage,SSH2,1.03322341137124,1.17028804335361
Macrophage,FAM156A,0.0147710239651416,0.152043966661564
Macrophage,TRPS1,0.590707262302915,0.729690049713776
Macrophage,NBPF10,0.273989406779661,0.416848985537566
Macrophage,TRIP12,1.05654078327687,1.20479863143364
Macrophage,C6orf62,2.31288818181818,2.46329534081566
Macrophage,PARP9,1.03115699546756,1.1833518313852
Macrophage,ABHD2,1.13884770349866,1.29273074430674
Macrophage,SRGAP2,0.819814388489209,0.979702475346593
Macrophage,SHOX,0.00735951542437674,0.176051969643156
Macrophage,HP,0.0531279084751858,0.246394940743718
Macrophage,CCL20,0.593760768452983,0.790594975142168
Macrophage,SLX1B,0.0484262706343558,0.247983563159535
Macrophage,NOTCH2NLA,0.230750256803027,0.430947203451564
Macrophage,MT1H,0.246207429526995,0.456898473379578
Macrophage,TNFSF13,0.14275462962963,0.368101945778914
Macrophage,DBNDD2,0.0341456794016941,0.259956967623614
Macrophage,FCGBP,0.235474940334129,0.484992415137384
Macrophage,H2AC19,0.114780154349191,0.368142175089218
Macrophage,SCGB3A2,0.00460281529443895,0.286114519993815
Macrophage,GNG10,0.323172766364071,0.608027620378412
Macrophage,PAX8,0.102901146679408,0.414011749791223
Macrophage,NPIPB3,0.0356295918367348,0.395933353364723
Macrophage,S100A12,0.489049576271187,0.902706076602297
Malignant,MCM7,1.69360508507382,0.686367729634481
Malignant,NME1,3.02408329639645,2.06352494255382
Malignant,NONO,3.00819659661344,2.24465310970156
Malignant,PAICS,1.72467624669279,1.03165494865364
Malignant,PFDN2,3.09700615081922,2.47082286314682
Malignant,MZT2A,3.02655567376882,2.40645455088412
Malignant,NHP2,3.29342865121473,2.70737099833224
Malignant,VBP1,1.76505246092962,1.18047489688163
Malignant,C1orf43,3.03997281684222,2.46580114415465
Malignant,CCT3,3.23117919955449,2.6570391482825
Malignant,TXNRD1,1.56623498566635,1.00803939118384
Malignant,PSMG3,1.63163885177558,1.07451998531933
Malignant,CCT6A,3.00134681847891,2.44497146356526
Malignant,MDK,3.721959187311,3.18237040289484
Malignant,PAFAH1B3,1.81734017864263,1.28327708463827
Malignant,NELFCD,1.57737705029664,1.04943150184455
Malignant,SRP9,3.90384056535433,3.37689619525948
Malignant,POLR2J,2.79612436955963,2.26967244775422
Malignant,PKM,4.94727302472497,4.42454561778177
Malignant,POLD2,1.94071049406213,1.41844984698198
Malignant,ILF3,2.42544835723665,1.90828774364649
Malignant,HACD3,2.15929160761799,1.64840593100297
Malignant,ARPC1A,2.84615222322058,2.34765794547242
Malignant,TYMS,0.906184083407754,0.408314383358923
Malignant,CBX3,3.3500675368674,2.85960563324389
Malignant,CSNK2A1,1.6775581081971,1.18815096162899
Malignant,PCNA,1.64813317941726,1.16300198150372
Malignant,SDR39U1,1.24703274011028,0.762773454110835
Malignant,BUD31,2.88262157971068,2.40049860385664
Malignant,CCT5,2.63391760283505,2.15272457229545
Malignant,MCM4,0.839010690790594,0.363286717365844
Malignant,SCD,1.35421467576355,0.881753174608119
Malignant,IARS1,1.39643042734756,0.930272520780894
Malignant,TAF9,1.95558323226574,1.4897581568071
Malignant,TCERG1,1.48135579309375,1.01560154528752
Malignant,PSMB4,2.85568730457087,2.39054449076165
Malignant,PRDX2,4.02288857476989,3.5590357709664
Malignant,SMARCE1,1.90707907447136,1.44383914571448
Malignant,CCT2,2.59774103951707,2.13789068185905
Malignant,RPL7L1,2.04299435071643,1.58505743860813
Malignant,LSM7,3.19652294541604,2.7437290183271
Malignant,NCBP2,1.78020588110696,1.32785167216398
Malignant,MRPS34,2.68956345776664,2.23914959042826
Malignant,NDUFB8,3.2798286301309,2.83460128617137
Malignant,FARSB,1.01174006871565,0.567252984674879
Malignant,TSN,1.53632404137194,1.09623034544847
Malignant,DTYMK,1.28797621693672,0.849425278317127
Malignant,SNRPA1,1.63253407826649,1.19669845193074
Malignant,UBE2T,0.754812777854987,0.325466754013942
Malignant,CKS1B,1.99018938333939,1.56336381362753
Malignant,RNPS1,2.56546400500343,2.1445044294184
Malignant,MAD2L1,0.879108545988534,0.458589094691076
Malignant,IDH3B,1.85437193362852,1.43560765518485
Malignant,USP14,1.44451959289946,1.02633940802419
Malignant,SRSF1,1.97636995088051,1.56238323999775
Malignant,GMPS,1.20880979189065,0.802634722162963
Malignant,MZT2B,3.76191619728899,3.35705833730518
Malignant,CHCHD2,5.54501629772094,5.14027748777838
Malignant,ACP1,2.71815555608793,2.31377081413222
Malignant,SET,3.96596401879037,3.56305194671181
Malignant,CSE1L,1.13793543118634,0.735663921949067
Malignant,PMF1,1.69447959339136,1.29253685700229
Malignant,CMSS1,1.25787658998329,0.85673825182692
Malignant,RCN2,2.4404421153504,2.03955036953891
Malignant,ZNHIT3,1.54324860316519,1.15189405398605
Malignant,CCT4,2.74923992763232,2.35977756681118
Malignant,COPZ1,2.48103198722953,2.09191775895312
Malignant,ILF2,2.81241799079004,2.42336777263745
Malignant,SNRPE,3.52473627861847,3.1357598208038
Malignant,TOMM5,1.62199076136978,1.23360973960887
Malignant,MSH6,0.882862133082226,0.494746482679744
Malignant,MRPL37,1.61893954327486,1.23286690071595
Malignant,POP7,1.61782896978535,1.23186258239787
Malignant,CCT7,2.5801952835987,2.19587363563925
Malignant,RAD23A,2.81886407989312,2.43454653761592
Malignant,DENR,1.87330107149886,1.49078897981256
Malignant,CCND1,2.47585183891847,2.09461553683639
Malignant,PTGES3,4.23028903969259,3.85037490482454
Malignant,COA1,1.63950763957887,1.26046830607051
Malignant,PUF60,2.45075585065883,2.07196272415488
Malignant,NOP56,2.16733244220894,1.7904199528705
Malignant,DHX9,1.69763692326275,1.32360514171749
Malignant,CBX5,1.64725880946996,1.27398420705445
Malignant,HNRNPR,2.66371526946152,2.29161992103027
Malignant,USP39,0.983949947397296,0.614175247552413
Malignant,MSH2,0.780507107289424,0.411418662233873
Malignant,STMN1,3.57478905212969,3.20765352959764
Malignant,DGUOK,2.2524569454834,1.88585930890752
Malignant,DARS1,2.17546120959315,1.81205377294503
Malignant,WDR12,0.769584167010985,0.407875456122613
Malignant,LYPLA1,2.20776609350953,1.84661334462744
Malignant,GPS1,1.47721249267613,1.11736323536432
Malignant,OLA1,2.01999370416236,1.66036073452985
Malignant,C8orf33,1.3803417497454,1.02204780820232
Malignant,CHTOP,1.76863340175692,1.41062877743288
Malignant,NAXE,2.2665067615115,1.90871741555631
Malignant,BZW2,1.64024440205844,1.28288750889369
Malignant,PIGX,1.09803121858543,0.741740092809691
Malignant,PSMD4,2.89850078366452,2.54402087126214
Malignant,PSPH,0.743646888629942,0.389621259145191
Malignant,GINS2,0.573160946327622,0.219197336624365
Malignant,TIMM10,1.76870397965247,1.41486913334221
Malignant,PSMD14,1.77866296193264,1.42502275043252
Malignant,PSMD11,2.01303382397083,1.66015429358018
Malignant,SQLE,1.34805464432498,0.995528210822825
Malignant,PRELID3B,1.67595725649925,1.32363591850456
Malignant,GART,1.02963690657044,0.67855564850328
Malignant,CSNK2B,2.92139277565109,2.5761402084291
Malignant,POLR2H,2.00483891626171,1.66064205013823
Malignant,XPOT,1.01840717007343,0.674662529584303
Malignant,SAE1,1.25285644843814,0.910153902310741
Malignant,PSMD3,1.68727177653201,1.34460683548282
Malignant,RPS19BP1,2.62738307668445,2.28574458109079
Malignant,RAD51C,0.899468615060509,0.558489156561468
Malignant,SSBP1,3.2440464379681,2.90364893536087
Malignant,NAA15,1.15128063321936,0.810919040343273
Malignant,TMEM14A,1.86388844156363,1.52357155162537
Malignant,TARS1,1.40677835732528,1.06829825018687
Malignant,CHCHD3,1.45634769967829,1.11838063381478
Malignant,WDR54,1.06180501743619,0.724375872217242
Malignant,PCLAF,0.961406101763198,0.624180912969249
Malignant,GLO1,2.14956320254868,1.81240753653578
Malignant,HMGA1,2.5664863878943,2.22970534588218
Malignant,RBBP4,2.02300782138694,1.68667703966629
Malignant,FLAD1,1.00922890074055,0.673230259326866
Malignant,ALKBH2,0.886510441694789,0.550922178879604
Malignant,NEDD8,4.0455530353619,3.71043811160402
Malignant,MEA1,1.98118316811546,1.64699334698288
Malignant,ADK,1.29732432374694,0.96366975702169
Malignant,NOL11,0.959678756314015,0.626152369865291
Malignant,GAPDH,7.6771211871882,7.34408077954725
Malignant,LYRM4,1.42089537815609,1.08797356843647
Malignant,PSMB7,3.06014089598014,2.72749828400368
Malignant,TMX2,1.67431283597662,1.34179514408519
Malignant,APEX1,2.65176623855439,2.3195671993645
Malignant,HSPE1,4.55283978123001,4.22162193402236
Malignant,DYNLRB1,3.54686544688045,3.21590966324026
Malignant,ARL16,1.41824180726476,1.08856372089018
Malignant,IMMT,1.44133813296552,1.11232652567842
Malignant,RBBP7,2.06569422177718,1.73784111536099
Malignant,P4HB,4.33214931674882,4.0054586045369
Malignant,ADRM1,2.3148737100842,1.98855599737037
Malignant,CPSF6,1.37219001499697,1.04605004491028
Malignant,MRPL36,1.93452717919467,1.60900755717903
Malignant,BAZ1B,1.50816454919896,1.18269411645684
Malignant,DKC1,1.39619066328168,1.07126109212011
Malignant,FARSA,1.22849695485597,0.903597892615454
Malignant,UBE2V2,1.98482167711437,1.66039056042715
Malignant,STIP1,1.64213538175474,1.31842503319751
Malignant,PDCD5,2.73191658562654,2.41002491139077
Malignant,FANCL,0.756216207052443,0.434709365273841
Malignant,FBL,2.54875980572625,2.22814036126807
Malignant,FUBP1,1.57864120678576,1.25827837914545
Malignant,NSFL1C,1.52769102964431,1.20759588465996
Malignant,TCP1,2.54851067235703,2.22857242647762
Malignant,DDB1,1.64292841335374,1.32393243050804
Malignant,VDAC1,3.34558951480711,3.02862138984452
Malignant,GMNN,1.12816838217248,0.811340503219427
Malignant,PRPF6,1.75559530537789,1.43955672232724
Malignant,PDRG1,0.852972714237445,0.537685312916982
Malignant,VDAC3,2.15512687717778,1.84084821935596
Malignant,CENPU,0.589044897601674,0.27541053458433
Malignant,ENOPH1,1.11988255395446,0.806960252104666
Malignant,IP6K2,1.91776387665948,1.60531690175526
Malignant,YWHAQ,4.03488806499577,3.72288571451221
Malignant,HSF1,1.49321385146895,1.18163645775289
Malignant,CAPRIN1,1.74400795623742,1.43255645110387
Malignant,RUVBL1,1.20469325679398,0.893561338547391
Malignant,PSMF1,1.91207518622067,1.60100997835816
Malignant,DCUN1D1,1.1049881890084,0.794364417887814
Malignant,ZFAND6,2.15064106819947,1.84031493042962
Malignant,PPP4R3B,1.39636506180051,1.08605903460969
Malignant,TIMM44,1.15209092559419,0.842751346552743
Malignant,MCM2,0.498960560430183,0.189647298687498
Malignant,CDKN2AIPNL,0.983990507837811,0.674886812100322
Malignant,PTCD3,1.1022295009239,0.795201800427379
Malignant,FEN1,0.66260234492039,0.355935503558264
Malignant,NDUFAF8,2.26250822967617,1.95601340136281
Malignant,PPAT,0.592124033134556,0.286501060319266
Malignant,MRPL21,2.01353458435746,1.70830230743698
Malignant,DRG1,1.30966174842025,1.00448578637228
Malignant,TMEM97,0.868499803815481,0.563980643023145
Malignant,ATP5PO,4.00829616190583,3.70414189815675
Malignant,EIF4H,2.57881843400347,2.27567151386143
Malignant,FKBP3,2.05652082988547,1.75375586827249
Malignant,LMNB2,0.653689517205071,0.351172135716751
Malignant,EEF1E1,1.4664677071424,1.16707729128324
Malignant,ACTL6A,1.24953629152092,0.950465580372008
Malignant,RRM1,0.947412979227441,0.648748130215097
Malignant,TMEM41B,1.22601931905409,0.927695757007133
Malignant,RSL1D1,3.03101540740319,2.73275750520775
Malignant,SUPT16H,1.60539533360888,1.30724210268524
Malignant,ZDHHC4,1.43764131482008,1.14027966118297
Malignant,SBNO1,1.27576080703631,0.978982910831977
Malignant,EIF2S3,2.34449176964214,2.05067370697437
Malignant,NSUN5,1.07079391470616,0.777054272501093
Malignant,CNOT7,1.75527497010621,1.46331226538875
Malignant,ODC1,2.0610031067217,1.76954982219908
Malignant,PRKDC,1.67506889229267,1.38366030444263
Malignant,FBXO22,0.918928264302499,0.627700668922677
Malignant,PSMA1,3.10060221181234,2.80963667860803
Malignant,CANX,3.78135648180366,3.49074789489638
Malignant,HBS1L,0.926240712237669,0.636275342961248
Malignant,ETNK1,1.48421402794996,1.19486691986037
Malignant,ELOF1,1.63769408087635,1.34867647040855
Malignant,CBX1,1.43677417449668,1.1479711639945
Malignant,LRPPRC,1.44550788444212,1.15766770055932
Malignant,DCAF7,1.67215521506773,1.38440626720111
Malignant,SUMO1,3.37613795725432,3.08857516604984
Malignant,MRPS16,2.02990069988954,1.74240323975322
Malignant,COX20,2.36468510458607,2.07760166647843
Malignant,MRPL12,1.94707849477068,1.66007777645567
Malignant,NDUFA7,1.52279450074729,1.2358766313926
Malignant,FLVCR1,0.601004917768462,0.314095047671254
Malignant,VTA1,0.983738922366087,0.696902831449451
Malignant,WSB2,0.972369588567585,0.68604328190787
Malignant,NUBP2,1.51087930382114,1.22561966682401
Malignant,NUDCD2,1.59308360673595,1.30784112304563
Malignant,NDUFA9,1.77610007091653,1.49088191164623
Malignant,MRPS12,2.02573535589844,1.74086980080039
Malignant,METTL23,1.36257233516992,1.07823234149468
Malignant,CLPP,1.64821589583657,1.36396458413306
Malignant,VPS72,1.12842677414292,0.844437276325044
Malignant,GGPS1,1.28690462742327,1.00295493562153
Malignant,ZCRB1,2.20000699458086,1.91657919718896
Malignant,YEATS4,1.00485139458906,0.723522276574258
Malignant,AZIN1,1.70786486689925,1.42684723786746
Malignant,USP5,0.804248756799025,0.523655669633319
Malignant,EIF3B,1.56612533514557,1.28558910136829
Malignant,CHRAC1,1.06622971475859,0.78580393611369
Malignant,MRPS23,1.64871199935808,1.3688613095928
Malignant,DCAF13,1.25949925126579,0.980238422781641
Malignant,TMEM9,1.75416808040049,1.47529389531724
Malignant,RBMX,3.32066747294312,3.04233715032509
Malignant,CIAO1,1.21890345523909,0.941409295190376
Malignant,SRSF10,2.29751039288598,2.02012451690673
Malignant,TRAP1,1.43496702097484,1.15783506043522
Malignant,IMP3,2.0212515436411,1.7448814703198
Malignant,UBE2C,0.656501135656241,0.380154102590723
Malignant,CEP20,1.02947715453877,0.75316687515952
Malignant,MYO19,0.684931638431913,0.409244915563546
Malignant,COPS3,1.35739063993014,1.08194691432363
Malignant,NUDT5,1.60933884301486,1.33391482814762
Malignant,RBM28,0.796788919379663,0.521456458285429
Malignant,TRIM27,1.15198814476557,0.877437963980611
Malignant,ERI3,1.37489966501822,1.10078232300857
Malignant,GOT2,1.21681379099319,0.944185860036906
Malignant,GPATCH4,1.12280767845234,0.850303343359738
Malignant,PTPN11,1.19671085498903,0.924272916119378
Malignant,SOD1,4.74355873520312,4.4721251884107
Malignant,MRPS14,1.51199697932642,1.240628808672
Malignant,PSMA2,2.86857376509819,2.59740017948651
Malignant,NT5C3A,1.48910860260832,1.21813299601575
Malignant,PDAP1,2.37983770650512,2.10892493278633
Malignant,HSPD1,4.05690125310063,3.78769085607378
Malignant,MRPS15,2.10957271326726,1.84056805254156
Malignant,DDX56,1.08062564354209,0.811965135600676
Malignant,RUVBL2,1.51793972872725,1.24931149058502
Malignant,LSM5,2.74550024446474,2.47748153569044
Malignant,LSM12,1.34998307915597,1.08264642617773
Malignant,UBAP2L,1.13068041528226,0.863954111330262
Malignant,TRIAP1,1.16864271213082,0.902542255373298
Malignant,BIRC5,0.652746361145,0.386923523714076
Malignant,MRPL9,1.55252371518473,1.28686663640624
Malignant,RFC4,0.652774539065703,0.38787788693586
Malignant,MIF,5.19420202257337,4.92954240913338
Malignant,MRPS17,0.691160276745405,0.426616981398005
Malignant,MARCHF6,2.03735895852392,1.77378917959396
Malignant,ALG8,0.885846793387328,0.622296419235909
Malignant,COA6,1.51852817131573,1.25506504223794
Malignant,DNAJA3,0.835766833385079,0.572735505820606
Malignant,MTX2,1.46387771368115,1.2017800310195
Malignant,DCTN5,0.922745023673228,0.660946962916925
Malignant,SENP5,0.94468340257991,0.683440326596379
Malignant,ATG4B,1.09744620246122,0.836493163002096
Malignant,UBQLN1,1.42305392058216,1.16273348149956
Malignant,PPM1G,2.22887960028574,1.9687052487071
Malignant,SELENOH,3.59630091002798,3.33612874504694
Malignant,THOP1,0.669934898203841,0.409771178168771
Malignant,NTPCR,1.34371490952466,1.08386042964639
Malignant,RPLP0,7.35753981751224,7.09833996363714
Malignant,SCAMP3,1.33807945865486,1.07895908277048
Malignant,SNRPD2,4.45238377320809,4.19331505175312
Malignant,SF3B3,1.07469725363803,0.815673737558129
Malignant,ZNF146,1.05635456703242,0.797688423346153
Malignant,SDHA,1.76924799562639,1.51063355701901
Malignant,ERGIC3,3.20293599809969,2.9443516272499
Malignant,IARS2,1.56120836857033,1.30339224271829
Malignant,NPM3,1.0521600278181,0.794417602922822
Malignant,EBNA1BP2,1.75520508249521,1.49869244143915
Malignant,LSM4,2.64779488414515,2.39158471100403
Malignant,BOP1,0.701759732861337,0.446109401169514
Malignant,CDK1,0.538811612410126,0.28401155958117
Malignant,BANF1,3.13114778837793,2.87656724910218
Malignant,IGF2BP3,0.348652504795206,0.0942835930942814
Malignant,RAMAC,1.31414786576536,1.0598716252475
Malignant,MYL6B,1.69384586441087,1.44003402162455
Malignant,GTF3C5,0.922240921662585,0.668699489390712
Malignant,HSP90AB1,6.19446867806348,5.94179464902708
Malignant,ANAPC11,3.52557848633024,3.27307504609399
Malignant,CXADR,1.9607103157552,1.70855049785282
Malignant,API5,1.08195906346324,0.831545876535325
Malignant,HNRNPC,4.25699978259935,4.00664897064295
Malignant,ANAPC7,0.82893121201531,0.578635850376536
Malignant,SF3B6,3.601183952682,3.35090750982737
Malignant,RNASEH2A,0.672398965627998,0.423170177389889
Malignant,PAK1IP1,0.903575812611047,0.654398822019299
Malignant,CENPH,0.56201048837337,0.313168003949208
Malignant,AK2,2.33021703539702,2.08140425561822
Malignant,NARS2,0.578329159186373,0.329837639033393
Malignant,PCCB,0.820023926467707,0.571982850354157
Malignant,PNPT1,0.931465336504816,0.683531494065558
Malignant,MRPL11,1.7691727758737,1.52124125280241
Malignant,PRC1,0.527376282033931,0.27954991698847
Malignant,STUB1,2.28813236556515,2.04082045654613
Malignant,UBE2J2,1.24688461027446,0.999665145863639
Malignant,CNBP,4.17906983708014,3.932299169136
Malignant,MRPL49,0.91942218872037,0.672755459327517
Malignant,UHRF1,0.410015210830377,0.163380087749093
Malignant,RTN3,2.51739307633245,2.27139993251475
Malignant,ARPP19,1.96837213793293,1.7224430971112
Malignant,TUBG1,0.824127333676476,0.578457368667624
Malignant,STOML2,2.3621278220352,2.11657367143935
Malignant,CERS2,1.60754218610927,1.36247544805895
Malignant,CYREN,0.808110987287081,0.563779573783324
Malignant,DDX49,0.998616682291074,0.754385148351843
Malignant,TIMM9,1.23327868049966,0.989078209055086
Malignant,BABAM1,1.5957955604501,1.35183392131719
Malignant,C1orf35,1.31620184429569,1.07238611608422
Malignant,POLE3,1.24186268350019,0.99810743215656
Malignant,MRPS26,2.11836078411153,1.87483201103956
Malignant,CTBP1,1.31193428679597,1.06864867539218
Malignant,NARF,1.66802977536249,1.42541438822929
Malignant,PGP,0.98638784611253,0.743805901178942
Malignant,SAFB,1.28584196684977,1.04327652031077
Malignant,MIEN1,2.50676724927542,2.26496342270007
Malignant,GPN1,0.835741623529161,0.595669968917579
Malignant,TIMM17A,1.78163446506159,1.54156614944687
Malignant,TIMM10B,0.916565122242099,0.67678016554205
Malignant,NELFE,1.83178098333435,1.59219860576732
Malignant,MRPL55,2.2791999629274,2.04016717789692
Malignant,NCAPD2,0.535250427812155,0.296584596902648
Malignant,EXOSC4,1.28174889345562,1.0434886169925
Malignant,PSMD6,1.56983735017817,1.33181568475853
Malignant,RFC5,0.483193599794304,0.245258736443486
Malignant,SNRPD1,2.70598621872249,2.46814045789648
Malignant,MDH2,3.26361986086605,3.02581931513898
Malignant,UBE2N,2.29789469219353,2.0603636678441
Malignant,MAZ,1.32992387521431,1.09246658900102
Malignant,TSG101,1.86054860250572,1.62365767677976
Malignant,CENPN,0.56152273806757,0.324726917244885
Malignant,SMS,2.5333683790989,2.2971905281558
Malignant,SNF8,1.95272011834964,1.71658220924363
Malignant,ALG3,1.21822935198301,0.982325815245457
Malignant,PSMC2,1.68131433155096,1.44543850230767
Malignant,TRAF7,1.04109666579956,0.805308407478879
Malignant,UTP23,0.874855609000997,0.639297471676377
Malignant,PIGU,0.612693121802977,0.377277495942151
Malignant,TMEM106B,1.53226842767618,1.2969119992629
Malignant,ZFR,1.39729885205715,1.16295089200451
Malignant,NPLOC4,0.897612465617872,0.663759894469121
Malignant,IMP4,1.50510981059991,1.27145426692078
Malignant,USP10,1.08873651443532,0.855111401763276
Malignant,LUC7L2,1.37420809995709,1.14059519804077
Malignant,CACYBP,2.47957576586584,2.24631529205871
Malignant,NAE1,1.28120985852755,1.04817018201248
Malignant,TPX2,0.546960711847235,0.314438400869032
Malignant,TRMT112,4.10493044995865,3.87298164403636
Malignant,MLF2,2.84585696758323,2.61395029095066
Malignant,ZCCHC17,1.27821633900514,1.04670458604805
Malignant,COA4,1.90049019224767,1.6690005751748
Malignant,PSMD1,1.5406845271008,1.30925464740728
Malignant,TSEN15,0.900505427515338,0.66977374236836
Malignant,CHEK1,0.482874635642897,0.252196530277424
Malignant,ERAL1,0.811640011320877,0.581142153930401
Malignant,SNRNP27,1.428308120847,1.19826091990486
Malignant,TOMM22,2.3095276852049,2.07948194670354
Malignant,ENO1,5.25872784571222,5.02868844549681
Malignant,ACAT2,1.06224148721765,0.832524859314594
Malignant,JPT1,3.00656541662718,2.77694113431332
Malignant,CDCA7,0.530628597464545,0.301127684213536
Malignant,PRCC,1.19248630639157,0.963402027324116
Malignant,NDUFA8,2.0843792345633,1.85536857576817
Malignant,BRD3,1.18295229815746,0.954279137183829
Malignant,ALDOC,0.610733516923863,0.382123127315777
Malignant,NCBP1,0.612008201676536,0.383694193342252
Malignant,MTG2,0.660071920154923,0.431775489435938
Malignant,PEMT,0.91602461548851,0.687845811568393
Malignant,PEX19,0.795463842754942,0.567429629299027
Malignant,XRCC6,2.91460729613121,2.68697526888922
Malignant,NDUFA12,2.85174787065542,2.6249566572296
Malignant,RSRC1,1.33542142785014,1.10868872359781
Malignant,UNK,0.646700614524296,0.420362700839627
Malignant,CSTF3,1.01926785856319,0.79321908909359
Malignant,WDR45B,1.86705910289251,1.64106390550975
Malignant,TOP2A,0.64765660234684,0.421881456373809
Malignant,MRPL14,2.59587629765529,2.37046142217992
Malignant,ASH2L,0.745657325207981,0.520275421160025
Malignant,TMEM11,1.24447657376831,1.0191451204967
Malignant,PSMD2,2.07676473191954,1.85159249327768
Malignant,PRPF4,0.7194704492755,0.494473569682362
Malignant,ARMC10,1.35392305207534,1.12892871998027
Malignant,TARDBP,1.51508989724184,1.29015955325178
Malignant,PPME1,0.846681619162431,0.622735592608125
Malignant,SNAP47,0.90892475476264,0.685002435998422
Malignant,DHX15,1.5150117353249,1.29113192379592
Malignant,ORC6,0.564578885511521,0.340775515694578
Malignant,METTL2B,0.678407579033092,0.454663576319113
Malignant,PRPF3,0.759847256317817,0.536121601076931
Malignant,ARMC6,0.581402525451393,0.35792567211114
Malignant,RFC2,0.857636732764365,0.634348158889405
Malignant,TUBGCP4,0.587276243037005,0.364001572129648
Malignant,CYC1,2.98224261214577,2.75901700925227
Malignant,LLPH,1.30905928790423,1.086037980802
Malignant,PRPF31,1.47116724998786,1.24820924885651
Malignant,USP22,1.76481164369717,1.54189945075743
Malignant,NUTF2,1.93428824246841,1.71161125339485
Malignant,COPS5,1.62818749628386,1.40559935139831
Malignant,DCAF16,0.681149416424606,0.458613946578936
Malignant,HNRNPD,2.51747270172248,2.29543101424561
Malignant,ATIC,1.13135570165893,0.909353204333393
Malignant,TIMM17B,1.65621876148479,1.43432001068727
Malignant,PEG10,0.534598334696325,0.312768909140491
Malignant,NIFK,1.4845172540872,1.26294410393708
Malignant,LAMTOR5,3.65242347910593,3.43139012402341
Malignant,C1QBP,2.89295623312894,2.67198414506723
Malignant,GTF2F2,1.11404312797909,0.893484963920954
Malignant,RBM19,0.605868472821027,0.385488297921696
Malignant,ECH1,2.89087528571652,2.67056899664087
Malignant,BAG4,0.685676082563495,0.465379598317617
Malignant,RAD21,2.14039306080305,1.9202111145396
Malignant,TK1,0.647128287011026,0.427002434485455
Malignant,TIMM23,1.00186336787024,0.782043655216992
Malignant,HDHD5,0.865315467981939,0.645512017796051
Malignant,EZH2,0.767145006714418,0.547360762483745
Malignant,MRPL51,3.44289077171162,3.223131182209
Malignant,ARMC1,0.941857107363474,0.722242602363801
Malignant,MTX1,1.44127527732922,1.22184048953367
Malignant,ELOC,2.94854989528436,2.72918380592896
Malignant,PAWR,1.39822152655369,1.17900090532945
Malignant,UBL4A,0.748547686886712,0.529975838881725
Malignant,WDR18,1.09013272608098,0.871927560210611
Malignant,PUS7,0.447196239788414,0.229940074836216
Malignant,BSDC1,1.26541512708067,1.04831993863457
Malignant,MAF1,2.07954164147989,1.86277446833866
Malignant,MIEF1,0.641426182539233,0.42497425706716
Malignant,TRAPPC4,1.53820482232945,1.32264493825489
Malignant,C7orf50,2.09182983823255,1.87632474350361
Malignant,CS,1.16040990512627,0.94495636343516
Malignant,ANKRD39,0.790811469521915,0.57578332508755
Malignant,ANAPC5,2.01512938810714,1.80051935994229
Malignant,SF3B4,1.34561177833936,1.13102120277257
Malignant,ACBD6,1.26611421813518,1.05278821830364
Malignant,FAM104A,1.03222677364357,0.819180505594095
Malignant,BUD23,2.12238595091943,1.90938755493816
Malignant,WDR43,1.33677162278059,1.12395665995792
Malignant,NUP107,0.809655761268783,0.596873206496871
Malignant,COASY,1.15074850353026,0.938056088021679
Malignant,COX5B,5.06883251291445,4.85628709232072
Malignant,STX16,1.15601045255703,0.94387970983327
Malignant,STRAP,2.49914913714656,2.28714558758628
Malignant,NGDN,1.09783986110858,0.885999220047344
Malignant,MRM2,0.74655885306362,0.53476539896283
Malignant,EMG1,1.23638922083085,1.02460245113748
Malignant,PSME3,1.02928341696156,0.817583885433647
Malignant,LCMT1,1.17701673388875,0.965915931073695
Malignant,NNT,0.772548036440207,0.561536860253818
Malignant,KPNA6,1.26916990525882,1.05824675458056
Malignant,KDM1A,0.873722195544614,0.662877321427988
Malignant,SMUG1,0.948840672232422,0.738020840989093
Malignant,PTRH2,0.817585493831855,0.606904584717274
Malignant,TMEM147,2.7432746834637,2.53260020885338
Malignant,MRPL45,1.02813532411542,0.817581286594849
Malignant,PTBP1,2.09420504286064,1.88373329316953
Malignant,DTD1,1.16022387083992,0.949782906224573
Malignant,ZNF7,0.609311459149508,0.399108416828121
Malignant,AMZ2,1.27692051577645,1.06743232595737
Malignant,RCC1,0.70243487099987,0.4930076161121
Malignant,PSMD12,1.59582992090453,1.38652795110901
Malignant,EXOSC5,0.926362687562056,0.71813673578368
Malignant,SLC25A39,2.17051293007418,1.96245900892763
Malignant,TMEM179B,2.23353105857645,2.02562099476617
Malignant,SEH1L,0.72891093244418,0.521007193394831
Malignant,KPNA2,1.29524569523937,1.08736505637006
Malignant,ACLY,1.25529921924884,1.04742943593597
Malignant,TBCE,0.476865702029209,0.269284617806325
Malignant,SEC61G,4.32937745173703,4.12180307245513
Malignant,RFC3,0.528564944843768,0.321055985551243
Malignant,DHCR7,0.742195434264984,0.534781109321598
Malignant,LCLAT1,0.588970689321146,0.381597802442424
Malignant,UNG,0.706639837630048,0.49956213465726
Malignant,TRIB3,0.501515519497567,0.29450728430379
Malignant,SHMT2,1.33897155456453,1.13233921216657
Malignant,NIPSNAP1,1.02219925405742,0.815697788113264
Malignant,SNAPIN,1.32991681418497,1.12374214413327
Malignant,AIMP2,0.958172545287183,0.752116838268001
Malignant,SDHD,2.23751624060778,2.03160938635045
Malignant,PBK,0.349181396273217,0.14350315968911
Malignant,CRKL,0.686664131016626,0.481042038264787
Malignant,NAT10,0.593084597485624,0.387574465579912
Malignant,LARS1,1.64984267624321,1.44436968522634
Malignant,MRPL3,1.85141829188695,1.64598813243296
Malignant,RUSC1,0.957127639346795,0.751754596911338
Malignant,MRPS21,3.37135497503132,3.16605410430513
Malignant,MLST8,0.950646317950476,0.745345866454149
Malignant,FANCI,0.433122604262808,0.227945040607997
Malignant,BRAT1,0.688978757394959,0.483887574836515
Malignant,METTL2A,0.63930809507514,0.434267471058334
Malignant,GTF2H2,0.655564606671593,0.451031026593488
Malignant,DCAF12,0.829997084451663,0.6255788723298
Malignant,WDR5,0.582554924058718,0.378154902717841
Malignant,PSMB6,3.15761417980006,2.95342476911404
Malignant,RHOT2,1.2131826893636,1.0092766121508
Malignant,GNPAT,1.05678894165003,0.852940502634251
Malignant,ARMC8,0.937473989179992,0.733994049177906
Malignant,NPEPPS,1.63339456568567,1.43025830527729
Malignant,ADSS2,1.54642680158823,1.34357865746958
Malignant,C2orf68,0.876660598911631,0.674238297500542
Malignant,ZC3HC1,0.473457544668541,0.271146034131909
Malignant,NOC2L,1.31167087332123,1.10948240168105
Malignant,DDX10,0.720797695371011,0.51878684106567
Malignant,PREPL,0.974606623757856,0.772596887855562
Malignant,IMMP1L,0.984550804550415,0.782621167388351
Malignant,SLC50A1,1.28615127078957,1.08425511264461
Malignant,POLR1G,0.495517981731687,0.293644668447437
Malignant,MED6,0.903624726145809,0.701927355101938
Malignant,SLC39A3,0.986068108412423,0.784510069158088
Malignant,FDX2,0.641428191179425,0.439881872507935
Malignant,TPGS2,1.37382198314293,1.17229768935454
Malignant,NIPSNAP2,1.75299807361719,1.55185676551099
Malignant,NSUN2,0.824642123509998,0.62362747615234
Malignant,TNPO3,0.8203117064586,0.619555764277467
Malignant,TRPT1,1.12192620386535,0.921242063706434
Malignant,TIMMDC1,1.6607849904453,1.46066381545372
Malignant,SRSF9,2.83807306420144,2.63795640216731
Malignant,RRM2,0.535705821831868,0.335643578943493
Malignant,WDR3,0.552503026146096,0.352507151389084
Malignant,PAIP2,2.93193748794494,2.73197803363759
Malignant,UCKL1,0.733995762876579,0.534258367925438
Malignant,ZWINT,0.540254577928386,0.341096591031804
Malignant,PSMC4,1.88240719224091,1.68335681261875
Malignant,NUDC,2.90169616620714,2.70276068700699
Malignant,POLR3K,0.987870582248806,0.788939180967423
Malignant,PA2G4,2.83037746870404,2.63149541311888
Malignant,PYCR2,1.00260589669924,0.804285679512868
Malignant,TEX30,0.686172548796305,0.487977296076163
Malignant,POLR2D,0.707051910110463,0.508906197184801
Malignant,DHFR,0.618788507871001,0.420704190352453
Malignant,EXOSC3,0.839873497503336,0.641869952369342
Malignant,SMIM7,1.94135985922583,1.7435920487643
Malignant,NUF2,0.375872641656781,0.178243512256622
Malignant,TMEM33,1.37923865333553,1.18167304735191
Malignant,RBM18,0.821051581275591,0.623798383537799
Malignant,CCNB2,0.451216142106978,0.253998843084938
Malignant,NABP2,1.08523969903568,0.8880968641429
Malignant,PIH1D1,1.70401400026145,1.50688525224865
Malignant,NAT9,0.837897474536133,0.641139565063117
Malignant,EHMT2,0.718166653959948,0.521782228467473
Malignant,SREBF2,0.927036048576408,0.730801713088561
Malignant,YIPF3,2.36649718561679,2.1702890807135
Malignant,DYNC2I2,1.48899856447134,1.29306821644327
Malignant,ZWILCH,0.427443973869417,0.231575975660535
Malignant,POLR1C,0.808939050837146,0.613646299937684
Malignant,HNRNPK,4.51867754838982,4.32341081672844
Malignant,NUDT21,1.36570763411942,1.17047567817414
Malignant,PAAF1,0.629148379874388,0.433955878728832
Malignant,SMC3,1.56882708861406,1.37379139982211
Malignant,NUP160,0.778369835658697,0.583375073721637
Malignant,SCYL2,0.836462348154891,0.641999419523805
Malignant,FN3KRP,0.802752238469723,0.60829303400624
Malignant,BOLA3,1.71834599909511,1.523921823675
Malignant,XPO1,1.47641844985183,1.28201888871605
Malignant,FAM210A,0.705715517275991,0.511613630108171
Malignant,PSPC1,1.05359488829805,0.859896569466243
Malignant,ATXN10,1.8711463942326,1.67750027066263
Malignant,DDX1,1.80224874126872,1.60874010400471
Malignant,LONP1,0.78441543742847,0.590946189773035
Malignant,MCM3,1.01430473194528,0.820907519184542
Malignant,PHAX,1.23367583408336,1.04036790897288
Malignant,ZFP64,0.441374968654437,0.248115027719937
Malignant,GPI,2.12070183444909,1.92766077216385
Malignant,ARL6IP6,1.05873351896078,0.865888151573668
Malignant,STAMBP,1.05427025224084,0.861647363923921
Malignant,RANBP1,2.85793261500687,2.66566287014264
Malignant,GTF3C2,0.618432463193907,0.426231304614405
Malignant,NOP16,1.02522192584339,0.833514439336264
Malignant,DNM1L,1.10850474021919,0.916874318019405
Malignant,DHPS,1.49817587028522,1.3067376667155
Malignant,PIP5K1A,0.79890122880995,0.607712959301657
Malignant,PPP2R1A,2.27326564675955,2.08221646161171
Malignant,VKORC1L1,0.78920836310943,0.598280951485696
Malignant,ATXN7L3B,1.26524442499107,1.07441188874426
Malignant,RRP36,0.660610658451874,0.470362291539226
Malignant,RUNDC1,0.744902357385554,0.554694358227644
Malignant,RNF40,0.824791260985358,0.634597897556642
Malignant,UTP4,0.721505137372779,0.531597606081075
Malignant,VPS26A,1.48386237785133,1.29417740901676
Malignant,NDUFA13,3.83680300154066,3.64744702261873
Malignant,CDKN2A,0.953452902987642,0.764430449010829
Malignant,RTL10,0.482418112250712,0.293582700556802
Malignant,PRMT5,0.806815835560295,0.61807165822511
Malignant,YDJC,1.01361054382846,0.824955892593613
Malignant,ANLN,0.387562741259071,0.19929878137029
Malignant,HMBS,0.67077833838817,0.482732208087443
Malignant,KNOP1,1.23973233456878,1.05185578754271
Malignant,DDX55,0.616240743825919,0.428495684570566
Malignant,CHCHD6,0.733419250923903,0.545700495665646
Malignant,SSNA1,2.16044412865712,1.97280584737918
Malignant,NUP155,0.486530287683521,0.299026632989672
Malignant,SCOC,1.8140534524581,1.62665646243894
Malignant,LAPTM4B,1.74377338632525,1.5567946053115
Malignant,POLR2F,2.52121776731015,2.33436366363407
Malignant,ITGB3BP,0.922959225868388,0.736233147325076
Malignant,MRPL24,1.67334297549835,1.48698169939339
Malignant,UBE2D4,0.683659824640325,0.497368879703122
Malignant,RITA1,0.628167279161932,0.441948163622438
Malignant,EIF2S2,3.19912481314666,3.01294093367999
Malignant,ERV3-1,0.647256779771544,0.461142276239307
Malignant,THOC1,0.657408123708413,0.471300187906732
Malignant,IER3IP1,1.95794889114263,1.77187521970313
Malignant,NUSAP1,0.68259822080779,0.496576029109024
Malignant,MRPS5,1.65507319091354,1.4698193876037
Malignant,UBA1,1.64826616801117,1.46314894532107
Malignant,SDHC,2.59703628803896,2.41201918762198
Malignant,PSMC6,1.93793907180685,1.75355483295528
Malignant,BRCA1,0.377847115134574,0.193818324108044
Malignant,CSTF1,0.604249750901589,0.420297264577355
Malignant,MRPS30,0.987531080336048,0.804068215278777
Malignant,PNN,2.35676639656999,2.17331549156588
Malignant,APTX,0.774870285183477,0.591559110337901
Malignant,TDG,1.29635096259763,1.113113022398
Malignant,MTA3,0.769147271413138,0.58604064138469
Malignant,NCAPG2,0.347340303232878,0.164323473244503
Malignant,RIOK1,0.768538729501862,0.585708691592784
Malignant,NPM1,5.84045257292542,5.65771181106535
Malignant,KLHDC3,1.38450122450052,1.20232024997872
Malignant,UBIAD1,0.571317213803198,0.389227839256637
Malignant,RHEB,2.90831415971417,2.72646870842179
Malignant,NAA20,2.15327639852889,1.97145044077183
Malignant,DHX30,1.17560975356743,0.993890914736028
Malignant,SFXN1,1.26800966336049,1.08635013006207
Malignant,C18orf21,0.602767555683808,0.4211174451798
Malignant,GPN3,0.935327992045577,0.753717492671853
Malignant,RFWD3,0.439371003213787,0.257995995444063
Malignant,SNU13,3.51338717781253,3.33209095429661
Malignant,DDX23,0.886144732666882,0.704890420372307
Malignant,PDCD2L,0.390564561841415,0.209359035066541
Malignant,SYT17,0.450744069433074,0.269553329239875
Malignant,POLDIP2,1.44618801196877,1.2651674789101
Malignant,CCDC137,0.760569718765509,0.579809683203276
Malignant,VPS28,3.19921712938384,3.01874034407757
Malignant,YIPF4,1.68814283982469,1.50779521222751
Malignant,PHB2,2.55566040918975,2.3756585476209
Malignant,CELF1,1.81533103885063,1.63587825271343
Malignant,TRUB2,0.984932777153911,0.80618786756908
Malignant,COPS6,2.70521010902441,2.52681276598787
Malignant,GTF2H3,0.632331629554151,0.454064717460846
Malignant,TBRG4,0.879370550031192,0.701170837428972
Malignant,RAD1,0.768665080168528,0.590763542383668
Malignant,DAP3,1.75889693297108,1.58127808996422
Malignant,MIS18A,0.575961450104712,0.398757471473203
Malignant,LARP1,1.54056246259973,1.36376233322208
Malignant,NOP58,1.99060302750069,1.81389005558722
Malignant,R3HDM2,1.0633307587481,0.886752357604337
Malignant,RTCB,1.51663267403711,1.34026141517148
Malignant,EXOSC2,0.489364566480923,0.313005264097804
Malignant,OIP5,0.272555636071822,0.0963552364654601
Malignant,IPO7,1.35599667197886,1.17982919166673
Malignant,NT5C3B,1.26891194657617,1.0929164142896
Malignant,ZNF664,1.20551156062518,1.02979560697713
Malignant,ORC4,1.09212970033022,0.916591120270257
Malignant,TMA16,1.07598217108422,0.90062570013354
Malignant,RPL26L1,1.61813025363802,1.44302585679932
Malignant,KNSTRN,0.385948787374252,0.211030670038324
Malignant,MFF,1.72460138590392,1.54974704642565
Malignant,FAM168B,0.853768193266643,0.678992680029582
Malignant,ELP5,1.06635851384565,0.89164349794696
Malignant,TWF1,1.2944626949769,1.11993058518923
Malignant,TBL1XR1,1.89836922930607,1.72423771273561
Malignant,VPS4A,1.15693951366798,0.983118235759694
Malignant,LAS1L,0.730048490360953,0.556275179482904
Malignant,INTS13,0.55213145198887,0.378380925114921
Malignant,APOO,0.785674034534167,0.611938012761875
Malignant,NAA60,0.820056320467363,0.64647879822644
Malignant,THOC2,1.68654475639962,1.51301150330901
Malignant,SLC35E2B,0.713390485194478,0.539872780592557
Malignant,ATP5F1C,3.50860551063167,3.33524602284607
Malignant,PIAS4,0.534111848841075,0.360907682734263
Malignant,ANAPC1,0.520107346517168,0.34692237608055
Malignant,PPIL3,0.89903589866637,0.72600321479163
Malignant,NUP50,0.941242451912069,0.768235664574135
Malignant,MRTO4,0.996478544357253,0.823516232672027
Malignant,FASTK,1.29928670633345,1.12637739218257
Malignant,EIPR1,0.763113529268297,0.59049330593285
Malignant,ADPRS,0.927743979238915,0.755194802264224
Malignant,SUN1,1.58853798590056,1.41605855181751
Malignant,HSPA4,1.40938652282474,1.23707769217634
Malignant,GEMIN6,0.654566738836318,0.48233161863998
Malignant,SMG7,0.874395511803755,0.702197885780551
Malignant,HNRNPM,3.02694988602926,2.85479780787804
Malignant,RBM14,0.839047284604492,0.667038079531258
Malignant,SRRT,1.01741074621712,0.845518889817762
Malignant,SGTA,0.957674613410975,0.785885109662413
Malignant,EXOSC7,1.11700970272152,0.945321421614948
Malignant,SEC23B,1.07476932535659,0.903327350033106
Malignant,NFKBIL1,0.867413136616545,0.696013068120915
Malignant,PRPSAP1,1.24114130468829,1.06980576138334
Malignant,MYG1,1.43641774131856,1.26513558376222
Malignant,FIBP,1.86776252829531,1.6964823548833
Malignant,GOSR1,1.18761174723786,1.01633656888747
Malignant,DUSP12,0.764051330848916,0.592816623274163
Malignant,WBP2,1.73698694511218,1.56598357684454
Malignant,AVL9,0.760877551200764,0.590047082335377
Malignant,ACOT8,0.780906465119944,0.610099909732742
Malignant,BOD1,1.117303689823,0.946545669865269
Malignant,POLR2G,2.14040444976242,1.96979660161859
Malignant,HSPA14,0.64716555575572,0.476558258754599
Malignant,ZC3H11A,1.39791475577274,1.22755382670926
Malignant,MRPL44,0.986982674405009,0.81672171084532
Malignant,CDK2AP2,2.23673519043334,2.06678038154537
Malignant,DTL,0.26214446830868,0.0923228286795096
Malignant,IPO9,0.911836861333416,0.742299941439192
Malignant,LUC7L3,3.04925962772884,2.87994943170342
Malignant,TOP2B,1.21801938814682,1.04881398758211
Malignant,ANGEL2,0.625591034987219,0.456416255346511
Malignant,GATC,0.596257229474143,0.427207390488692
Malignant,SCAMP1,1.05765006917935,0.888943091612928
Malignant,RAD23B,1.95350572109436,1.78487567190921
Malignant,GTF3C3,0.596630506294812,0.428031442123159
Malignant,UBAP2,0.904291213050358,0.735803331152413
Malignant,DMAC2,0.850848434725608,0.682603877480998
Malignant,CDKN3,0.496359257223193,0.328315242708064
Malignant,MSTO1,0.406312907873336,0.238290701792238
Malignant,COA8,1.40481573646419,1.23680637328048
Malignant,NSMCE2,0.944628548087575,0.776637657002684
Malignant,RP9,0.69641792456139,0.52853368639419
Malignant,CFAP298,1.46148373731017,1.29368487273905
Malignant,NME7,0.75118444197403,0.583637470190203
Malignant,PHF20L1,1.42628300565632,1.25885713731228
Malignant,PDZD11,1.28687181344432,1.11982365652233
Malignant,YKT6,0.818421324456422,0.651451396663306
Malignant,YTHDF2,1.89558566367405,1.72894809420058
Malignant,CDK5RAP1,0.643594040149585,0.47712795197102
Malignant,MRPS22,0.964087994436598,0.797831989221577
Malignant,RHBDD3,0.598908477818865,0.432697255740221
Malignant,PLRG1,0.976983714211558,0.810922512707037
Malignant,DBNDD1,0.361653028839217,0.19563623316711
Malignant,PPID,1.0563139104625,0.890597934639205
Malignant,PIGC,0.995974978396598,0.8303413665359
Malignant,MRPS11,1.3061740944144,1.1405486306118
Malignant,SELENOI,0.504759130121322,0.339145606770549
Malignant,FASTKD5,0.428720106605224,0.263198305590804
Malignant,CXXC5,1.58552665127571,1.420016007335
Malignant,RBM10,0.810051133394092,0.644582931667472
Malignant,PDCD6,2.8841876301896,2.71872504550231
Malignant,CPSF4,0.544335491133434,0.379131701725851
Malignant,PMPCA,0.981757659535308,0.816629200169815
Malignant,HMGCR,0.715784950480356,0.550840741910203
Malignant,AP4M1,0.645911326658583,0.480976965368454
Malignant,CDCA5,0.305049480593348,0.140223687681302
Malignant,LRRC58,1.06499068221786,0.900612932536032
Malignant,PIN1,2.0529230804849,1.88860907714245
Malignant,PALS2,0.471331911035893,0.307027261166542
Malignant,ECE2,0.375783773521705,0.211501567746078
Malignant,AAGAB,0.685773523426516,0.521580086936371
Malignant,ZNF770,0.856967583095694,0.692940254613477
Malignant,FBXO28,0.660118884628936,0.496103546171966
Malignant,MARCHF7,1.31006193873035,1.14616239738421
Malignant,DERA,1.10745119184026,0.943670742297301
Malignant,POMGNT1,0.865370313764501,0.701606717982902
Malignant,FOXM1,0.279726265977056,0.116067459376782
Malignant,RMND5B,0.752609033148937,0.589052208342252
Malignant,COA5,1.1897002574041,1.02622332705009
Malignant,CENPF,0.714518498145779,0.551046873807537
Malignant,CTPS1,0.512386368541207,0.348984475382685
Malignant,SCCPDH,1.55695065378247,1.39400788764436
Malignant,MDM2,1.14367069323027,0.980998157883332
Malignant,SDAD1,0.947865274016484,0.785195626628309
Malignant,UQCC1,0.576579058113603,0.414239771576061
Malignant,ZKSCAN1,1.76285065755666,1.60062097753362
Malignant,WDR75,0.601221255950293,0.439144224677124
Malignant,ZC3H14,0.993011619616741,0.831044276037432
Malignant,DPH2,0.439862233375148,0.278243526456144
Malignant,ABHD10,0.54922101500707,0.387661097475835
Malignant,DDX39A,1.51241834286893,1.35093844636875
Malignant,FAF2,0.941323820855447,0.779906448060108
Malignant,MALSU1,1.37757148151824,1.21640106705843
Malignant,BRAP,0.558525558052817,0.397379798935384
Malignant,ATAD3B,0.437819172476204,0.276782101593461
Malignant,FAM136A,1.41500956071614,1.25399304001203
Malignant,COMMD4,1.41379382956867,1.252947061185
Malignant,INTS11,1.33086029733265,1.17029461201011
Malignant,TMEM106C,1.48171978216795,1.32124749176394
Malignant,CWC27,0.909177618106568,0.748734208393955
Malignant,NOL10,0.712754974492053,0.552395776732684
Malignant,PDHX,0.732477626946358,0.572271079098622
Malignant,MRPL58,0.999707479169183,0.839578981319749
Malignant,ATP5F1A,3.66212934067729,3.5022943583551
Malignant,PARN,0.675845919360445,0.516054017177788
Malignant,PPP2CA,1.92541630988678,1.76583775995725
Malignant,ACTR6,0.897867594145601,0.738608584188626
Malignant,ZNF593,1.86933243463206,1.71049745290287
Malignant,AP3D1,1.35101162915883,1.19220418391668
Malignant,DIS3L,0.529008592077107,0.370516479983709
Malignant,SMPD4,0.589422726269756,0.430972085543646
Malignant,THRAP3,2.40517279973681,2.24712749699224
Malignant,ZNF692,0.51629716281544,0.358304108691986
Malignant,NUP85,0.603918253744133,0.446021835364957
Malignant,METTL3,0.646873492961906,0.489190440119004
Malignant,GFUS,1.86190142589499,1.70426465786429
Malignant,MRPL30,0.588465249578897,0.430905591543018
Malignant,NUDCD3,1.01048291902861,0.853060089539896
Malignant,ZNF652,0.945154374932146,0.787771424296104
Malignant,SFXN4,0.783059657600575,0.625693542360813
Malignant,COA7,0.423845952244628,0.266725777785962
Malignant,SPAST,0.548456355191731,0.391370509631596
Malignant,MCRS1,0.932085576435778,0.775164939927589
Malignant,FH,1.06708210899992,0.910262941311829
Malignant,SSRP1,1.57579794858228,1.41902476119144
Malignant,PKMYT1,0.264736962876686,0.107974011298473
Malignant,GTF2I,2.46672635295274,2.30996916518269
Malignant,EXOSC10,0.781115290848453,0.624428406597254
Malignant,AGGF1,0.87976984507568,0.723092605904872
Malignant,ITPA,1.57126720727562,1.4147176898333
Malignant,EIF4E,1.86576182564249,1.70921594200627
Malignant,TARBP2,0.558562224730866,0.402020828491235
Malignant,SAMM50,1.07370449189392,0.917217951082182
Malignant,AASDHPPT,0.923542526415861,0.767106330548012
Malignant,PAQR4,0.428505356657602,0.27213016969056
Malignant,HSD17B7,0.664138773240266,0.507804406567144
Malignant,ZBED5,0.743487464388615,0.587786423918425
Malignant,POLR2B,1.34261671167353,1.18707156050511
Malignant,USP1,1.13863585453348,0.983282416783336
Malignant,HTATSF1,1.2652966689462,1.10996828397525
Malignant,PWP1,1.4008048350555,1.24549368875603
Malignant,JKAMP,1.19815035308718,1.04284719845241
Malignant,TOX4,1.49750613148776,1.34238534987596
Malignant,SHARPIN,1.39102466844483,1.2362316700657
Malignant,EPN1,1.39970958196914,1.24541162062505
Malignant,HPS4,0.804863637364034,0.650599244826949
Malignant,UCHL5,1.0001004852337,0.845871700447951
Malignant,NT5C,1.86134427021193,1.70737369650766
Malignant,DARS2,0.337175517483168,0.183407445687644
Malignant,PLK1,0.287411382967712,0.134032489912031
Malignant,JMJD4,0.499861872363733,0.346704661364435
Malignant,ZNF562,0.718065304224495,0.564953833679304
Malignant,LARP4,0.944580640871427,0.79152577789274
Malignant,SLC39A9,0.741543248963688,0.588741645390257
Malignant,SAAL1,0.421324401276816,0.268551803873526
Malignant,UXS1,0.999525230271646,0.84678895321846
Malignant,TXN2,2.11467049974797,1.96197604100661
Malignant,BTBD2,0.53931057773316,0.386625793271845
Malignant,MSMO1,1.23785918150552,1.08558186374696
Malignant,SDHAF2,1.14753942455153,0.995341240074742
Malignant,MAEA,0.916540649766409,0.764461239704136
Malignant,NUP205,0.461143172834154,0.309082102454194
Malignant,NDUFAB1,3.20353993167642,3.05173324794734
Malignant,PEX10,0.65618311978482,0.504483779976313
Malignant,ADSL,1.04520979219308,0.893518718382704
Malignant,RMND5A,0.927560027457688,0.775887810232074
Malignant,HAT1,1.26233568115236,1.11085540776523
Malignant,SURF6,0.788818710968289,0.637506707338702
Malignant,NR2C2AP,0.629652794477304,0.478359829916937
Malignant,BARD1,0.485790051378337,0.334567680039297
Malignant,GADD45GIP1,3.10766931877458,2.95646669157101
Malignant,ICE2,0.758071068789625,0.607089549002666
Malignant,MIGA1,0.772225366581621,0.62130747382211
Malignant,DFFA,1.13677529633075,0.985910348222451
Malignant,TSR1,0.734437388164864,0.583820089842575
Malignant,SRP68,1.0225398324798,0.872046524732612
Malignant,HP1BP3,2.48870607259437,2.33828190382766
Malignant,TRIP13,0.385788475964395,0.235465472017244
Malignant,SCMH1,0.51475289196059,0.36454111038545
Malignant,CEP57,1.15808705512971,1.00797570544554
Malignant,TMEM126B,1.42543225403262,1.27536924363439
Malignant,TTC27,0.391992538807194,0.241963742785732
Malignant,HNRNPF,3.17517293173344,3.02519977819371
Malignant,SMC2,0.733325548468488,0.583380513695541
Malignant,SKP2,0.408742311030238,0.258821248275134
Malignant,TRMT61B,0.536757065580447,0.386891183444715
Malignant,POLR3E,0.690778001035497,0.541235362038196
Malignant,LRRC47,0.898455167772098,0.749038460637501
Malignant,PIGS,0.840691576257561,0.691445050221075
Malignant,HGS,1.11024539301156,0.961007840069561
Malignant,BTF3L4,1.91157562527511,1.76234429187437
Malignant,ZNF3,0.717261977382341,0.568087479022748
Malignant,SMC4,1.46372464292521,1.3148743467823
Malignant,DYNLT2B,0.82400015957937,0.675283261361249
Malignant,COPB1,1.66643205582663,1.51778762933467
Malignant,MELK,0.280945446204627,0.132303784357233
Malignant,SRD5A1,0.621332536276276,0.473004354679474
Malignant,KIF23,0.288479443928079,0.140227029124765
Malignant,FBXO45,0.433222696821592,0.284996954154731
Malignant,TOMM20,3.31654094407523,3.1685720048743
Malignant,RPL39L,0.728853934896174,0.581177993807586
Malignant,MYNN,0.614464745154656,0.466799162877105
Malignant,PFDN4,1.71474884139643,1.56719585233104
Malignant,DCTPP1,1.47611351814299,1.32861168727812
Malignant,MRPL13,1.88446001015511,1.73711698247857
Malignant,INTS7,0.36314790915373,0.215895359329923
Malignant,MRPS9,0.903203115820375,0.756051927248835
Malignant,TATDN1,1.45086310583525,1.30384159706671
Malignant,DEPDC1B,0.239723475365778,0.0927411589261991
Malignant,C17orf75,0.602851823167538,0.455883760655002
Malignant,TIPRL,1.35750062102929,1.21070150870148
Malignant,SNX4,1.0441319720463,0.897412590960692
Malignant,SIKE1,0.850902429818646,0.704510037512896
Malignant,POM121C,0.638576596079471,0.492236537852762
Malignant,MRGBP,0.494280945945629,0.348152190559292
Malignant,PTPMT1,1.28506195630767,1.13897953890407
Malignant,CCZ1B,0.52992615817432,0.38385893689584
Malignant,KAT5,0.870502874614562,0.724698348168911
Malignant,COX11,1.17721114256363,1.03148213179416
Malignant,MRPS10,1.24608880023634,1.10036262768712
Malignant,RNF34,0.80881103055918,0.663155715375877
Malignant,MAGOHB,0.971281425961866,0.825632297122041
Malignant,PHF6,0.695948041130546,0.550326322080437
Malignant,TYW1,0.515834895940244,0.370270859980551
Malignant,TIMM50,1.16220819218037,1.01707803332102
Malignant,LRIF1,0.803152238685308,0.658154198230846
Malignant,PSMA6,1.70516224314762,1.56032765355498
Malignant,MBTPS2,0.416269104473547,0.271526528219427
Malignant,ATP5MC1,3.26830630152294,3.12372473927051
Malignant,LRRC14,0.43188154803469,0.287409626698126
Malignant,POM121,0.736990220633368,0.592529614196067
Malignant,KIF2C,0.27505072966044,0.131181230398645
Malignant,PRMT3,0.397103512860254,0.253374978848508
Malignant,SLC25A22,0.400675665454913,0.256997134452042
Malignant,PPIE,1.1674564299075,1.02399989773736
Malignant,GINS1,0.252471813909525,0.10908303741951
Malignant,C1orf50,0.498123977073896,0.35476362348845
Malignant,SSB,2.6312472587599,2.48791703311278
Malignant,CBLL1,0.555663552366586,0.4124601601467
Malignant,LSG1,0.729661889598437,0.58647372074291
Malignant,COG2,0.608141238985834,0.464963988902983
Malignant,RCOR3,0.804651562291868,0.661528071664055
Malignant,SCRN1,0.697553016435984,0.554439739583256
Malignant,DCAF8,0.951718971515696,0.80871964844278
Malignant,LIG1,0.510310037507762,0.367470044422905
Malignant,GANAB,1.5541346206863,1.41131231102099
Malignant,YARS2,0.557731787931776,0.415483250814895
Malignant,PITHD1,1.31272078163256,1.17052064333125
Malignant,AP3M1,0.659089398074341,0.516923256007628
Malignant,CPSF7,0.852780634430341,0.710816341853571
Malignant,GATD1,0.641991256610375,0.500047341213306
Malignant,NCAPH2,0.672256335455784,0.530315637977721
Malignant,CBFA2T2,0.709922351091485,0.568172472887119
Malignant,ASPSCR1,0.866536712103926,0.724981719593919
Malignant,TMEM42,0.616267290433466,0.474755689873287
Malignant,UFC1,3.06068171898165,2.91923505569182
Malignant,MRPS7,2.01066634641067,1.86934819841718
Malignant,AGPAT5,0.627112646560182,0.485921451109676
Malignant,TXNL4A,1.92333631366785,1.78216289445577
Malignant,NDUFA10,2.02070207042904,1.87954759226918
Malignant,RNF141,0.931020661039859,0.789920125468208
Malignant,ZNF24,1.37495213031195,1.23390215070106
Malignant,TAF1B,0.53657980454401,0.395653497104441
Malignant,FIGNL1,0.31212494472092,0.171250802571543
Malignant,C8orf76,0.639402588872827,0.498576509118271
Malignant,TIMM21,0.588132312838409,0.44742657753174
Malignant,NOLC1,1.29283522064622,1.15241500440979
Malignant,TRMT5,0.440779544927227,0.300411525556476
Malignant,UBAP1,0.978582391996752,0.838255755386498
Malignant,GCDH,0.690996285530665,0.550860534372189
Malignant,AGO2,0.983986464803394,0.84394330115185
Malignant,CDC45,0.239836715716512,0.0999203101513584
Malignant,NDUFS2,2.17197689338833,2.03209274131466
Malignant,ETFA,1.8618459292358,1.72220253393306
Malignant,CUL4A,1.03469716150575,0.895122876483423
Malignant,ZNF544,0.4983519623702,0.358781493910875
Malignant,SLC4A1AP,0.708714030925933,0.569155660221805
Malignant,ACYP1,0.87694492947028,0.737577962983678
Malignant,CCNA2,0.349823589714761,0.210493693712689
Malignant,RACGAP1,0.381876451142705,0.242740188451407
Malignant,ORC3,0.549868640259223,0.410955561293659
Malignant,BRD9,0.931558650848739,0.792668258314191
Malignant,GTF2IRD1,0.452130530091222,0.313273119105795
Malignant,GPR89A,0.485867720159176,0.347069421051415
Malignant,ELP2,1.09707142857143,0.958452559022897
Malignant,SRI,3.13900388461379,3.00046143093139
Malignant,CHD1L,0.68980742896558,0.551494681107582
Malignant,MRS2,0.704316745108539,0.566571679810175
Malignant,RECQL4,0.207727647372601,0.0701360442634715
Malignant,ANKLE2,1.12710393915905,0.989566440877731
Malignant,CLTC,2.09411686628613,1.95697850891755
Malignant,PSMD7,2.25468219971744,2.11754833503969
Malignant,BRD8,0.811867089560885,0.674764872784808
Malignant,RNF114,1.72790453042678,1.5908712390623
Malignant,MAPKAPK5,0.732509483027216,0.595523262844804
Malignant,SND1,1.80638033354759,1.66943083462258
Malignant,CIAO3,0.524115535062359,0.387213212525908
Malignant,CPSF3,0.788244314074361,0.651437976932153
Malignant,DPM2,1.36121043412407,1.2244488293238
Malignant,AACS,0.517906337150738,0.381148151878756
Malignant,IPO5,1.13637580732227,0.999698952435021
Malignant,BCAP31,3.3482639010761,3.21158805171225
Malignant,DPH7,0.574695254240855,0.438041189487355
Malignant,TSFM,0.889307155085198,0.752953019301725
Malignant,SMARCA4,1.55264128851645,1.41643636034297
Malignant,LIN7C,0.858424866143429,0.722281138348164
Malignant,SLU7,1.34106787127421,1.20501459009629
Malignant,KAT7,0.669240290647799,0.533215285101933
Malignant,TFDP1,1.01484516106957,0.878971215615611
Malignant,RMND1,0.541360146310073,0.405531640404755
Malignant,PRPF39,0.555991318930013,0.420201671443874
Malignant,NUP54,0.867811526853781,0.732118061215701
Malignant,ISCA2,1.24898642733891,1.11332645143908
Malignant,EXOC7,1.38238019523296,1.24689197042317
Malignant,MRPL48,1.04371268700157,0.908390566743898
Malignant,KCTD13,0.363963174913612,0.228752456497813
Malignant,NELFA,0.718034411982111,0.582975050091482
Malignant,MRPS18C,1.81008384316292,1.67506020395122
Malignant,DDX54,1.04817204946639,0.913154201715608
Malignant,TSSC4,1.21970803158997,1.08491616958509
Malignant,CUL1,1.00689081363031,0.872240174847715
Malignant,RAB40C,0.529268208608244,0.394721955964453
Malignant,SIAH1,0.826966006893157,0.692518654981751
Malignant,ENTPD6,0.94390562535724,0.809515549112453
Malignant,NDUFS8,2.97620708654886,2.84215929752837
Malignant,PRKAG1,1.08823049850037,0.954222161929656
Malignant,RANGAP1,0.803613750431956,0.669694561346007
Malignant,SLC20A2,0.746913834511741,0.613030535524411
Malignant,RANBP3,0.714185851345863,0.58043887821929
Malignant,MPI,0.560376526376892,0.426711146308726
Malignant,BRCC3,0.667893066092327,0.53436392542214
Malignant,NIT1,0.824196453610412,0.69070799595878
Malignant,SLC25A17,0.611640427621266,0.478230598611943
Malignant,RPF1,1.10566365714331,0.972317711302204
Malignant,PSME3IP1,1.32889733417149,1.19561386254416
Malignant,PCMTD2,0.969236513608674,0.836137276360546
Malignant,GCSH,1.71718869624334,1.58416598739447
Malignant,XRN2,2.06947245646218,1.93668647912181
Malignant,GCFC2,0.580717408751896,0.448082981980064
Malignant,RBM26,1.11015594652523,0.977550431306405
Malignant,TXNL1,2.20690628357041,2.07437241283699
Malignant,VPS25,1.51943400339092,1.38690524569654
Malignant,NSD2,0.643981294468835,0.511459325251052
Malignant,SMU1,1.04134138187791,0.90882188815967
Malignant,ANAPC13,1.637332312071,1.50496889867035
Malignant,SNRPB,3.23540360440882,3.10307465068044
Malignant,CDC123,1.50330275366251,1.37131108949545
Malignant,MRPS28,1.06112711710888,0.929326879274284
Malignant,VAV2,0.417917152813194,0.286219185414437
Malignant,MTCH2,1.80384824245501,1.67240783736683
Malignant,AGBL5,0.477607337048783,0.346198586735762
Malignant,SNRNP200,1.47586476994202,1.34449869636848
Malignant,CWC15,1.92509430119317,1.79391066206584
Malignant,MTPAP,0.556372308707251,0.425353701185913
Malignant,TMEM69,0.75900514120893,0.628226283960183
Malignant,NUP35,0.465431653029279,0.334783327645054
Malignant,AUP1,2.42569531908956,2.29516968215995
Malignant,SAC3D1,0.521022954509435,0.390514308580176
Malignant,FASTKD2,0.642215662893485,0.511872120668835
Malignant,METTL17,0.74718966939811,0.617008514329254
Malignant,RBM12B,0.467616619596642,0.337485433359405
Malignant,PARPBP,0.251729042524452,0.121650354725563
Malignant,TEFM,0.47706278799123,0.347000317720106
Malignant,SUPT20H,0.850756040355268,0.720711895364405
Malignant,BORCS8,0.699902171784301,0.569995791284917
Malignant,RAD18,0.322245015475566,0.19238107582771
Malignant,ZNF207,2.5228598748374,2.39307222321423
Malignant,POGK,0.635791778370442,0.506095747237452
Malignant,MMS22L,0.411278505847426,0.281750757228869
Malignant,MTERF3,0.502230219518878,0.37271210529419
Malignant,ALKBH3,0.559195248156959,0.42972222286566
Malignant,SMARCAD1,0.561076474192206,0.431733776910924
Malignant,CSTF2,0.415251408125708,0.285961280784944
Malignant,RPP40,0.413084596416762,0.283970513072437
Malignant,STYXL1,0.795265766753158,0.666243656949199
Malignant,TSR3,1.1804423360151,1.05159347331548
Malignant,POLR3H,0.721066194728135,0.592256274968485
Malignant,POLR1B,0.29848565381777,0.169717056175372
Malignant,CCDC90B,1.27306518626499,1.14449963530381
Malignant,HAUS5,0.356690891497673,0.228140101469312
Malignant,CNPY2,2.7052243379971,2.57674595378521
Malignant,AIFM1,0.889859543452977,0.761446186423961
Malignant,GTPBP3,0.509193076022107,0.380884336559324
Malignant,DNAJC9,1.10764511362602,0.979647899158188
Malignant,NMB,0.775572924717471,0.647654632262958
Malignant,NTAQ1,0.550909127298433,0.423111734692426
Malignant,TMEM183A,1.32981137946882,1.20212912929953
Malignant,MRPS27,0.792424145491972,0.664842687235637
Malignant,ADIPOR1,1.97800881837091,1.85067536334833
Malignant,CKAP5,0.766093295981516,0.63884229423422
Malignant,MRPL15,1.38265586362322,1.25543919925926
Malignant,USP33,1.08923845757114,0.96232933507245
Malignant,RBCK1,1.96651466220233,1.83965867771558
Malignant,NDRG3,0.658674464971581,0.531825525388798
Malignant,GUF1,0.450956529110124,0.324228981248916
Malignant,DCUN1D5,1.03076710326827,0.904066802141274
Malignant,WDHD1,0.246460911086186,0.119774169937668
Malignant,BOLA1,0.71850157901926,0.591872564680564
Malignant,PPIL1,0.530482237706685,0.404398274860269
Malignant,CCDC43,0.757947395946309,0.631868219078274
Malignant,SARNP,0.793766377351776,0.667865101442508
Malignant,CDC6,0.381104918280168,0.255214371061273
Malignant,DSCC1,0.247531665214474,0.12176880608425
Malignant,HAUS1,0.901672054696169,0.775953104971755
Malignant,ZMPSTE24,1.09135303584658,0.965652399903348
Malignant,TIMELESS,0.3744871829512,0.248836439508354
Malignant,ATAD2,0.623304983783287,0.497742705282057
Malignant,ABCE1,1.21116856045926,1.08578704579689
Malignant,SUV39H2,0.295028193287803,0.169757920417119
Malignant,HSPBP1,1.09210308597959,0.966964083680138
Malignant,TYW5,0.421205089893555,0.296157291733418
Malignant,MND1,0.280921155237769,0.155969143683924
Malignant,EIF3I,2.99160473150637,2.86682424231277
Malignant,FOXRED2,0.318116846732816,0.19340832084145
Malignant,ELAVL1,1.50557757066831,1.3809508631123
Malignant,SLC35B1,1.65354771167744,1.52907229116518
Malignant,ANAPC10,0.704730757381881,0.580285163896812
Malignant,SRPK2,1.43858627450126,1.31429297092273
Malignant,TRMT2A,0.60238731269644,0.47826028383859
Malignant,RPS6KB1,0.660087788147907,0.536031526019445
Malignant,CHTF18,0.26281446708634,0.13889138600787
Malignant,ELP4,0.451034370495267,0.327121766316854
Malignant,ZNF623,0.315306401195884,0.191970266751634
Malignant,RAB3GAP2,0.829533992083738,0.706335578615332
Malignant,CNOT6,0.576789322127234,0.453615408406587
Malignant,COQ5,0.739179328219117,0.616153192997898
Malignant,ADNP,1.01875194355059,0.895945272119998
Malignant,ALKBH4,0.476922077915407,0.354249372349183
Malignant,INIP,0.811893234353778,0.689292782168944
Malignant,TMEM209,0.506082181938729,0.383627960792672
Malignant,NVL,0.510411825859038,0.388100345398417
Malignant,COIL,0.826364547908327,0.704056220689831
Malignant,IMMP2L,0.711925619897577,0.589667564246619
Malignant,CAND1,1.3428367842724,1.22058006943172
Malignant,ZNHIT2,0.575022504592082,0.452776922523125
Malignant,GNL2,0.998958883899755,0.877070205705121
Malignant,RNF20,0.689179435362497,0.567374517517003
Malignant,METTL13,0.499630196531132,0.377869393715183
Malignant,MANBAL,1.34814571556181,1.22648954786523
Malignant,GPAA1,2.0027522293286,1.88110261191147
Malignant,ZNF451,1.01918989907764,0.897546960018874
Malignant,PSMD13,1.78600262016657,1.66436445956992
Malignant,PRKRIP1,0.769081943693923,0.647450143369433
Malignant,HAGHL,0.415801850222731,0.294244731539538
Malignant,ACO2,1.64200806673542,1.5205081102696
Malignant,ORC5,0.403475125745743,0.282010941043314
Malignant,KIF4A,0.256117194158086,0.134807457496658
Malignant,NDUFS3,2.12819754324495,2.00692121301899
Malignant,DCLRE1C,0.67011863068139,0.548961608039611
Malignant,MKI67,0.519432349304279,0.398427220370024
Malignant,CRNKL1,0.705485487332918,0.584490579842669
Malignant,POLA2,0.329295231480361,0.208322568095268
Malignant,TTC32,0.69497338074618,0.574196452077589
Malignant,CASP2,0.695359869391337,0.574707127674672
Malignant,LNPK,0.77380001610351,0.653153137390877
Malignant,VSIG10,0.616303086823425,0.495719873527556
Malignant,CDIN1,0.299227857638525,0.178652814187643
Malignant,HDAC3,0.970376449895427,0.850010692712477
Malignant,BLCAP,1.36098699866581,1.24068992711136
Malignant,LETMD1,1.12344729112951,1.00315709302529
Malignant,MRPS18B,1.7841837995741,1.66406895660124
Malignant,NOL12,0.515568652738443,0.395602820405975
Malignant,HSD17B1,0.2849228990406,0.165039331242744
Malignant,DDX11,0.470643452624315,0.350829297064529
Malignant,REXO4,0.747632946890842,0.627845624349716
Malignant,POLE2,0.217568102817235,0.0978479745441769
Malignant,MRPL43,1.9886267776837,1.86917901802499
Malignant,DIDO1,0.842188642171326,0.722755680238097
Malignant,WBP11,1.4050006953546,1.28561337234524
Malignant,FBXO9,0.981452635681693,0.862122655245508
Malignant,DPM1,1.56619886368726,1.44688702077417
Malignant,PRRC2A,1.07304777645707,0.953771487092022
Malignant,UTP18,1.04061981755486,0.921457201113452
Malignant,ARL17A,0.469781994036842,0.350697502571177
Malignant,BCCIP,1.2955755210998,1.17663043670298
Malignant,KHDC4,1.09652774206469,0.977614776273934
Malignant,THYN1,1.32162621540854,1.20272200470118
Malignant,RBMXL1,0.613460447435173,0.49463248112133
Malignant,SERINC5,1.17988684457002,1.06122764241067
Malignant,GCN1,0.553894930214201,0.435289653655229
Malignant,SLX4IP,0.365263695638587,0.24684985931463
Malignant,ING4,0.831629618000974,0.71332965927178
Malignant,EIF2B4,0.819324197044825,0.701052288764998
Malignant,TEDC2,0.178991903603483,0.0607464058906044
Malignant,CPSF1,0.569588436782718,0.451353424289958
Malignant,TPRKB,1.53052446332627,1.41229819076622
Malignant,COQ8A,0.689633036016236,0.57154376777271
Malignant,CNOT9,0.896877610603129,0.778871371363226
Malignant,CNTNAP2,0.227694865570119,0.109967545774478
Malignant,SYNCRIP,1.94339191117127,1.8257096635786
Malignant,TTC5,0.511985919452743,0.394585251608455
Malignant,VAPB,0.876391857788889,0.759101944124373
Malignant,PRR7,0.537354802802659,0.420121182907577
Malignant,TTC1,1.60564668266181,1.488454270369
Malignant,CDK5RAP2,0.686546091709779,0.569574352419118
Malignant,POLE,0.284779636663354,0.167865637997513
Malignant,NPRL3,0.658365167086755,0.541531816651776
Malignant,RBBP5,0.693455380644191,0.576641942279865
Malignant,GALK2,0.661841107201716,0.54519419046028
Malignant,WRAP73,0.552386231607018,0.435749489910808
Malignant,TMEM222,0.899571240205562,0.783055232248714
Malignant,UTP6,0.930074158054259,0.813568848565561
Malignant,SLC35E3,0.777344302385633,0.660947346763566
Malignant,COPS7B,0.613262542883239,0.496928354743143
Malignant,TAF6,0.847374499630502,0.731068250017164
Malignant,TEX261,0.652171320653919,0.535901239196802
Malignant,QTRT1,1.31790500982981,1.20202592421979
Malignant,TROAP,0.264645245457333,0.148834121352062
Malignant,OXLD1,1.08647970227925,0.970716173259683
Malignant,COPB2,1.68106601831084,1.5653707744981
Malignant,FAM217B,0.657537082891311,0.541863471221675
Malignant,PAPSS1,1.25963353359386,1.14397872646726
Malignant,WDR4,0.313089542909008,0.197662513590601
Malignant,TAF2,0.621790331789862,0.506440291155386
Malignant,PCBD2,0.522088897414781,0.406934030245142
Malignant,NT5DC3,0.367147092191089,0.252064349544654
Malignant,HCFC1,0.753478571958809,0.638403319637792
Malignant,TPD52L2,1.41602007459872,1.30096921957918
Malignant,BAIAP2,1.33674757398906,1.22176899616237
Malignant,PUSL1,0.442866164016492,0.327929437167341
Malignant,RBM4B,0.576459141155691,0.461603378019748
Malignant,PYGO2,0.429332900421474,0.314531517194888
Malignant,WDR48,0.682702742488322,0.567915164654022
Malignant,MRPL22,1.67665497477764,1.56196101949648
Malignant,NKAPD1,0.667664407425355,0.553092780229786
Malignant,GSE1,0.814180970104546,0.69973413280099
Malignant,GRHPR,1.93828717616648,1.82399539832774
Malignant,CDK7,0.615336143576465,0.501107676560112
Malignant,PREP,0.509681902410153,0.395606624441453
Malignant,LYPLAL1,1.09833557970068,0.984291554058854
Malignant,VEZT,1.33239855514117,1.2184262484445
Malignant,DDX41,0.90663686279076,0.79273122236312
Malignant,SNRNP35,0.826259044028846,0.712497052100943
Malignant,UBE4B,0.618832331255663,0.505294669643319
Malignant,RPP38,0.800285275624992,0.686750171363898
Malignant,MANEAL,0.260795289635081,0.147306640579835
Malignant,AAAS,0.621126980460549,0.50776356998779
Malignant,PNO1,0.863935575859168,0.750647053786354
Malignant,LETM1,0.790824141999169,0.677594927697519
Malignant,DOHH,0.569389448050598,0.456225625162813
Malignant,GGH,1.08315772786583,0.970016862235647
Malignant,PSMC3IP,0.280520701861304,0.167471386806921
Malignant,MED1,0.707221812662094,0.594177834151472
Malignant,KLHL9,0.639157988748242,0.52629600470843
Malignant,MZT1,0.929987699734529,0.81728429898141
Malignant,RRP15,1.05735825183462,0.944691518173179
Malignant,CCNF,0.22316027923934,0.110705591567917
Malignant,PISD,0.658336339977852,0.546133861829762
Malignant,DROSHA,0.481531906585622,0.369336119667941
Malignant,LTO1,0.412914569528735,0.300742087663871
Malignant,CIAPIN1,0.881331409349899,0.769160034669765
Malignant,THAP7,0.889189617146598,0.777113388469723
Malignant,HSF2,0.422415893367858,0.310442193190088
Malignant,GTF2F1,1.24673011337869,1.13475848793608
Malignant,RPF2,1.09112383268843,0.97932238830571
Malignant,EHBP1,0.743936705957865,0.63220563000259
Malignant,UBE2O,0.416195768670986,0.304498128834505
Malignant,SRSF6,2.01141915025404,1.89982207181547
Malignant,PYCR1,0.987435353555942,0.875945473283696
Malignant,ECT2,0.537955021799244,0.426610889545938
Malignant,RPRD1A,0.889872052268841,0.778632473009446
Malignant,DPAGT1,0.68391301838883,0.572835285193534
Malignant,ANKRD46,0.476250719256748,0.365261690467136
Malignant,PET117,0.569549212284087,0.458619766335316
Malignant,DNAH14,0.411268857232968,0.300348533037921
Malignant,GTPBP10,0.452906576271421,0.341994067572248
Malignant,FEM1A,0.546059672926825,0.435211966341797
Malignant,TRIP6,1.54703978645796,1.43622131658337
Malignant,TOLLIP,1.09996182713856,0.989151676286271
Malignant,YY1AP1,0.856677541738208,0.745998842725348
Malignant,SLC30A9,1.03006887597748,0.919524561926933
Malignant,SF3A3,1.21050314533166,1.10019419027969
Malignant,HMG20B,1.51456454654032,1.4045620729393
Malignant,ATPAF1,0.868781341952096,0.758907524435356
Malignant,CDC20,0.379199406228073,0.269344919978853
Malignant,RABGGTB,1.41174749527569,1.30200692453309
Malignant,MED14,0.477109351519528,0.367377935854552
Malignant,MFSD11,0.796286876156796,0.686765695575734
Malignant,ZC3H15,2.39486919976677,2.28554490274778
Malignant,RWDD4,0.949685397098207,0.840397344777225
Malignant,RMI1,0.331679181026139,0.222629488657958
Malignant,MCM6,0.597852383300503,0.488806884985103
Malignant,WDR24,0.359261267013725,0.250314657445654
Malignant,GARS1,1.43275214657973,1.32389386582672
Malignant,SLC25A13,0.699438264707237,0.590591902828208
Malignant,SNRNP40,1.10034455822054,0.991532905547412
Malignant,CBX8,0.231196716977215,0.12260707706451
Malignant,RABIF,0.821305334057985,0.712786174617697
Malignant,PDCD7,0.880940149942528,0.772531087419392
Malignant,PLEKHJ1,1.61467828077937,1.50630468097576
Malignant,GIGYF1,0.621057406717188,0.512863628065434
Malignant,TOP1MT,0.551590127145582,0.443722682730717
Malignant,CEP70,0.688642945854322,0.580994002317648
Malignant,LARP4B,0.869127380113935,0.761584556890291
Malignant,KLHL12,0.532034571560195,0.424507563409484
Malignant,SLC35F5,1.02398092085002,0.916476147752866
Malignant,SLC30A5,0.931875138283141,0.824590348000169
Malignant,IPO4,0.343696511626543,0.236463042704807
Malignant,EIF2S1,1.36101573985448,1.25385042978121
Malignant,ALDH18A1,0.749634014500548,0.642490818911304
Malignant,RAD51,0.207233432617636,0.100110289969818
Malignant,DGCR6L,1.58677895454273,1.47983646914715
Malignant,UBFD1,0.586925649086119,0.480026546408043
Malignant,ATP5MC3,4.2198012364228,4.11308489925264
Malignant,AKAP8,0.690367275859576,0.583663154914531
Malignant,FOXO3,1.43840693212408,1.3317382596286
Malignant,SLC6A8,0.642782887581649,0.536143412297783
Malignant,ZNF16,0.276222181356837,0.169590223772151
Malignant,ZFAND1,1.2837724467553,1.17731557176597
Malignant,TBP,0.440004698615175,0.333563712320928
Malignant,TMEM267,0.542792219537174,0.436375181583917
Malignant,MPHOSPH10,1.1004538803584,0.99406620634272
Malignant,TMEM199,0.747878283102869,0.641604607885267
Malignant,BPNT1,0.581446816065567,0.475178670638642
Malignant,MED19,1.04058740794864,0.934466815453338
Malignant,TRIM37,0.484479452400742,0.378570441615458
Malignant,DPH5,0.586297943403923,0.480561136944566
Malignant,ZW10,0.312485109757427,0.206818288469706
Malignant,WDR73,0.71569259804474,0.610228311307387
Malignant,NUDT16L1,1.1821426332828,1.07671698778404
Malignant,NLE1,0.339239593527918,0.234022141611606
Malignant,RABL3,0.478605690063391,0.373417311870664
Malignant,NAA50,1.42348675909392,1.3183666159299
Malignant,TFB2M,0.622741210827604,0.517643191796219
Malignant,LSM14A,1.77046481817766,1.66538952841855
Malignant,TBL1X,0.568403436683931,0.463376671997193
Malignant,GUCD1,0.866151778263017,0.761227215863414
Malignant,AIG1,1.49183888105213,1.38692674196644
Malignant,PRKCSH,1.88487751786424,1.7800583378981
Malignant,C1orf131,0.87772025651615,0.772915744712107
Malignant,TSR2,1.12240457324226,1.01775394551889
Malignant,GPN2,0.491024078432646,0.386405110421708
Malignant,RPUSD1,0.4915538323407,0.386985474048321
Malignant,DNAJC2,1.22032729451185,1.11581692767868
Malignant,RAN,4.02677101279224,3.92226501497122
Malignant,TMTC4,0.447055287699504,0.34268055777412
Malignant,GET1,1.03403534127917,0.929693607175878
Malignant,ZNF282,0.347841119950194,0.243714585883729
Malignant,TCAF1,0.924114121965842,0.820046161910783
Malignant,MIX23,0.742998877357774,0.63901746568818
Malignant,ZNF195,0.607926200796159,0.503975579118324
Malignant,RPP25,0.514867007173671,0.410938496657657
Malignant,C12orf43,0.50571997476608,0.401881034800913
Malignant,FUBP3,0.778024119688943,0.674252752976879
Malignant,ZNF117,0.442425792224397,0.33865759453333
Malignant,TRIT1,0.463657956613755,0.359985651913384
Malignant,REV1,0.896728825213301,0.793067246293063
Malignant,RTL8A,1.61672241615716,1.51315618995575
Malignant,POT1,0.338525720025551,0.234963588512593
Malignant,DPP3,0.64772291363037,0.544177271643504
Malignant,HSPA9,2.62902626642524,2.5255701980137
Malignant,SDHAF1,0.66541049822668,0.561990364505046
Malignant,AAMP,1.85890707200537,1.75550369963001
Malignant,RPUSD3,0.716865255698102,0.613473843843713
Malignant,ZNF512,0.469307139174317,0.36592079628312
Malignant,ZNF320,0.320962057842766,0.21773482674424
Malignant,POLR2K,2.53894483765769,2.43587394091851
Malignant,IWS1,0.975030087728524,0.872014794514362
Malignant,PPIG,2.50929104683196,2.40631907769231
Malignant,DECR2,0.559430302404335,0.45653947452726
Malignant,CRADD,0.521862341382444,0.418989253834466
Malignant,SART3,0.59740591369054,0.494553250214342
Malignant,TSEN2,0.326244352328143,0.223670975061376
Malignant,C15orf40,0.987701746905669,0.885392225336538
Malignant,INTS1,0.666127242806741,0.563904892505553
Malignant,NDC1,0.416601910847282,0.314437826510688
Malignant,SPAG5,0.244341404966146,0.142199343299341
Malignant,GALNT11,0.930449851595846,0.828310366851647
Malignant,DCAF17,0.302863031271867,0.200785372881335
Malignant,PGAM5,0.396529367985744,0.294491136684281
Malignant,PSAT1,0.711630043670477,0.609780180609888
Malignant,C9orf85,0.602905753007765,0.501361095677002
Malignant,NUP37,0.701006063772294,0.599473945573441
Malignant,COPRS,1.30776248040667,1.20626171164271
Malignant,VARS1,0.658828170101758,0.557467842020454
Malignant,FMC1,1.41044329768528,1.30915671006507
Malignant,DHX36,1.79439438453546,1.69355910753062
Malignant,ODR4,0.824742579468027,0.724082993402529
Malignant,TADA2A,0.327976979548069,0.227382598870255
Malignant,NLN,0.49648039307547,0.39594683451095
Malignant,BRIX1,1.22727498891658,1.12674717372944
Malignant,LANCL1,0.527516487395786,0.427022392073733
Malignant,MRPL39,0.732547279790916,0.632100330681937
Malignant,COPG2,0.344394378783645,0.244044055410857
Malignant,MOCS3,0.277247343021853,0.176900655660752
Malignant,TARBP1,0.526674387535735,0.426626965511104
Malignant,F12,0.438354973888562,0.338319618569422
Malignant,LRRC61,0.493166714648032,0.393142570573012
Malignant,TRMU,0.508485241595962,0.408476910312509
Malignant,OTUD3,0.270015893301014,0.170220173070019
Malignant,CNIH4,2.03212596837002,1.93256044237624
Malignant,SOX12,0.290367894491181,0.190817791092444
Malignant,CCNB1IP1,1.03914884797857,0.939634535842248
Malignant,ZP3,0.281059287662515,0.181836099881228
Malignant,ARHGAP11A,0.312367489407532,0.213169422499284
Malignant,ATG12,1.56434819635066,1.46523226324807
Malignant,POGZ,1.30468529507293,1.20611926220936
Malignant,CDK12,1.06894756154504,0.97038331948302
Malignant,TBC1D7,0.630520456586193,0.532014026639853
Malignant,EEF2KMT,0.411818346479042,0.313391331176913
Malignant,TIA1,1.15715337715052,1.05873074072656
Malignant,MTERF1,0.350310117296183,0.251945466202997
Malignant,DXO,0.503763071394897,0.40548225455065
Malignant,TIAL1,1.38403499429379,1.28583133362198
Malignant,BRMS1,1.21527190384484,1.11713794321448
Malignant,CCDC106,0.49422297643682,0.396114905642367
Malignant,GSTCD,0.268458783117152,0.170577337617608
Malignant,PDHA1,1.4959661949019,1.39812054308689
Malignant,DNAJC8,2.35965017426094,2.26185513967649
Malignant,XRCC5,2.7644623516466,2.66670249846853
Malignant,RCC1L,0.645059898685898,0.547306021738977
Malignant,MAP2K2,1.35223526012182,1.2546811028593
Malignant,ERO1A,1.24365869843787,1.14616922812813
Malignant,RFXANK,1.25871875979401,1.16128712678862
Malignant,SRRD,0.359859641605849,0.26244867475966
Malignant,SNRPB2,2.44523980796739,2.347885785724
Malignant,AKT1S1,0.898567558511538,0.801357485560653
Malignant,CHAF1B,0.224569466871079,0.127362778011192
Malignant,SUMF2,1.71534997195936,1.61817638126322
Malignant,CDC23,0.563060024189462,0.465916038959041
Malignant,TTI2,0.309122233221324,0.212019683724466
Malignant,TOR1AIP2,1.61618869678212,1.51911721917778
Malignant,PGAP2,0.547896507493327,0.450993847348802
Malignant,PSMA3,2.4277268988944,2.33099562868104
Malignant,WDR33,1.54524526832171,1.44854863308685
Malignant,CCNB1,0.550118773392502,0.453637361073534
Malignant,EDC3,0.372083379529937,0.275633655306479
Malignant,ZNF131,0.95629202358893,0.859958639158644
Malignant,ECSIT,1.12341023724025,1.02711712411431
Malignant,SEC22A,0.468897712927109,0.372608648412033
Malignant,UBTF,1.0181826473002,0.921911074487726
Malignant,CCHCR1,0.444886807081093,0.34861774394371
Malignant,LIG3,0.399392529272102,0.303137630206625
Malignant,SRPK1,1.18020271135035,1.08401209011843
Malignant,MRPS35,1.64269278799259,1.54651494722294
Malignant,POLR3C,0.53048641459206,0.434333943904254
Malignant,RNF170,0.697051901660045,0.601007579216899
Malignant,OCIAD2,3.01929432995741,2.92326088512686
Malignant,NFRKB,0.486377006187437,0.390356163182978
Malignant,NPW,0.203882572588158,0.107862019584026
Malignant,GORAB,0.368539516900092,0.27254365814179
Malignant,DLAT,0.589558942978122,0.493634637499699
Malignant,CHERP,0.610460702573427,0.514610469854506
Malignant,COPA,1.7043044737559,1.60847545996842
Malignant,CENPS,0.477855184082238,0.382103928028063
Malignant,MCM8,0.252326467729642,0.156627565774479
Malignant,SPPL2B,0.607231706494306,0.511578510238886
Malignant,EXOC3,0.741158106047707,0.645536458962538
Malignant,MRPL4,1.68611646918087,1.59054254739142
Malignant,EIF2AK1,1.53337060688936,1.43798092432435
Malignant,ZMYM5,0.774278943438257,0.678998968344755
Malignant,ZNF622,1.06945534364081,0.974220712350367
Malignant,CDC73,0.998236270952132,0.903019527088213
Malignant,DDX19A,0.590644230727889,0.495447896120265
Malignant,SPRTN,0.478114731535129,0.38293812902914
Malignant,CCDC124,1.69645535718338,1.60129702491675
Malignant,MTIF2,0.734498564743671,0.639480038333368
Malignant,XPA,0.864287255289232,0.769324790638948
Malignant,CLPTM1,1.3753356201567,1.28042777517368
Malignant,RAD54B,0.169708781789749,0.0748690747160199
Malignant,C17orf80,0.305323798060109,0.21057573823694
Malignant,SGO1,0.390296988104882,0.295688947571786
Malignant,MTRFR,0.944896475219668,0.850373496938628
Malignant,TMEM38A,0.2292667663179,0.134749136179869
Malignant,ELP1,0.405237370606969,0.310888392499769
Malignant,NXPH4,0.191354000726992,0.0971740704795024
Malignant,MLH1,0.537108939250183,0.442962839381762
Malignant,IMPA1,0.625909817485737,0.531832712963246
Malignant,THUMPD2,0.581766372667681,0.487720179194243
Malignant,PRAME,0.272209636153041,0.178266713147713
Malignant,DDX51,0.397138966601209,0.303232948703509
Malignant,SCAP,0.639508859137842,0.545719253264503
Malignant,MYEF2,0.569433515543632,0.475654157788131
Malignant,INTS2,0.32743561379241,0.234013027074867
Malignant,FAN1,0.359193709430105,0.265938803442196
Malignant,MUTYH,0.402633618707129,0.30941603559367
Malignant,TRAIP,0.144562200169502,0.0513554408072241
Malignant,POLR2C,1.34554695766343,1.25234523549906
Malignant,OARD1,1.17974934388761,1.08662489519412
Malignant,SNUPN,0.661454290695018,0.568346401677216
Malignant,RRP8,0.540734417463777,0.447722322574174
Malignant,EIF4EBP1,2.09774598036615,2.00490798486566
Malignant,UQCRH,4.69120719451325,4.59852408760269
Malignant,FZR1,0.467820139750357,0.375174835696133
Malignant,MAPK6,1.12445749445708,1.03208654974179
Malignant,SMYD2,0.831178077468562,0.738845510876736
Malignant,RBM12,0.678927346412447,0.586618732702561
Malignant,KMT5A,0.61974587114814,0.527493915489118
Malignant,BCS1L,0.568418146234528,0.476206755973093
Malignant,YY1,1.91357643921444,1.82142296540074
Malignant,PSMD5,0.585992968671975,0.493871958706122
Malignant,TRIM4,0.69021354436267,0.598106808141938
Malignant,ETV4,0.353582131338168,0.261600273449927
Malignant,SERGEF,0.614809667982575,0.523035012322891
Malignant,METTL6,0.377000853135197,0.285226946104845
Malignant,PCMT1,2.20580262948378,2.1141839178597
Malignant,IMPACT,0.685405913621263,0.593796485587289
Malignant,DUS4L,0.339464058659285,0.247943237605844
Malignant,HDAC8,0.617723560945336,0.526237903451184
Malignant,MXI1,0.937176596725071,0.845920366531909
Malignant,UCK1,0.604086320080558,0.512831646138968
Malignant,GLE1,0.465752852462141,0.374544084029489
Malignant,NUBPL,0.44527274883951,0.354157399887983
Malignant,THAP12,0.576546970003403,0.485460174750105
Malignant,LTV1,0.711574552651298,0.620528479825246
Malignant,KATNBL1,1.13839325023541,1.04752548645277
Malignant,PLA2G12A,1.03954901111972,0.948832604310469
Malignant,METTL14,0.519205579175469,0.428539332433101
Malignant,NEK2,0.255395381086054,0.164795794593071
Malignant,RMDN1,0.833972773421714,0.743600140161354
Malignant,THAP5,0.782162668579466,0.69187213658826
Malignant,CAD,0.365788395284675,0.275508185347059
Malignant,CCDC91,1.00873696089094,0.918460289577099
Malignant,PFDN1,1.75846890007133,1.66821992607102
Malignant,HIRIP3,0.561681978732786,0.471445987596592
Malignant,B3GALNT2,0.540732689441425,0.450539022965296
Malignant,HRAS,1.02666492494703,0.936508946354401
Malignant,ADGRA3,0.424578139916933,0.334449350867208
Malignant,CEP43,0.50309677696793,0.413182863793567
Malignant,POC1A,0.19507567116498,0.105163371918716
Malignant,EIF1AD,0.55505622454833,0.465202353404962
Malignant,OXCT1,0.606249682243084,0.516471707116187
Malignant,CEP63,0.757221514329127,0.667485039466369
Malignant,ASPM,0.321676121603388,0.232147950338009
Malignant,CSAD,0.699771213407956,0.610282105844746
Malignant,CCDC14,1.00786333312021,0.918678106189096
Malignant,GET3,1.7616858686075,1.67254673628246
Malignant,RPE,0.698802112902638,0.609793915941984
Malignant,UTP14A,0.483395657883406,0.394487465775223
Malignant,SIGMAR1,1.02994539210613,0.941052647170802
Malignant,ACD,0.595193215526417,0.506334845320459
Malignant,IGSF8,0.895673777586598,0.806852903109195
Malignant,MRI1,0.568168702753165,0.479477230480801
Malignant,KIFC2,0.339320872137219,0.250658257492664
Malignant,GTSE1,0.251821609569324,0.163335281012158
Malignant,PCID2,0.952771623767683,0.864324735435632
Malignant,FASTKD3,0.294929241209171,0.206485313982674
Malignant,CEP76,0.234222181287109,0.146220267259166
Malignant,SEPHS1,0.646277239169593,0.558314965005709
Malignant,PCIF1,0.71485233543759,0.626902510113911
Malignant,UBE2S,1.3081388371379,1.22022953998126
Malignant,C17orf58,0.549931114997747,0.462105200425372
Malignant,RAD54L,0.138680103519092,0.0508633981482814
Malignant,CDCA8,0.272292960042995,0.184494786397979
Malignant,CCDC51,0.436965793616095,0.349279833352211
Malignant,E4F1,0.46216004500642,0.374502107956021
Malignant,FBXL20,0.626096570385508,0.538463028725533
Malignant,IGHMBP2,0.303418351073833,0.215914794098876
Malignant,EXO1,0.139814730572315,0.0523194899546235
Malignant,TRA2A,2.0673533145461,1.97990049527682
Malignant,SSX2IP,0.413577158161515,0.326203673558055
Malignant,APPL2,0.691499820325598,0.604189588711346
Malignant,THUMPD3,0.759458221015856,0.672156441800036
Malignant,ESF1,1.38695375805368,1.29980760305813
Malignant,PPIL2,0.572889233567973,0.485757986990088
Malignant,MPLKIP,1.78776737184094,1.70068980562277
Malignant,RRP1,0.77327097510554,0.686247015408253
Malignant,COG8,0.425441339323566,0.338509510911504
Malignant,KIAA1958,0.271058985494761,0.184169603933623
Malignant,SLC2A4RG,0.924486977322415,0.837688927696328
Malignant,UTP15,0.29754385214973,0.210885785024427
Malignant,INTS10,1.07067196971289,0.984080981112448
Malignant,MAVS,0.76975997800904,0.683254120641257
Malignant,INTS14,0.605326961329465,0.518838701500186
Malignant,ANKRD16,0.274850883790451,0.18837505229994
Malignant,LRRC20,0.166279087239086,0.0798634853106111
Malignant,KAT14,0.28921764786496,0.202809100419164
Malignant,PIAS2,0.842370706235247,0.755963387005679
Malignant,LZIC,0.773567842458718,0.687167344800765
Malignant,CUL4B,0.619976035276891,0.53360431640625
Malignant,NUP153,0.638463141446341,0.552161078152972
Malignant,TRUB1,0.374806542696636,0.28853665664751
Malignant,DHRSX,0.900845295534447,0.814606580263843
Malignant,INTS12,0.526846222338935,0.440851285005734
Malignant,CCDC86,0.477157444102064,0.391214302552534
Malignant,ATAD3A,0.495313020554713,0.40942505790054
Malignant,EIF2A,1.83913902023985,1.75326324620626
Malignant,ZNF714,0.403693531168254,0.31788068363806
Malignant,ORC2,0.470428932188827,0.38468187885593
Malignant,SPPL3,0.967283324723072,0.881542596534696
Malignant,ENTR1,0.433388526833294,0.34771997800284
Malignant,PUS3,0.405588284500957,0.320044942475001
Malignant,MMUT,0.660000554502839,0.574598824339731
Malignant,ZNF766,0.595152667633376,0.509761354322474
Malignant,TMEM126A,1.21685107536945,1.13159217661225
Malignant,SMARCC2,1.07883347845311,0.99364471412002
Malignant,NOC4L,0.580689089883041,0.495595065603156
Malignant,TRMT10B,0.533875775474327,0.448814287923203
Malignant,KLHL7,0.579056622706375,0.494002396818292
Malignant,TMCO3,1.03241500867767,0.947373039274316
Malignant,TP53BP1,0.638953849617113,0.553949276255178
Malignant,TMEM161A,0.62686930775539,0.541972075289042
Malignant,RPRD2,0.798749166393006,0.714024653891832
Malignant,APH1A,2.13951100036541,2.05481975945718
Malignant,URGCP,0.53517195323505,0.450492899502323
Malignant,SAPCD2,0.222449454302424,0.137936209357669
Malignant,RHNO1,0.637178337917355,0.552735492064801
Malignant,STARD7,1.6735601856435,1.58912451430546
Malignant,PHKG2,0.741075921234071,0.656654626366526
Malignant,TBL3,0.585046006256452,0.500648534472908
Malignant,ASB3,0.310097793965342,0.225788585082195
Malignant,MTMR4,0.529223737259625,0.444984838976106
Malignant,POLR3F,0.359361039019011,0.275125550104316
Malignant,CUL5,1.0433579140871,0.959243978601597
Malignant,YTHDF1,0.613661027358503,0.529764572241853
Malignant,EMC4,2.41801548132867,2.33424134279408
Malignant,ZNF576,0.528883808208682,0.445130198345931
Malignant,HMGXB4,0.955815732948307,0.872130121932738
Malignant,RAB2A,3.20680357616918,3.12319117612446
Malignant,KIF11,0.268005557207765,0.184487031623141
Malignant,ULK3,0.561521346265404,0.478006747556255
Malignant,ZDHHC16,0.671845608738645,0.588366030552547
Malignant,ZNF84,0.468463220189582,0.38505852069044
Malignant,INTS5,0.328989288703019,0.245635004998725
Malignant,SLC7A1,0.66254474971793,0.579321571975074
Malignant,FAM241B,0.376434126567926,0.293243491081586
Malignant,GPALPP1,0.561234725984773,0.478319080046675
Malignant,FAF1,0.645059172718101,0.562168543266717
Malignant,TIMM8A,0.464710675524866,0.381991357804498
Malignant,RARS1,1.2107848990354,1.12812358989476
Malignant,POP1,0.221508303656276,0.138919108570149
Malignant,RNASEH1,0.839558944086241,0.756996972157415
Malignant,VPS52,0.447593636814083,0.365123461537041
Malignant,TTF1,0.780167639688272,0.697772434731198
Malignant,CDT1,0.28604861174769,0.203711081786361
Malignant,GFM2,0.476534104046528,0.394333402441866
Malignant,CCT8,2.64273990267488,2.56060741464689
Malignant,TMEM192,0.753701048052533,0.671680853905039
Malignant,NFYA,0.352105913689805,0.270089018052541
Malignant,SLBP,1.35427845849836,1.27232488708265
Malignant,JAGN1,1.33065654839992,1.24881595973099
Malignant,TAF7,2.58236384613443,2.50054062360343
Malignant,SCAI,0.449538757519112,0.367757131472019
Malignant,TRIM28,1.31203812106526,1.23027345639998
Malignant,DDX20,0.338966694794699,0.257221306442699
Malignant,PSMD10,0.8805465735292,0.798806814421051
Malignant,CASC3,0.969417944556753,0.887693462969936
Malignant,DDX31,0.28611692603749,0.204485052874782
Malignant,UBA3,1.02148254950063,0.939909283364801
Malignant,PIN4,1.89290163812795,1.81137221182306
Malignant,RPUSD4,0.445098237984984,0.363630696955673
Malignant,ZNF121,0.48353628431076,0.4021489199992
Malignant,LRRC40,0.438166491524686,0.356790832181817
Malignant,ZC3H3,0.348500363500827,0.26722809347804
Malignant,IQGAP3,0.157775609751065,0.0766417770712138
Malignant,GEMIN2,0.353600653160682,0.272549651091842
Malignant,HNRNPH2,1.46730235415669,1.38643125279667
Malignant,HDHD2,0.639785257746181,0.559282607382875
Malignant,GPSM2,0.382130324558584,0.301659594913147
Malignant,HSD17B10,2.01022027009113,1.92988276900714
Malignant,PEX13,0.853690953271942,0.773454729085463
Malignant,NRBP2,0.468962409976496,0.388763885247887
Malignant,POLR1A,0.320346075229064,0.240192504256405
Malignant,POP5,1.24356717889847,1.16351140862321
Malignant,BYSL,0.404701810938691,0.324652623323207
Malignant,U2SURP,2.04590722680527,1.96595888815343
Malignant,GDAP1,0.275219215347802,0.195275186755489
Malignant,PMVK,1.847988352636,1.76804985643527
Malignant,UMAD1,0.547478184354692,0.467641371034322
Malignant,PIGH,0.716078816672433,0.636272664841706
Malignant,RNF2,0.685288214201319,0.605586526208901
Malignant,MRPL46,0.884033133454041,0.804413080495292
Malignant,ASCC1,0.611705732927685,0.532089771274441
Malignant,E2F1,0.169967826526854,0.0903877087906877
Malignant,NDUFAF1,0.594666679488001,0.515112556907589
Malignant,PLD6,0.183807979931127,0.104288353595562
Malignant,PRPF8,1.32288177485529,1.24336884208895
Malignant,SGO2,0.278996799815222,0.199595903166638
Malignant,KLHDC10,0.690543524188371,0.611153875707497
Malignant,ULK1,0.473045007552397,0.393851680770321
Malignant,SLC35A2,0.720740035095177,0.64156347430171
Malignant,ZNF76,0.462857006508391,0.383773375875999
Malignant,CWF19L1,0.409723778043401,0.330684901483314
Malignant,TRMT12,0.268332106691745,0.189316592952009
Malignant,MPV17L2,0.419939982015932,0.341032051054356
Malignant,ZCCHC8,0.631292183861009,0.552392094036956
Malignant,PSMB5,2.98507730882991,2.90618557248668
Malignant,SDHAF3,0.979287412649283,0.900408343397779
Malignant,CYB5R1,1.20742705236755,1.12855295042867
Malignant,ZCCHC9,0.734887286110975,0.656135536409221
Malignant,NMRAL1,1.25258823278571,1.17385901858008
Malignant,DSG2,1.41677181515914,1.33813575505877
Malignant,RNF14,0.721382005224031,0.642771805082367
Malignant,COG5,0.572998941677833,0.494393773363053
Malignant,ROMO1,3.49133621419104,3.41274903117144
Malignant,ZNRD2,1.26513799847389,1.18656896722752
Malignant,BCOR,0.434104430349144,0.355588917945469
Malignant,MRPS2,1.08415437792034,1.00566660125769
Malignant,NDUFB6,2.56525697382984,2.48685784584088
Malignant,TRAPPC3,1.8314378405306,1.75334744846758
Malignant,GRWD1,0.645333824108306,0.567359703659365
Malignant,XPO5,0.411912694891839,0.33397930276067
Malignant,EIF2D,0.75507770657386,0.67717835539719
Malignant,WDR53,0.236286748855766,0.158404255037461
Malignant,ZZZ3,0.649163681555669,0.571292813107441
Malignant,WDR36,0.539939989887862,0.462101224181056
Malignant,SLC16A1,0.86302885391312,0.785441030503906
Malignant,NSUN3,0.346786279860037,0.269215023514876
Malignant,NCAPG,0.233466883556141,0.155909775022794
Malignant,AARSD1,0.397190790683331,0.319728950764888
Malignant,RPGRIP1L,0.337988222106682,0.260528236546234
Malignant,GNB1L,0.297941817142346,0.220495861736846
Malignant,FOXK2,0.579127996423086,0.501733013641084
Malignant,METTL18,0.293677292934756,0.216287802185484
Malignant,TMEM216,0.504634217813432,0.427332971837766
Malignant,EFNA3,0.263745368063475,0.186463407954347
Malignant,CENPQ,0.291205985207647,0.213953688282388
Malignant,TOM1L1,0.870219577873389,0.793151099876999
Malignant,TRNAU1AP,0.785077669956688,0.708049748258847
Malignant,TMEM223,0.960705892109442,0.883706527421464
Malignant,UBE4A,0.794866413711172,0.717968365406175
Malignant,PIDD1,0.267357036731844,0.190519208405433
Malignant,TUBD1,0.392052941360343,0.315253660838658
Malignant,DEPDC1,0.17282117912624,0.0962006251910896
Malignant,SENP2,0.649553057874799,0.572942694042796
Malignant,CLK2,0.35216198320713,0.275663710766392
Malignant,CCNT2,0.646531154314031,0.570043055060853
Malignant,ELP3,0.453587131300341,0.377154021683134
Malignant,ZNF212,0.251680919921514,0.175287006316459
Malignant,GCAT,0.519204295582843,0.442920674250884
Malignant,CNOT3,0.552464010266527,0.476240365391136
Malignant,ZNF480,0.517305096535746,0.441143462303229
Malignant,ZC3H8,0.675762063495551,0.599668033858168
Malignant,RBM41,0.507454116889309,0.431574668546641
Malignant,UTP20,0.430813129263249,0.35497007077915
Malignant,MOB4,1.35897304749875,1.28317872199745
Malignant,TOMM40,1.12801760808747,1.05242267503219
Malignant,MDH1,2.50244210582597,2.4268875365957
Malignant,YRDC,0.517351681362546,0.441880706467564
Malignant,TMEM203,0.740720712278587,0.665289048284362
Malignant,FANCG,0.23864619265138,0.163249505125391
Malignant,IRGQ,0.443767246980868,0.368377005836784
Malignant,MOSPD3,0.842999031355963,0.767691157246789
Malignant,NTMT1,1.26046456182093,1.18520687405892
Malignant,KIF20A,0.165112675767782,0.0901074033282639
Malignant,KYAT1,0.206283975300871,0.131294776760333
Malignant,GATAD1,1.02582441380385,0.950842333520757
Malignant,NCOA5,0.363147230763688,0.288169390384805
Malignant,TARS2,0.487391146321379,0.412431949449215
Malignant,EWSR1,2.25138259828319,2.17652656710964
Malignant,CDK16,0.962034716948317,0.887182473225072
Malignant,SMG8,0.152093943702808,0.0772719510705323
Malignant,CKAP2,0.686321842820646,0.611548372757865
Malignant,MORC2,0.341270451938811,0.26653795930205
Malignant,ABITRAM,0.354551389210126,0.279860232249492
Malignant,VPS45,0.5203411900298,0.44569731694735
Malignant,MGA,0.605725649701307,0.531162575421095
Malignant,ACACA,0.546149003220528,0.471714443444414
Malignant,VRK1,0.593744290055082,0.519352082825808
Malignant,RCHY1,0.743389100518499,0.669093122701043
Malignant,PROSER1,0.376443197322739,0.30223941291275
Malignant,CHEK2,0.337241412050475,0.26305918780429
Malignant,PYCR3,0.33467046059385,0.260494094051479
Malignant,ERCC3,0.553525711421305,0.479394714500949
Malignant,ZNF397,0.580189581205857,0.506193958717391
Malignant,PEX14,0.396741285571883,0.322748957331281
Malignant,TGS1,0.809693167481122,0.735760016522205
Malignant,CXXC1,0.723131204340444,0.649232280749342
Malignant,SLC30A6,0.410649183226722,0.336838487482785
Malignant,DCAF10,0.875025902485002,0.801247639027268
Malignant,TELO2,0.487564028836203,0.413852376255814
Malignant,MAP2K7,0.684924403085545,0.611258741000286
Malignant,AASDH,0.514185413012059,0.440554526772591
Malignant,LIAS,0.465785334688378,0.392382579789109
Malignant,TONSL,0.28879618715479,0.215488073771249
Malignant,RNF220,0.656859005864783,0.583553298846942
Malignant,SUCLA2,0.99768178948314,0.924428587296563
Malignant,C5orf63,0.339874052029858,0.266634491285148
Malignant,XRCC1,0.521526850563065,0.448373706326579
Malignant,MOSPD1,0.511665337168111,0.438558331746618
Malignant,MED13,1.06133981628527,0.988255368712053
Malignant,RAD51AP1,0.367776721835585,0.294745743662842
Malignant,PPP2R5D,0.4389571436581,0.365974699175592
Malignant,MAK16,0.401924951673775,0.32895596595024
Malignant,GMCL1,0.962052057220269,0.889092045020339
Malignant,KCMF1,1.03432437922709,0.961431916625467
Malignant,MRRF,0.676644171182952,0.60388794624689
Malignant,B3GAT3,1.19213597096112,1.11938494890031
Malignant,NADK2,0.415834924512888,0.343217788521578
Malignant,OBI1,0.410303862319574,0.337727863820685
Malignant,CPNE3,1.76589243255464,1.6933201252349
Malignant,METTL26,2.31248555687244,2.23996073617679
Malignant,PPIH,0.904229375230317,0.831730359987695
Malignant,C2orf74,0.516987510542038,0.444538343138975
Malignant,SPDL1,0.34095381077965,0.268540066839585
Malignant,RAC3,0.433255197737668,0.360849193439683
Malignant,ERI2,0.300723625620639,0.228451937371648
Malignant,ZFX,0.729291168437525,0.657076611021585
Malignant,STIL,0.17748801407107,0.105509102703605
Malignant,TRIM44,1.3565611259762,1.28459783895083
Malignant,PIGF,0.972052537925994,0.900132272061128
Malignant,MCM10,0.164131408564629,0.0922207787222666
Malignant,SUPT7L,0.701502420829649,0.629656348679771
Malignant,VDAC2,3.20190035833946,3.13009075109707
Malignant,EARS2,0.264351842703745,0.19263524161379
Malignant,MUS81,0.637458996746738,0.565750453443219
Malignant,CORO2A,0.594015658418974,0.522348655240598
Malignant,DAP,1.61316076612299,1.54149888032162
Malignant,XPNPEP3,0.549573939412102,0.477931962706135
Malignant,RAB22A,0.940275553050632,0.868647652915117
Malignant,WDR89,0.274226082534482,0.202602048263336
Malignant,SLC25A14,0.360851781907283,0.289314131730613
Malignant,TMEM129,0.624490697106752,0.553008705946595
Malignant,COQ3,0.289403928568729,0.217946012630057
Malignant,ATXN2L,0.974875195723155,0.903449893569636
Malignant,GNPNAT1,0.696394164298112,0.624970822663726
Malignant,PES1,0.784909057158776,0.713521336381652
Malignant,CEBPZ,1.37545274818831,1.30426781869819
Malignant,NEK4,0.405711844807384,0.334552613506528
Malignant,WDR70,0.749099399498364,0.677984386248165
Malignant,ANKRA2,0.665508842244042,0.594457637099873
Malignant,DNPH1,2.45942163208383,2.38840335028368
Malignant,TAB1,0.294133519343337,0.223237146589182
Malignant,COA3,2.42410122569813,2.35331059956145
Malignant,TRIP4,0.528374804488441,0.457771209284978
Malignant,NFS1,0.506354982034095,0.435765203342306
Malignant,INTS4,0.390416547707717,0.319830106297978
Malignant,DPH6,0.472089513797988,0.401504967489863
Malignant,BLZF1,0.673982002731823,0.603439134374315
Malignant,DNASE1,0.434042319545824,0.363677901815245
Malignant,TAF1A,0.272065819441201,0.201708112033827
Malignant,SIRT7,0.91495312152561,0.844621650158347
Malignant,OSGEPL1,0.221815306666084,0.151551064888749
Malignant,BCAT2,0.869995404431633,0.799823305892286
Malignant,IFT80,0.421091672944464,0.350968182081753
Malignant,UBXN7,0.698415787338961,0.628467997587728
Malignant,GPR137,0.62830714546929,0.558365493081059
Malignant,ZMYM3,0.397858594545427,0.32796017675422
Malignant,CUL2,0.584616022117729,0.514802837959202
Malignant,EIF2B3,0.709868154595154,0.640140152508204
Malignant,ITFG1,1.41290698814129,1.3433327345443
Malignant,HDGF,2.04005575479269,1.97051191648362
Malignant,ELOVL6,0.322031220742555,0.252489618804738
Malignant,HSDL1,0.327876242149676,0.258406148130111
Malignant,FOXRED1,0.422028481695076,0.35258289219534
Malignant,DUS3L,0.426650816935003,0.357230709412724
Malignant,NEMP1,0.270545983949391,0.201205388806174
Malignant,MFAP1,0.903692090210129,0.834368800951282
Malignant,TWNK,0.181603326343778,0.112289395839922
Malignant,SENP1,0.287938610690467,0.218860018178103
Malignant,CENPA,0.199051966437177,0.12998696120561
Malignant,IGSF3,0.381992142870245,0.312968560099593
Malignant,PNRC2,1.8465183207258,1.77753067852653
Malignant,USE1,1.16402316836499,1.09507228289304
Malignant,VARS2,0.314183957044855,0.24533967648792
Malignant,WDR6,1.06835067996964,0.999522258158263
Malignant,CEP44,0.383914094542926,0.315098493812942
Malignant,DPF2,0.838020585607016,0.76928301625376
Malignant,CDCA2,0.1785747518147,0.109858555978068
Malignant,CHD4,1.89504635896341,1.82633441033826
Malignant,RXRB,0.583048382359467,0.514351617087229
Malignant,CEP72,0.130000104801827,0.0613579665501128
Malignant,CEP104,0.613893575793202,0.545421535460351
Malignant,ZNF691,0.220335172357843,0.151983606171573
Malignant,FAM200A,0.261602282542375,0.193325928222889
Malignant,FARP2,0.494985738033083,0.426712768336196
Malignant,CDCA3,0.249854254122427,0.181721210331161
Malignant,NEDD1,0.428929921072985,0.360843911811443
Malignant,CCAR1,1.43554090084835,1.36748729016835
Malignant,LRRC42,0.632744035447889,0.564698779074318
Malignant,NSMF,0.403362099998297,0.335402372466712
Malignant,VEZF1,1.10875448836872,1.04079856319519
Malignant,CTPS2,0.311454636810316,0.243551791486086
Malignant,BCL7A,0.578954278527001,0.511092104054138
Malignant,ZNF260,0.38446107391889,0.316651040542827
Malignant,PEX16,0.839839426199729,0.772054079260728
Malignant,NUP58,0.935193748059357,0.86743006026561
Malignant,MEAF6,2.04042859643605,1.97268750313512
Malignant,TMEM18,1.15603994775716,1.08844547990582
Malignant,RAB3B,0.315366519451922,0.247859134962265
Malignant,RIOX2,0.554514722525967,0.487026554328995
Malignant,YAE1,0.513003693652259,0.445537798060684
Malignant,PLPBP,0.99555592994888,0.928124339490731
Malignant,HAUS6,0.405891346010671,0.338560561519977
Malignant,SLC25A4,1.54827404113369,1.48120843193994
Malignant,TIGD5,0.182782439737097,0.115787948397846
Malignant,AGO1,0.498579980196583,0.431662680049368
Malignant,SUPT5H,1.44389025202865,1.37703876150573
Malignant,ZNF174,0.237696001859019,0.170901972480065
Malignant,PNMA2,0.27526858834502,0.20848579335315
Malignant,TADA1,0.269051794465167,0.202288337482625
Malignant,SNRPC,2.2407911280448,2.17403073144273
Malignant,MKRN2,0.525198619732898,0.458482594764929
Malignant,EIF2B1,0.924937694603402,0.858259388326063
Malignant,SURF2,0.9411468663986,0.874600710012485
Malignant,YJU2,0.511980173488919,0.445533697123587
Malignant,NDUFB5,2.55551734413201,2.48907114156851
Malignant,H2BC5,0.904219574415483,0.837799873567605
Malignant,ADCK5,0.298698887913597,0.232536040165695
Malignant,BUB1,0.248661361064153,0.182796887854184
Malignant,GPR89B,0.310034582378842,0.244175551006094
Malignant,TRIM13,0.879283675928972,0.813463977672585
Malignant,AUNIP,0.106479145767958,0.0407779893255494
Malignant,BLOC1S5,0.343936018058691,0.278238011238543
Malignant,SCO1,0.676683944162138,0.611036977111007
Malignant,CAMK2G,0.784342571871838,0.718712289158606
Malignant,FOXK1,0.707785810220835,0.642222115805204
Malignant,SPIN2B,0.328886818720084,0.263430328438596
Malignant,POLR3B,0.18900907843581,0.123571274358095
Malignant,CKAP2L,0.193814626302082,0.128408623344353
Malignant,UTP25,0.396642805257229,0.331364507992724
Malignant,RNF121,0.581524201183511,0.516272899241758
Malignant,TBL2,0.677566405928853,0.612349885100103
Malignant,PEDS1,0.734952072121204,0.669767053916655
Malignant,ZBTB44,1.01983735016435,0.954745507760281
Malignant,UBXN2A,0.76597407163312,0.70092448484771
Malignant,TJAP1,0.411626707869391,0.346602156453888
Malignant,CEP290,0.743950000473453,0.679038736601927
Malignant,ZNF148,1.25534917263411,1.19045531580677
Malignant,BCDIN3D,0.308219019223478,0.243332922250421
Malignant,ATPSCKMT,0.313694701675743,0.248811558297686
Malignant,DGCR8,0.385717693330064,0.320960342946086
Malignant,FANCF,0.422344768561405,0.357592743925596
Malignant,HJURP,0.200039432472654,0.135347678515682
Malignant,ARF5,2.37295016332094,2.30830452021221
Malignant,POMZP3,0.260593635275944,0.196111420906992
Malignant,PARP2,0.492780661652685,0.428316396954993
Malignant,ZNF322,0.561407042754791,0.496978230283822
Malignant,TCEA1,2.60547976798876,2.54107620345515
Malignant,FAM20B,0.484988190401845,0.420659200195638
Malignant,ALG12,0.494322805319443,0.430068748661511
Malignant,UBR7,0.472642124893701,0.408560867677317
Malignant,DNAJC11,0.537421459258742,0.473347159053723
Malignant,EMC3,1.64180035246758,1.5777646703578
Malignant,PAGR1,0.38425647753079,0.320328510352242
Malignant,ATP6V1H,1.25440453276061,1.19061260343435
Malignant,TEX10,0.435296726487586,0.37160269292365
Malignant,TRAPPC13,0.443953161638957,0.380372909795729
Malignant,CABLES2,0.134254264379697,0.0706796747978656
Malignant,CCZ1,1.04635118630914,0.982826085793974
Malignant,PRUNE1,0.333957325761819,0.270542172059308
Malignant,CHMP1A,1.11117620157392,1.04779204957138
Malignant,MEN1,0.341071008937233,0.277735090586458
Malignant,BUB1B,0.187228020676761,0.12400280004678
Malignant,UBE2M,0.957826617389339,0.894713324006845
Malignant,ADAL,0.363378342017859,0.300352948511471
Malignant,GID8,1.41644253246197,1.35343754600083
Malignant,ZNF446,0.278664863198714,0.215820892632022
Malignant,SNX13,0.675304593102649,0.612559378920267
Malignant,RSAD1,0.487060138232594,0.424398820042001
Malignant,RPP21,0.703347504801898,0.640716043885271
Malignant,SETD6,0.342705496752732,0.280192098071694
Malignant,GTPBP4,1.13131195055543,1.06896490789955
Malignant,COMMD2,1.19635050388293,1.13403433221355
Malignant,BMP7,0.299473719863277,0.237161401878898
Malignant,ATRN,0.502116969179431,0.439830345863737
Malignant,CHCHD4,0.456791406405156,0.394519045809507
Malignant,FAHD2B,0.359176401256712,0.296913761518482
Malignant,SPIN4,0.210196304113651,0.148022985632341
Malignant,DNAL4,0.624707685396376,0.56263298964308
Malignant,ALG10B,0.205927709498732,0.143870164001347
Malignant,ATP23,0.300768923138002,0.238741110958719
Malignant,ARV1,0.838269417996601,0.77630858364181
Malignant,POC5,0.289435210810731,0.227550539488038
Malignant,SMAD5,1.1275883023279,1.06572794517277
Malignant,WDSUB1,0.392990499947056,0.331237578096858
Malignant,TAMM41,0.327451216437496,0.265729011425373
Malignant,UBE3B,0.531644276300577,0.470260098915611
Malignant,HAGH,1.41622059730526,1.35491230377633
Malignant,USP30,0.236695259949062,0.175390408929828
Malignant,UBQLN4,0.44538929978567,0.384113043493396
Malignant,DOLPP1,0.312950197409869,0.251681648926515
Malignant,CELSR3,0.0914107045915563,0.0301775226032838
Malignant,MPPE1,0.79524201232248,0.734032643206159
Malignant,SETD4,0.459444348572946,0.398316857811582
Malignant,OTUD6B,0.409749361703697,0.348664303832108
Malignant,TMED7,1.33954266385912,1.27853543691247
Malignant,RPRD1B,0.642659544611347,0.581750899445277
Malignant,POLR3G,0.14312564156939,0.0822206705016279
Malignant,SKA3,0.208060831745301,0.147243276226643
Malignant,SGF29,0.496836733002878,0.436113296907844
Malignant,PIP4K2C,0.500547717791714,0.439827464057228
Malignant,WDR76,0.368904577727219,0.308224743563256
Malignant,MYCBP,0.72400932860485,0.663331512548227
Malignant,ZNF138,0.3643329069915,0.303656280301295
Malignant,RABEPK,0.644860408162532,0.584268635028135
Malignant,RSBN1L,1.48317381038229,1.42262423439986
Malignant,ZNF789,0.258361881911507,0.197819108517523
Malignant,ALKBH1,0.232735141248655,0.172241438943084
Malignant,THEM6,0.650799511129383,0.590313173823124
Malignant,ILVBL,1.04280560624131,0.982360692920257
Malignant,HIBCH,1.21181892054122,1.15142312463445
Malignant,RRS1,0.563658344746986,0.50327533679285
Malignant,ZNF584,0.248454989532574,0.188195747835255
Malignant,SYBU,0.468055648232184,0.40783183359152
Malignant,PIGW,0.253785000316166,0.193675239559765
Malignant,DNAAF2,0.630681364203056,0.570597096683974
Malignant,CDC25C,0.114223433174387,0.0542708931938427
Malignant,ANKRD54,0.579385996807798,0.519490031496126
Malignant,RNF26,0.533465822499038,0.473578141342136
Malignant,RTN4R,0.128910191292863,0.0690509093272235
Malignant,ZFYVE27,0.488847819377841,0.429014135647091
Malignant,FAM220A,0.276025891174248,0.216366550433702
Malignant,MAP3K7,0.715417366876511,0.655822691539123
Malignant,PRMT7,0.497853799537675,0.438279379927103
Malignant,LSS,0.39948369468475,0.339973691815674
Malignant,KHDC1,0.165349819600499,0.105877870214448
Malignant,CHAMP1,0.416567225559159,0.357178983454308
Malignant,URB2,0.204234593430813,0.144868647114724
Malignant,SLC7A6OS,0.473099624943699,0.413737008522004
Malignant,PIGN,0.392751407079902,0.333435042507971
Malignant,MSANTD4,0.285796636929982,0.226563336162414
Malignant,LIPT1,0.261010767694335,0.201798682138963
Malignant,CDK5RAP3,1.61785138041609,1.55868961007794
Malignant,PLK4,0.160475731195135,0.101411622749402
Malignant,ASB8,0.776638249344233,0.717580576062678
Malignant,PAXIP1,0.291338889128637,0.232292263738489
Malignant,TMEM168,0.501581047772608,0.442642276998054
Malignant,NAA25,0.794280319408458,0.735351267227223
Malignant,PPP1R11,1.46552502246333,1.40668587160976
Malignant,AMMECR1,0.369219604668833,0.310464571796799
Malignant,TMCC1,0.599348052414011,0.54064465310433
Malignant,TRPC4AP,0.899962816706903,0.841295603999687
Malignant,DNAAF5,0.408742441820188,0.350231606495387
Malignant,HILPDA,0.903538628066765,0.845062034622482
Malignant,AMN1,0.371840792165403,0.313417675556919
Malignant,STEEP1,0.434636666490453,0.376221904088711
Malignant,ZHX1,0.819907038487878,0.761513090573791
Malignant,TRIM52,0.444152411868736,0.385769483481377
Malignant,ARMC7,0.315154546785876,0.256808468912689
Malignant,SP3,0.978499895109598,0.92016903956212
Malignant,TMEM186,0.440252649504418,0.381933205827574
Malignant,E2F6,0.471883538793882,0.413660433345599
Malignant,METTL16,0.540916930669071,0.482701664181995
Malignant,FBXO46,0.239451867122401,0.181272011199905
Malignant,NOL8,0.763988435469151,0.70580943922962
Malignant,KICS2,0.209388622691828,0.151211903828761
Malignant,PAIP1,1.68337801127941,1.62520550658286
Malignant,EME1,0.0941975001162516,0.0360293482592862
Malignant,ZFP62,0.407650895004845,0.34949685558792
Malignant,ZNF337,0.284608930282565,0.226521677860863
Malignant,AP1AR,0.473213264922008,0.415145385045598
Malignant,PALB2,0.234449457759754,0.176386884152474
Malignant,SMYD5,0.252702358166769,0.194854636573456
Malignant,TMEM234,0.431132119007639,0.373329722369583
Malignant,CCNE2,0.227170486213359,0.169390734585029
Malignant,GPAT4,0.752424283998322,0.694660032711727
Malignant,MFN1,0.668614122377965,0.610850068736286
Malignant,LYRM7,0.6383289151314,0.580738160133442
Malignant,KDM5C,0.634625016917519,0.577243156507563
Malignant,MED15,0.917280573118171,0.85993693639103
Malignant,EIF2AK2,1.42576220574412,1.36852145954028
Malignant,RCCD1,0.35541633779953,0.298207339416814
Malignant,HIF1AN,0.466330561908399,0.409159783136624
Malignant,NUDT9,0.854079710660449,0.796940783577616
Malignant,ZNF429,0.377760784388452,0.320677789953597
Malignant,PHOSPHO2,0.333525706406667,0.276518206623367
Malignant,KRIT1,0.889712526809778,0.832710854343334
Malignant,ADCK2,0.461274078767221,0.404274897607145
Malignant,CAMTA1,2.57392508336806,2.51706917224862
Malignant,MEMO1,0.481959618264531,0.425201451387505
Malignant,E2F7,0.11430464778226,0.0575922804275632
Malignant,EMC9,0.633641781270967,0.576935271988011
Malignant,COG4,0.665706419308378,0.609017496075011
Malignant,PRR3,0.326640674076518,0.270085114729147
Malignant,GATB,0.33736398017858,0.280826796086071
Malignant,EPS15L1,0.547457069148201,0.490942756576886
Malignant,ZFPL1,0.868028977534546,0.811522220331069
Malignant,CINP,0.87976405806326,0.823311439547952
Malignant,BFAR,1.11201293824783,1.05573375153525
Malignant,HELLS,0.456221050603315,0.399962607887369
Malignant,CDK2,0.466476697756009,0.41028154702805
Malignant,ATP6V1D,1.61219241939254,1.55600593889028
Malignant,ALDH5A1,0.353816824170477,0.297652764673372
Malignant,TRMT13,0.473740309824991,0.417693320103016
Malignant,VIRMA,0.665288775366688,0.60928051876869
Malignant,SH3BP5L,0.26627108250231,0.210279948634963
Malignant,CEP85,0.213282022184013,0.157582261933149
Malignant,PIGM,0.505339669891564,0.449785748229493
Malignant,DNA2,0.124710295052632,0.0691752323502366
Malignant,RCC2,1.07869408393186,1.02319586689737
Malignant,NDUFAF7,0.436339427043773,0.380876064147556
Malignant,C1orf159,0.244257491546086,0.188873255435842
Malignant,NUP188,0.410207125342162,0.354836868211088
Malignant,ZNRF3,0.328413079297837,0.273056060972641
Malignant,TFAP4,0.292066949803583,0.23677009883081
Malignant,CENPE,0.296583665910043,0.241328474801047
Malignant,C12orf76,0.601269422361645,0.546055089711679
Malignant,FBXO21,1.16747536041858,1.11227261707725
Malignant,PSMG4,1.05327961521024,0.998087133554389
Malignant,PTAR1,0.671784336942583,0.616626706283085
Malignant,INTS8,0.508234185354322,0.453152486178123
Malignant,RRP9,0.516719652328571,0.461778642886552
Malignant,GMFB,0.971571213481182,0.916742666621812
Malignant,AKAP8L,0.863000833281896,0.808185280353259
Malignant,FBXW2,0.82873113097636,0.773916376995993
Malignant,BRF2,0.353086906193185,0.298336936354826
Malignant,FAM32A,1.65737066423864,1.60262263106168
Malignant,DDIAS,0.125133030998912,0.0704000363027073
Malignant,WASHC1,0.848691702419682,0.79410361327014
Malignant,WDR5B,0.236736759661527,0.182151449983759
Malignant,ZNF205,0.370821004847682,0.31634756658916
Malignant,C6orf47,0.540774730491693,0.486340742009034
Malignant,FAM219B,0.582954647171403,0.528549803402342
Malignant,ANKMY2,0.407331889801636,0.352937184053881
Malignant,AHSA1,1.67932431238436,1.6250184057426
Malignant,ELP6,0.740525065225994,0.686226981229239
Malignant,GGCX,0.801480836254217,0.747184202031589
Malignant,POLRMT,0.424296282087173,0.370020773074292
Malignant,SIRT3,0.394327884822891,0.340283318257031
Malignant,COX15,0.498933312470235,0.445053102008828
Malignant,RSPRY1,0.847531869043858,0.793730677645983
Malignant,MTA1,0.814825722361434,0.761026892563084
Malignant,TRIM16L,0.277637866491696,0.223872622702961
Malignant,JRK,0.260332390670553,0.206610890653019
Malignant,NIF3L1,0.469458273916928,0.415750191199921
Malignant,FAM83D,0.204699905519378,0.151028279638335
Malignant,RRN3,0.61309250689966,0.559495532489041
Malignant,ZNF639,0.530287709798374,0.47670832684163
Malignant,METAP2,2.35260945954387,2.29904324715894
Malignant,C1D,1.52116673945644,1.46761491766372
Malignant,STK25,1.21597700616685,1.16259131618408
Malignant,TXNL4B,0.344220055889404,0.290869014004841
Malignant,MARS2,0.1464131732213,0.0931946076820217
Malignant,CFAP20DC,0.133104977348745,0.0799011990915437
Malignant,U2AF2,0.949710967516347,0.896570901579065
Malignant,ZSCAN16,0.223750895352983,0.170610835248135
Malignant,RANGRF,0.81559104230324,0.762519569739021
Malignant,SASS6,0.250216854941413,0.197148134064478
Malignant,PRKAB1,0.610758115085444,0.557813876664915
Malignant,FBXL6,0.269484659043111,0.216596427124213
Malignant,ZNF180,0.175471235303994,0.122665503100784
Malignant,PPP6C,1.20375143301527,1.15105908370722
Malignant,CENPO,0.159462579743525,0.106941569482862
Malignant,PTCD2,0.209150116720074,0.15665926984283
Malignant,THAP6,0.430982454464902,0.378501544022414
Malignant,PAM16,0.243372250017615,0.190939203038701
Malignant,DLGAP5,0.21545278642576,0.163063706793819
Malignant,CTU1,0.266164167971473,0.213791825589612
Malignant,IFRD2,1.07210334747627,1.01973723452844
Malignant,SLC44A5,0.131128007585035,0.0787911338787049
Malignant,MRM1,0.15190151213243,0.099624265078674
Malignant,SLC35B4,0.433725615745186,0.381639350853876
Malignant,ANKZF1,0.680889469612667,0.628810422778611
Malignant,TSC2,0.725998419298947,0.67392605499054
Malignant,ZBTB5,0.229073840167444,0.177097242920286
Malignant,TMPO,1.25156543025509,1.1996905298851
Malignant,ALYREF,0.567761745860776,0.51591882927537
Malignant,QTRT2,0.498528844715344,0.446699240528997
Malignant,SPOUT1,0.498581041684414,0.446782231332453
Malignant,KIAA1586,0.38248534945467,0.330760620161018
Malignant,NOM1,0.528801950088172,0.477111675817494
Malignant,GEMIN8,0.519429302935922,0.467774601962778
Malignant,AKT2,0.840253862729905,0.788611787052575
Malignant,NANP,0.188078515774249,0.136440182069902
Malignant,ZNF26,0.342560146807305,0.290979422872973
Malignant,BAP1,0.51628564446763,0.464895216382161
Malignant,ZNF530,0.112368236190921,0.0611771239953745
Malignant,TRIQK,0.665670741351294,0.614512157383351
Malignant,MTBP,0.173019480632373,0.121879185983214
Malignant,DIAPH3,0.211843013407654,0.160751463728618
Malignant,KIF18A,0.173524994668186,0.122545621581565
Malignant,ZNF551,0.187923983655574,0.136969151368143
Malignant,ACP6,0.405939979035046,0.354995165209667
Malignant,MTFR1,0.512898113631896,0.46196833742863
Malignant,ORC1,0.125330571553008,0.0744402033436176
Malignant,ZNF595,0.298143681312824,0.247310288383238
Malignant,ZNF558,0.194013249322554,0.143205800668417
Malignant,ZSCAN31,0.228879219265452,0.178189780829541
Malignant,FAHD2A,0.585465382925423,0.534817840659041
Malignant,HYLS1,0.217245170906391,0.166603840263421
Malignant,LDAH,0.287001702184571,0.236477334713046
Malignant,TMEM128,0.843928409386516,0.793443048472097
Malignant,ATAT1,0.39572701379349,0.345266875333169
Malignant,SRFBP1,0.722836944497153,0.672482771398751
Malignant,NAA35,0.628277990951712,0.577926430320008
Malignant,PPP2R2C,0.0856861470259056,0.0354172455308947
Malignant,TM2D1,1.60831337392864,1.55817327761933
Malignant,KPTN,0.249316050921229,0.199247518389544
Malignant,SUGT1,1.52762467594621,1.47755908572359
Malignant,ZNF414,0.395085499467859,0.345063128142148
Malignant,GLI4,0.368872524521445,0.318851725956784
Malignant,INO80E,0.851843971313135,0.801906524782418
Malignant,AHCY,1.69588917639496,1.64596061064784
Malignant,PEX3,0.451980546911555,0.402121643518781
Malignant,UQCRFS1,2.80654477814649,2.75671458865295
Malignant,KATNB1,0.350199490416819,0.300426844358158
Malignant,C6orf89,1.06336649499288,1.01363772109252
Malignant,MRPL38,0.319555446988722,0.26984618325069
Malignant,GYS1,0.34482509888834,0.295119353451886
Malignant,MMADHC,2.20480971793454,2.15511282117884
Malignant,GAR1,0.902222648337164,0.852575773509484
Malignant,CCP110,0.528087359112874,0.478486367172473
Malignant,AJUBA,0.356592593006317,0.30700844324906
Malignant,RAD52,0.181511996835292,0.131941477375825
Malignant,FAM120AOS,0.965182909929719,0.915664052029794
Malignant,ZNF346,0.277194110749277,0.22771303225199
Malignant,ERCC6L,0.0719176858971705,0.0224782748970933
Malignant,FBXO41,0.167328628238223,0.117905570250023
Malignant,CMC4,0.189924719990792,0.140503282012457
Malignant,CENATAC,0.468450755006636,0.419034668897442
Malignant,LYPLA2,1.24435709009103,1.195025793187
Malignant,MRPL28,1.65166562022967,1.60253272496597
Malignant,GPANK1,0.771977321708718,0.722888264346553
Malignant,XRCC3,0.152596136886647,0.103516249755639
Malignant,ZNF771,0.396373067568468,0.347315206306513
Malignant,ZNF268,0.364694046888471,0.315691975765096
Malignant,TMEM259,1.28752591855116,1.23854671015206
Malignant,TCTN1,0.845568698752335,0.796601158971781
Malignant,ZNF226,0.580260359433359,0.531333646465286
Malignant,ZNF561,0.397405885324106,0.348489746648525
Malignant,C19orf47,0.169251019829354,0.12039669802633
Malignant,THOC3,0.894991817830639,0.846154067371834
Malignant,MEPCE,0.554315877072564,0.505516892671347
Malignant,JMJD8,0.785162885479155,0.736416125463761
Malignant,ZBTB6,0.181141387704473,0.132398553522198
Malignant,PCYOX1,1.13423282480147,1.08554107454414
Malignant,ZBED4,0.281086679576906,0.232417102823853
Malignant,KIF15,0.148169227913897,0.0994998044593599
Malignant,TASP1,0.461661604889656,0.413018422540657
Malignant,ASNSD1,0.967279106664934,0.918742500614708
Malignant,PJA2,1.48280730669886,1.43427912245667
Malignant,ACTR3B,0.227357347997584,0.178835220882614
Malignant,PINX1,0.313736712286462,0.265298225735482
Malignant,METTL1,0.439577153396989,0.39114009655551
Malignant,PAN2,0.323509751449008,0.275162000402157
Malignant,FBXW8,0.224413884491107,0.176124670166943
Malignant,CDK10,0.891218257943607,0.842986448593795
Malignant,PEX5,0.339576888186067,0.291345230461079
Malignant,TRMT11,0.548256876163067,0.500056486033783
Malignant,TRRAP,0.461873078773296,0.41375163475127
Malignant,GMEB2,0.232246253396027,0.18414376741531
Malignant,IGF2BP1,0.0885144596297907,0.0404256841440515
Malignant,TMEM182,0.119903258028824,0.071821171778503
Malignant,DNAJC30,0.680692183669607,0.632621988322445
Malignant,MPV17L,0.300862919907111,0.252823864239238
Malignant,LRRC45,0.347143883507746,0.29913771415942
Malignant,SNRNP25,1.21984506111543,1.1718602400657
Malignant,SMAD2,1.20860850042654,1.16068372587285
Malignant,KPNA1,0.810129364113839,0.762264262419122
Malignant,EEFSEC,0.555099028644365,0.507287897769504
Malignant,ALG6,0.404598319535588,0.356798457442292
Malignant,GTF2H1,0.747761880750739,0.699991866661303
Malignant,IRF2BP1,0.301773764666102,0.254042268678201
Malignant,SMN1,0.278620979848832,0.230932760065867
Malignant,NECAP1,0.664310193059096,0.61668776004225
Malignant,MEAK7,0.363004937531849,0.315450114329515
Malignant,STK35,0.355557049885651,0.308003448210115
Malignant,ZNF717,0.25039742215485,0.202866977492212
Malignant,RBM48,0.475654109066253,0.428185275469614
Malignant,VPS37A,0.805721585123276,0.758264108109231
Malignant,OCRL,0.309337054206706,0.261984497195793
Malignant,FAM120C,0.247045328602291,0.199772309837648
Malignant,ZNF761,0.28887860631064,0.241630320280998
Malignant,ERLIN1,0.516701273353144,0.469484542046566
Malignant,NOL6,0.282491205186658,0.235304147838207
Malignant,PFKP,1.22645875749869,1.17927863304626
Malignant,MED20,0.288512812249549,0.241365775784564
Malignant,GAPVD1,0.825770430723281,0.778658778944329
Malignant,MAPK8IP2,0.0943013236931554,0.0472580485590083
Malignant,ZMYM1,0.246651886678722,0.19963956170244
Malignant,DHDDS,0.488438607206161,0.441503867916584
Malignant,TLCD1,0.377269364666013,0.330351418153789
Malignant,RBMX2,0.829280838222483,0.782381118013993
Malignant,SUDS3,1.31135175285276,1.264458101627
Malignant,TSNARE1,0.130814477195425,0.0839895464773594
Malignant,ZNF747,0.277561251183036,0.23078405973359
Malignant,ZNF678,0.215213024462991,0.168442154065786
Malignant,CHRNA5,0.175668238373565,0.128900585423913
Malignant,DHTKD1,0.627493480893004,0.580801881098742
Malignant,SNAPC3,0.653450360384715,0.606767278453571
Malignant,ZNF74,0.17663341575732,0.129958990685588
Malignant,MIS12,0.472215165607638,0.425575407655
Malignant,SLC25A1,1.12835146837422,1.08172551099891
Malignant,NUP133,0.43726918718271,0.390792110950521
Malignant,PPP2R3B,0.21043986901639,0.164002113039861
Malignant,ST7L,0.420148613871081,0.373717473987272
Malignant,DHRS13,0.347090457078658,0.300663531360958
Malignant,MIER3,0.294208335206505,0.247899971220792
Malignant,CASP6,0.690774096158851,0.644519803222828
Malignant,HUS1,0.599104688853812,0.552930192163764
Malignant,CLPX,0.702059865750913,0.655911585133134
Malignant,TMEM68,0.666930339501898,0.620819636446115
Malignant,PSTK,0.206082598450874,0.160035839654172
Malignant,PDK2,0.658642809012693,0.612598542684985
Malignant,ISY1,0.790853313859062,0.744842073189918
Malignant,FAM185A,0.238632747883989,0.19264943612623
Malignant,KIFC1,0.221231301768553,0.175258416589162
Malignant,PEX11B,0.641476301440392,0.595503805996663
Malignant,FEM1B,0.657330145132432,0.611551774694449
Malignant,CRYZL1,0.839388584308314,0.793636082232452
Malignant,SCRN3,0.374136612873495,0.328389530411656
Malignant,AEN,0.435407855422878,0.389825981223902
Malignant,ZNF263,0.441151826774489,0.395613774340055
Malignant,PRMT6,0.311597969761635,0.26607080479339
Malignant,MORN2,1.1664418928661,1.12092254583941
Malignant,HLCS,0.333123725074442,0.287610924438844
Malignant,SPIRE2,0.276885407783693,0.231420122249171
Malignant,ZNF783,0.235435962508131,0.190068317977161
Malignant,BORA,0.182584075148812,0.137376982928386
Malignant,SAMD10,0.174123454967251,0.128968455326879
Malignant,FKBPL,0.246909322948894,0.201805039288626
Malignant,TM2D3,1.32488427940484,1.27979279073712
Malignant,ZNF248,0.307148155351068,0.262167388386794
Malignant,USP49,0.206173806971091,0.161218701267468
Malignant,RIOK2,0.560169007948566,0.515265777849375
Malignant,TIMM8B,2.428922151797,2.38403639681451
Malignant,NFXL1,0.40503489090504,0.360171265271426
Malignant,ZNF695,0.0776144369901489,0.0327513677873943
Malignant,FAAP24,0.185676752948349,0.14083015509955
Malignant,RNMT,1.37874620534471,1.33396126732055
Malignant,YWHAG,1.80288014933651,1.75814107800394
Malignant,GTF3C6,2.2156536987251,2.17091998628227
Malignant,CCDC77,0.22560317016317,0.180870972747177
Malignant,UCN,0.0824858866560264,0.0378449603070531
Malignant,NOMO1,0.464327739773297,0.419816559291949
Malignant,ZC3H4,0.50063271042466,0.456125930066346
Malignant,MBOAT2,0.888581614489408,0.844136439449258
Malignant,PEX26,0.522286467413483,0.47786812217477
Malignant,GTF2H2C,0.312393603804652,0.267976353495638
Malignant,C5orf34,0.112473648438666,0.0683042405628412
Malignant,SDHAF4,0.322398747837051,0.27823065762701
Malignant,DGCR2,0.74982613856194,0.70566479614648
Malignant,TMEM17,0.191682174066669,0.14752166531836
Malignant,TMEM185B,0.357840985816152,0.313697218572158
Malignant,CPOX,0.270648957328783,0.22659236431615
Malignant,ZNF496,0.30782576075542,0.263775289534046
Malignant,USP9X,1.15062201740636,1.1065929651352
Malignant,BPHL,0.758913351246142,0.714902862273552
Malignant,SKA2,1.07861626512108,1.03461345529282
Malignant,DDX28,0.262476892215889,0.218513524863403
Malignant,PRKCZ,0.490911304577484,0.44696580691087
Malignant,DSN1,0.47451973195622,0.43058558728142
Malignant,TRIM11,0.539855205719674,0.49595842062236
Malignant,PDS5A,1.10531361061927,1.06143803427656
Malignant,SS18L1,0.337337337452734,0.293764272117239
Malignant,POLD3,0.466466833216448,0.423089733096174
Malignant,PPP1R3E,0.326326528964635,0.283015938180137
Malignant,CAMSAP1,0.417205697270982,0.373915437273906
Malignant,FBXO4,0.448758014450038,0.405527581554998
Malignant,FANCD2,0.298828117631618,0.255673840073022
Malignant,POMT2,0.197408447447455,0.154292283094134
Malignant,PPAN,0.488551777324251,0.445531615576506
Malignant,LRWD1,0.417049176305097,0.374056170153694
Malignant,ZMAT5,0.726658694926927,0.683667851267061
Malignant,ZNF574,0.340619794124366,0.297643081310056
Malignant,COQ6,0.431628693486834,0.388657399159066
Malignant,MICAL3,0.547556357084277,0.504624439727309
Malignant,POMT1,0.346217682375476,0.303406625216982
Malignant,PIMREG,0.106451727410085,0.0638654256592365
Malignant,AP5S1,0.329411268529411,0.286928990025483
Malignant,RPUSD2,0.276273837657403,0.234034831801221
Malignant,ICA1L,0.311632534317782,0.269405605550683
Malignant,ZNF765,0.229088205441606,0.186906639954386
Malignant,AP3S2,0.31783628578149,0.275705284834667
Malignant,RNF187,1.55848208631281,1.51637581869815
Malignant,ZSCAN29,0.26819285369333,0.226088250276024
Malignant,PARP6,0.428153210928588,0.38612416209619
Malignant,GINS3,0.167810872298378,0.125835238887127
Malignant,DTD2,0.278946008161289,0.237063046232909
Malignant,LRFN4,0.244534822968538,0.202699210806263
Malignant,RPAP1,0.233650551164751,0.191827456083393
Malignant,MRPL16,1.14577608941838,1.10399862067539
Malignant,AAR2,0.514878326025365,0.473238956920886
Malignant,DNAJC22,0.381935736777064,0.340297202556503
Malignant,ZNF17,0.132420064176797,0.0908193203672599
Malignant,GOLM2,1.49642443666765,1.45482570374015
Malignant,ZBTB26,0.142139418485788,0.10056106301162
Malignant,MED16,0.709233784247298,0.66768692595874
Malignant,KIF14,0.161662586627157,0.120190110505287
Malignant,CNOT1,1.13253281683531,1.09106268102794
Malignant,PPA2,1.68868244832865,1.64727793550167
Malignant,SLC5A6,0.428685291100435,0.387422034871432
Malignant,CRIPT,1.38026448881748,1.33900638431662
Malignant,ENOX2,0.34965711594685,0.308445337301382
Malignant,ERCC4,0.423518811494538,0.382336779598772
Malignant,TBC1D16,0.528196010957169,0.487020113547496
Malignant,LMBRD2,0.342024430340845,0.300886593422297
Malignant,PUS1,0.375985648165451,0.334888563614459
Malignant,FAM204A,1.46573570209089,1.42487870244429
Malignant,TCHP,0.441319362753935,0.400524093969872
Malignant,TOPBP1,0.516705565228526,0.475923033744307
Malignant,MTRF1,0.228345798262242,0.187620168160325
Malignant,NUDT15,0.645818842741866,0.605171274488385
Malignant,ZNF432,0.213029036869378,0.172464117810444
Malignant,SMG5,0.60228674460713,0.56173093283782
Malignant,ZXDC,0.320466371084194,0.279922081936101
Malignant,MTFMT,0.461299651208224,0.420771441806266
Malignant,GEMIN4,0.214460589746692,0.173982052772739
Malignant,FKBP4,1.81523522716699,1.77480445693898
Malignant,PABPC1L,0.2851169695318,0.24471378337758
Malignant,HSD11B1L,0.385067007434129,0.344677900333104
Malignant,HAUS7,0.316399521223698,0.276041277888987
Malignant,CCNQ,0.584408498583463,0.544136200885431
Malignant,GNG4,0.218475587700987,0.178308239529153
Malignant,RPS6KC1,0.391256816026351,0.351186606571578
Malignant,NCOA6,0.489082593535736,0.449084832814206
Malignant,C14orf93,0.187228276143898,0.147297967641675
Malignant,TYSND1,0.467721818639234,0.427828039905312
Malignant,MAPK9,0.42471046632205,0.384836912317579
Malignant,H4C11,0.196044380988636,0.156235709883188
Malignant,NFYB,0.83145153284906,0.791679868816033
Malignant,NIPA1,0.304251665516145,0.264536939095213
Malignant,PAXBP1,0.574991659192194,0.535384989583546
Malignant,TTK,0.157872974191921,0.118372714754678
Malignant,DGCR6,0.333199504529409,0.293717427872406
Malignant,SARM1,0.194760534690819,0.155516695742756
Malignant,DMAC2L,0.732831940316309,0.693605158430409
Malignant,ZNF354A,0.324517090441744,0.285307342528206
Malignant,CREB3,1.20058574520841,1.16149062996866
Malignant,GPATCH1,0.307326528800601,0.268232650730497
Malignant,BTBD10,0.687877600841353,0.648861568598932
Malignant,NXT2,0.39777882627976,0.358787038209241
Malignant,CDC5L,1.21527144483191,1.176280007601
Malignant,SAP130,0.26726536586396,0.22833587964309
Malignant,CDC34,0.579340918053066,0.54042902163567
Malignant,SMIM13,0.356020951778294,0.317122850217216
Malignant,ZNF830,0.719416985896574,0.680535137691628
Malignant,PPP1R9A,0.691646736403256,0.652846251122407
Malignant,SLF2,0.614590675216179,0.575845720885896
Malignant,ZSCAN32,0.16707892912189,0.128352058480147
Malignant,PARG,0.327977375426964,0.289341682886554
Malignant,PLAA,0.516545627206092,0.478103311673512
Malignant,DDA1,1.10805381766823,1.06969331480342
Malignant,CD2BP2,1.31786046713757,1.27957985167427
Malignant,TBC1D10B,0.418744962963129,0.380498179567503
Malignant,FBXO5,0.272880182109645,0.234719229728104
Malignant,YTHDF3,0.964111903934036,0.926074056814203
Malignant,RAB33B,0.362272440910309,0.324234668580269
Malignant,DHX35,0.203763094293453,0.165759818931142
Malignant,NOB1,1.05392263562342,1.01597199419441
Malignant,ZNF419,0.18803989402911,0.150095217528119
Malignant,ZNF485,0.0910225471851144,0.0531219201760273
Malignant,ALG10,0.11686798866967,0.0790998544928444
Malignant,ASH1L,1.71173187375697,1.67397083430206
Malignant,FKTN,0.246107153575069,0.20837961142801
Malignant,TRIM33,0.933526099552024,0.895799466379162
Malignant,PRIM1,0.356586947553428,0.318907975178454
Malignant,ASCC2,0.895477277735185,0.85796428188929
Malignant,CCDC138,0.244812791662967,0.207336017886741
Malignant,DIS3,0.780636661256606,0.74318027610447
Malignant,ZNF324,0.271087792405151,0.233672110413361
Malignant,NUP62CL,0.137383525529399,0.0999969646203463
Malignant,ZNF317,0.344378278424367,0.307025512653563
Malignant,PPIP5K2,0.813625724976507,0.776329740431035
Malignant,PODXL2,0.442059029300796,0.404769620478079
Malignant,RNF216,0.828185249907276,0.790928268101827
Malignant,THOC5,0.463982848086106,0.426869185277078
Malignant,TCF19,0.261827274978099,0.224749353128187
Malignant,RNF6,0.62953055758807,0.592504796710599
Malignant,ZCCHC4,0.200358142325988,0.163439747096869
Malignant,ZFP41,0.107064030005221,0.0701491735530178
Malignant,DDX19B,0.658983736997313,0.622202601221769
Malignant,MROH1,0.500078502619039,0.463373667714689
Malignant,TAF8,0.565911599694318,0.529236130734091
Malignant,ZNF529,0.310878349981958,0.274233092296225
Malignant,E2F8,0.0837439136815429,0.047115745053981
Malignant,KEAP1,0.880548650744203,0.843963598937514
Malignant,ESPL1,0.0871009108571803,0.0505704131291655
Malignant,ZNF202,0.150632781301622,0.114129449515228
Malignant,ZKSCAN5,0.207586575984468,0.171104021186479
Malignant,PRPF40B,0.323289672498156,0.286862290736764
Malignant,ATG13,0.639754269351743,0.603353296380865
Malignant,TRAPPC12,0.678742796634587,0.642349863824311
Malignant,FXN,0.548171533169607,0.511779898540516
Malignant,HOXA10,0.383203965737536,0.346829208010161
Malignant,GEMIN5,0.268609651908411,0.232287344117459
Malignant,WRNIP1,0.562857038676658,0.526565881108477
Malignant,C10orf88,0.210113602318282,0.173823842260451
Malignant,WDR13,1.49968086312979,1.46341483168225
Malignant,PTCD1,0.326945340897582,0.290730424912814
Malignant,ZNF567,0.306436408267058,0.27039042277946
Malignant,CRCP,0.710550156202233,0.674534175361007
Malignant,MED22,0.306745231278379,0.270735817798018
Malignant,BEND3,0.0722412554028271,0.0363110241114915
Malignant,CFAP418,0.113401695380624,0.0774757102124113
Malignant,RABL6,0.989206199517464,0.95333040997654
Malignant,ZNF468,0.271010732501883,0.235183425133095
Malignant,TMEM177,0.338154146547709,0.302381291962724
Malignant,ERMARD,0.275382648342888,0.23962391221922
Malignant,TBC1D22B,0.270730444754935,0.234981161831637
Malignant,SYPL1,2.65084838130398,2.61513438340197
Malignant,C19orf25,0.955066504922729,0.919382992503222
Malignant,TICRR,0.0626778313973022,0.0271200598075941
Malignant,NOP2,0.459886651010528,0.424329821291923
Malignant,ASF1B,0.242202737307868,0.206659577874924
Malignant,RINT1,0.39370920907895,0.358195137205521
Malignant,EYA3,0.527751966254142,0.492238133068595
Malignant,TMEM161B,0.378510336461982,0.343000552292622
Malignant,CLSPN,0.360146403699007,0.324649046625422
Malignant,NSF,0.715823111056608,0.680349236131622
Malignant,TTLL1,0.218818247465388,0.183390402146074
Malignant,PMPCB,1.45059499796901,1.41521744135134
Malignant,C16orf87,0.63771544826307,0.602339079440895
Malignant,DCAF4,0.218806247251374,0.183430334063907
Malignant,NUDCD1,0.620450569876015,0.585084099352724
Malignant,PHKA2,0.336356005622285,0.301082652131749
Malignant,FASTKD1,0.36263003626368,0.327373540200288
Malignant,POLA1,0.219671513788426,0.184428973151244
Malignant,UBE2Z,1.07896089761413,1.04375200416905
Malignant,DCLRE1A,0.130940471320772,0.0957971127267364
Malignant,ALG1,0.496703842191749,0.461685448163551
Malignant,TSPAN17,0.540516768826482,0.505510676344642
Malignant,CEP83,0.397058412714727,0.362170072356971
Malignant,POLI,0.333887560962619,0.29900236685714
Malignant,POLR3A,0.343745816537019,0.308860736649278
Malignant,JPT2,1.12941419832455,1.09462229025683
Malignant,FXR2,0.338466827577627,0.303680692361102
Malignant,GLS2,0.118502605759839,0.0837908888939249
Malignant,ATP5PB,2.95226577401304,2.91758432706929
Malignant,MKNK2,1.31948610168023,1.2848185678186
Malignant,KBTBD6,0.264476465876194,0.229828230217939
Malignant,PSMB2,2.4477646078697,2.41314854603991
Malignant,THTPA,0.394437015652852,0.359923375802764
Malignant,NDUFB9,3.89124317915296,3.85680760724462
Malignant,OGFOD2,0.393566177660764,0.359265404035329
Malignant,ZNF839,0.174719385490852,0.140446050226059
Malignant,LYSMD4,0.158158878703802,0.12390642569163
Malignant,ZNF616,0.138161272720166,0.103999905719426
Malignant,POLG2,0.487744468572417,0.453624495743653
Malignant,TGFBRAP1,0.286775217246286,0.252728530061176
Malignant,EXOC5,0.814050078305453,0.780027898464415
Malignant,PARS2,0.108466701125567,0.0744481973411614
Malignant,TTC9C,0.670748678518972,0.636744648836655
Malignant,NAIF1,0.177703178321257,0.143722394317695
Malignant,ZNF627,0.210432270835561,0.176467731470166
Malignant,KLC2,0.385974468807489,0.352185994808367
Malignant,MECR,0.506441266477236,0.472682125790845
Malignant,CWC22,0.638791772106765,0.605140735035098
Malignant,CNTROB,0.265354998446602,0.231731724110889
Malignant,SEC61A2,0.186050529775285,0.152433472055115
Malignant,ERCC6,0.207931131236903,0.174336183297937
Malignant,HOMEZ,0.333894750997394,0.300312035405649
Malignant,RCL1,0.469214908465326,0.435639372863476
Malignant,MAPKAP1,0.97099584975217,0.937421604019829
Malignant,GPD2,0.587948010950863,0.554391464141801
Malignant,GCC1,0.285797908183158,0.252304635651744
Malignant,ACBD5,0.657615873679042,0.624145600574005
Malignant,RNFT2,0.0947978133047519,0.0613291132037203
Malignant,FBXO38,0.439203684319567,0.405936898912964
Malignant,CCDC34,0.77589849866588,0.742700211161675
Malignant,SLC35C2,1.0375398764773,1.00439683553259
Malignant,ZNF680,0.429306930831329,0.396191115699465
Malignant,SPC24,0.144745204247583,0.111633053777057
Malignant,STK3,0.88793109582598,0.854845207365949
Malignant,DCP1A,0.897986202686203,0.864904821865489
Malignant,WEE1,1.06019326212455,1.02714100053682
Malignant,ZMYND8,1.11899249838908,1.08597879559151
Malignant,PLXNA3,0.416791705846896,0.383830835673493
Malignant,SUV39H1,0.132418339054994,0.0994857391133806
Malignant,ADAT1,0.460656251889695,0.427725503462455
Malignant,TAF4,0.253650442542666,0.220768447439152
Malignant,ZNF140,0.350656763266166,0.317782368061201
Malignant,GPKOW,0.467256280890827,0.434417803567243
Malignant,ACAP3,0.433267997784211,0.400491649799079
Malignant,CDC25B,0.78181417558729,0.749107460169255
Malignant,MITD1,0.941772591615549,0.909069735834817
Malignant,STRADB,0.545834605895184,0.513163382395811
Malignant,RNF169,0.463687502241116,0.43108250286436
Malignant,SIN3A,0.652008113380685,0.619411063813116
Malignant,CEP19,0.24220928007652,0.209631530681729
Malignant,RGP1,0.480367727047246,0.447855248940445
Malignant,PDIK1L,0.268443747357688,0.23598550851474
Malignant,FKRP,0.211371348923793,0.178944304735272
Malignant,KIAA1143,0.945535473144491,0.9132081984361
Malignant,MFHAS1,0.458873977707405,0.426618470782448
Malignant,ANAPC4,0.437550220000717,0.405389830867512
Malignant,COPS4,0.998777656826094,0.966627126181573
Malignant,ANKS3,0.51218180300358,0.48003815758536
Malignant,PTOV1,1.53626469649576,1.50418290488526
Malignant,SIRT5,0.513818249409865,0.481818714948705
Malignant,TRIM24,0.625022930034919,0.593124708574893
Malignant,ZNF273,0.26153472913614,0.229662305834591
Malignant,PLCXD1,0.286959971452458,0.255131718490757
Malignant,ELOA,0.765820967920637,0.734000237627928
Malignant,TRIM23,0.318638458483349,0.286819290833791
Malignant,SMIM8,0.438117138222754,0.406318605802287
Malignant,TMEM184C,0.394890442497938,0.363156935258024
Malignant,SLC29A2,0.194592435510584,0.162913765461914
Malignant,MCCC1,0.666349370332511,0.634671000943824
Malignant,UFSP1,0.0946399524202165,0.0629752468125768
Malignant,HARS1,1.0610820301538,1.02943646260692
Malignant,ATP2C1,1.17591492526938,1.14430305148223
Malignant,DEAF1,0.543881493359248,0.512282819803699
Malignant,SLC26A11,0.349073914713629,0.317500415104507
Malignant,LANCL2,0.308313037932448,0.276752740428993
Malignant,ZNF514,0.328507699812156,0.296949444132898
Malignant,ZNF776,0.242554665411488,0.211049028774818
Malignant,ARMT1,0.668188502801938,0.636692541138926
Malignant,RHOU,0.537528894978844,0.506073125546075
Malignant,FUNDC1,0.840141447361263,0.80877524562709
Malignant,CLDN12,0.708334060254278,0.677124975613864
Malignant,METAP1,0.771783644783245,0.740603230640089
Malignant,WDCP,0.126172820513919,0.0950175334406104
Malignant,WASHC3,1.27853288238988,1.24744293187922
Malignant,RBAK,0.229396954034417,0.198321785064744
Malignant,NAXD,0.529522392637539,0.498489225237682
Malignant,ZNF181,0.245538601344096,0.214519737294607
Malignant,ZNF605,0.349267077345455,0.318271290678196
Malignant,TMSB15B,0.157753972929037,0.126765341030387
Malignant,NR2C1,0.508659018667071,0.477670717045669
Malignant,ZMYND19,0.230720814080183,0.199775356173086
Malignant,MAP2,0.377828934862692,0.34690704519641
Malignant,PROSER3,0.242553301335461,0.211641656527024
Malignant,ZNF614,0.159114101518746,0.128227624816044
Malignant,ZNF689,0.263491810367306,0.23279806534936
Malignant,ANAPC2,0.37174108214607,0.341085095098584
Malignant,ZCCHC3,0.375502238565625,0.344937532673653
Malignant,CENPI,0.0744691779196739,0.0439263512142377
Malignant,MAMDC4,0.145109067522562,0.11458211635795
Malignant,ZNF845,0.11228979760333,0.0818177895661951
Malignant,BUD13,0.297026359649949,0.266582638036106
Malignant,FAM161A,0.330951307058024,0.300605489965086
Malignant,TCTN2,0.27643414017324,0.246090527788731
Malignant,LRIG2,0.254701830029503,0.224381312673069
Malignant,KCTD2,0.269410037343155,0.239135773436462
Malignant,RIC8B,0.403274175475887,0.373096838424544
Malignant,PIK3R2,0.143184008517911,0.113041029946007
Malignant,TAF11,1.12507249818672,1.09510003733027
Malignant,DCUN1D4,0.568836716885116,0.538917969683205
Malignant,PCNX3,0.308087570780264,0.278284394053446
Malignant,GPAM,0.198008161431026,0.168212100133148
Malignant,UTP14C,0.430790817013514,0.401007196581732
Malignant,ZMIZ2,0.620900941131464,0.591118380194569
Malignant,TRMT1L,0.427086763750953,0.397398501422379
Malignant,ARCN1,1.22888312401914,1.19921360843452
Malignant,ACAD9,0.498830602984667,0.469240529788219
Malignant,TBC1D17,0.635831905066143,0.606268757082138
Malignant,ATAD1,0.983001611554754,0.953440937998472
Malignant,HOXC11,0.0523695808799051,0.0228177918686852
Malignant,ORMDL1,1.79789389488079,1.76836133290579
Malignant,SP2,0.344780963472274,0.315399311945367
Malignant,C17orf100,0.122901842960973,0.0935248583456073
Malignant,SFT2D3,0.233523922631582,0.204196788524302
Malignant,PHKA1,0.156339718920046,0.127017576427925
Malignant,UNC45A,0.79169626776966,0.762408330727884
Malignant,FRMD5,0.072469692515033,0.0431897724604303
Malignant,AEBP2,0.718398607244525,0.689165450506535
Malignant,FAM76A,0.486535964782891,0.457355747621663
Malignant,GLRX2,0.752305462465847,0.723339961183693
Malignant,TUBGCP5,0.301581031070067,0.272697464893855
Malignant,HEXIM2,0.272560933739414,0.24371004833201
Malignant,ZNF227,0.265809544191202,0.236972673362529
Malignant,CEP41,0.40429828594533,0.375473647694055
Malignant,SEC24C,0.525158116358949,0.496367558473178
Malignant,ZNF185,0.256632279444732,0.227910399217494
Malignant,WRAP53,0.207312259338169,0.178619598571045
Malignant,ARNT2,0.162650820238154,0.133969420255187
Malignant,ZNF500,0.221056289664339,0.192386575399065
Malignant,STON2,0.378750444756685,0.350197010038378
Malignant,ZSCAN25,0.189530031404542,0.161071189969787
Malignant,ZNF112,0.0777143202939111,0.0493232009251825
Malignant,MFSD5,0.461755619633825,0.433401910476971
Malignant,ZNF280B,0.0982465555771827,0.0700333258607978
Malignant,RGS20,0.0779097579562612,0.049779829257564
Malignant,TAPT1,0.296752318542865,0.268722333570653
Malignant,PACRGL,0.289462883207243,0.261606461710106
Malignant,MED29,1.0580163572209,1.03021479601503
Malignant,SETDB1,0.402671625978716,0.374887439156887
Malignant,ZBTB45,0.222594926367984,0.194917138060407
Malignant,TUBB4A,0.0952092713434959,0.0675609191897574
Malignant,ZNF213,0.162444346432026,0.134899592106209
Malignant,GINS4,0.19587882350544,0.168345807141445
Malignant,BIVM,0.398666530520352,0.371142709550423
Malignant,THNSL1,0.168587047837691,0.14119254709568
Malignant,ZNF133,0.19419331175494,0.166887616655821
Malignant,ZNF566,0.293057176390865,0.265779652802206
Malignant,USP21,0.204787510351731,0.177512499231268
Malignant,PIGL,0.331712240724543,0.30454116061739
Malignant,RNF208,0.181211578465021,0.154051273141759
Malignant,TGDS,0.380515484060089,0.353356943701655
Malignant,CPT2,0.484403060829218,0.457376464724578
Malignant,CABYR,0.101071115217931,0.0740594001721335
Malignant,CDK19,0.491290621125581,0.464327120624457
Malignant,EN2,0.0397376292218908,0.0128259612624974
Malignant,DBR1,0.333932875811058,0.307060904271192
Malignant,TM7SF3,1.19165201112997,1.16484839357012
Malignant,SPSB2,0.353615577387959,0.326822854277623
Malignant,HMMR,0.228204682945749,0.201446560073908
Malignant,CLN3,0.692048653721333,0.665413467763647
Malignant,ZNF473,0.162676237508469,0.136074310405823
Malignant,MTREX,0.866774826370888,0.84024665579315
Malignant,TXLNG,0.600944907271356,0.574464502313876
Malignant,GPRIN1,0.0683328483447375,0.0418583595437591
Malignant,ABCF3,0.516946386318756,0.490540796188513
Malignant,HIRA,0.218104427106454,0.191708154053238
Malignant,OTUB2,0.0693225627224235,0.0429309683177979
Malignant,MRM3,0.380188482702041,0.353882337344117
Malignant,RUSF1,0.594451057200843,0.568187435291074
Malignant,FAM8A1,0.492440771698074,0.466210936512659
Malignant,ATRIP,0.112730026940398,0.086507841108944
Malignant,ECD,0.539243871072238,0.51302766066266
Malignant,BRPF3,0.344320879209406,0.318111549905047
Malignant,UBE3C,0.755247269078553,0.729052031333762
Malignant,TRIM26,0.661183973236561,0.635043353712095
Malignant,WNT3,0.0591611778683455,0.0330320299739275
Malignant,SPATA2,0.269978982884565,0.243860220250542
Malignant,PAX6,0.0630910957707524,0.036998987173191
Malignant,VGF,0.0750673437656676,0.0490768714001448
Malignant,ABCC10,0.2344944518753,0.208554565984936
Malignant,RPP14,0.353464174208396,0.327538728845247
Malignant,ZBTB41,0.395680289158493,0.369769378958721
Malignant,KRI1,0.565653812363116,0.53975483376744
Malignant,ZNF367,0.0951618439738643,0.0692664911484874
Malignant,B4GALNT4,0.103586505766377,0.077712239797399
Malignant,WIPF3,0.173425942987002,0.147556464876332
Malignant,KIZ,0.591173073363324,0.565361040813415
Malignant,ARVCF,0.193167798372378,0.167365928983423
Malignant,TOE1,0.285028631548454,0.259263741188363
Malignant,CAPN7,0.617050474084103,0.591351674529605
Malignant,ZNF37A,0.726029771816632,0.70038930197382
Malignant,HROB,0.0669055930673624,0.0412894565685218
Malignant,PAFAH1B2,1.5759933063462,1.55040624449938
Malignant,ZNF764,0.164361198232742,0.138796076297371
Malignant,ISCA1,1.24584848675915,1.22033009347115
Malignant,GREB1L,0.0565392323820717,0.0310786936122108
Malignant,HGH1,0.224161849251455,0.198741792412032
Malignant,SFR1,0.398163867099654,0.372849271592535
Malignant,UBA6,1.01016914568502,0.984872283810781
Malignant,UIMC1,0.524124230788219,0.498882084758377
Malignant,COQ8B,0.456932174592281,0.431722036308355
Malignant,SPATA2L,0.324213472937855,0.299085081114191
Malignant,SLX4,0.119335972223796,0.0942900525496719
Malignant,LEMD3,0.454571647886904,0.429536093157299
Malignant,NIPA2,1.07628614890761,1.05126369093303
Malignant,DHFR2,0.20247445969616,0.177513096167366
Malignant,ZNF283,0.14027749023333,0.115439025746958
Malignant,TSC1,0.403450389464239,0.378621820860607
Malignant,ADPRHL1,0.121059017258076,0.096267517510261
Malignant,CCNE1,0.138918167622604,0.114134388835988
Malignant,ILRUN,0.655973695881456,0.631238382252306
Malignant,OXSM,0.296462394319755,0.271741146139716
Malignant,UBOX5,0.197466342177898,0.172883361072357
Malignant,CDPF1,0.23844461381983,0.213864052794831
Malignant,RBM45,0.24739123053184,0.2228433797862
Malignant,PYROXD1,0.468214958176445,0.443750733363613
Malignant,TTC21B,0.343823704761385,0.31946370354432
Malignant,USPL1,0.394880116097018,0.370542672607115
Malignant,SPRING1,0.746701540529789,0.722598288382376
Malignant,EMC8,0.846254101460628,0.822159646794053
Malignant,PDE12,0.470829775163671,0.446739066795425
Malignant,MAIP1,0.552986861915132,0.528915587636265
Malignant,PYM1,0.912543389855155,0.888526196558323
Malignant,MTFR2,0.110392728615326,0.0863760797045676
Malignant,TKFC,0.550822974649946,0.526910739332672
Malignant,C1orf226,0.165744237138393,0.141849041467729
Malignant,TACO1,0.602009793015376,0.578144410741712
Malignant,SENP8,0.105135916147514,0.0813233914953304
Malignant,CACTIN,0.171016124200074,0.14720884072807
Malignant,RFT1,0.403544162704296,0.379750564163876
Malignant,ACIN1,1.19719957245287,1.17352676150059
Malignant,RAB26,0.141169686699701,0.117602061365694
Malignant,SLC35F2,0.446179339604049,0.422615580217485
Malignant,ZNF343,0.144758334623224,0.121234141109419
Malignant,ZNF550,0.211449178089562,0.18801175327944
Malignant,LIN52,0.286827793859052,0.263411362593928
Malignant,IDE,0.460213182721791,0.436834300687432
Malignant,WDR90,0.249416707104803,0.226224725443732
Malignant,CAPRIN2,0.295925956581607,0.272774072857085
Malignant,GCLM,0.900333838390008,0.877216389025458
Malignant,KLHL35,0.138692545710267,0.115602844575362
Malignant,RCE1,0.591525777019894,0.568454298923839
Malignant,FSTL4,0.056100991147987,0.0330443110862766
Malignant,ZSCAN9,0.214230879242471,0.191206220722103
Malignant,EPHB3,0.267873756140637,0.244861157941906
Malignant,PDP2,0.204976157347111,0.181986459746281
Malignant,IPO13,0.279965222380024,0.256983437997879
Malignant,CDCA4,0.429884075661507,0.406926344135691
Malignant,SS18,1.01593310942745,0.992978474304927
Malignant,XYLB,0.13473906104828,0.111792072314767
Malignant,ERCC8,0.210267950130677,0.187390285120723
Malignant,DOT1L,0.365251920133456,0.342443401811089
Malignant,MMP24,0.101082587150246,0.078435398096583
Malignant,SLC38A9,0.358276056046185,0.335632711983486
Malignant,C11orf71,0.453060413589365,0.430435522700434
Malignant,KBTBD7,0.343964790563178,0.32144103971298
Malignant,ZNF316,0.303796904389242,0.281286350903275
Malignant,SSC4D,0.0628410360646833,0.0403456336394884
Malignant,AMH,0.0672602898726559,0.0448269920758096
Malignant,IQANK1,0.264909304090342,0.242480875875766
Malignant,CDK8,0.286792409420162,0.264374968083644
Malignant,EFCAB7,0.206815344130633,0.184465099599453
Malignant,DBP,0.469902666917947,0.447558755229405
Malignant,KANSL2,0.634162771880115,0.611885326054422
Malignant,XRCC2,0.228604377924352,0.206327401947975
Malignant,RNF41,0.709760587736675,0.687550063184788
Malignant,HPDL,0.0739307435516894,0.051721971585082
Malignant,METAP1D,0.278971218426242,0.256768906023557
Malignant,RRP1B,0.675918393817625,0.653762181766664
Malignant,TMEM201,0.161691685183503,0.139576391192468
Malignant,NKIRAS2,0.873387413845559,0.851317257348754
Malignant,SUGP2,0.803268256837564,0.78122697123515
Malignant,TXNRD3,0.143711987317082,0.121675457143345
Malignant,ZNF335,0.379360793659684,0.357334661343871
Malignant,FANCE,0.111172521482259,0.0892088080942732
Malignant,STPG1,0.254462737645988,0.232512900399954
Malignant,FAM3A,0.820206329216214,0.798270824568176
Malignant,ZNF528,0.252339664650018,0.230413428528048
Malignant,ZKSCAN2,0.0780996854885353,0.0562110552493183
Malignant,BRIP1,0.181458230829328,0.159579895999588
Malignant,A2ML1,0.0848300388739354,0.0629741589043111
Malignant,ABCF2,0.678108535054101,0.656253468865069
Malignant,KATNA1,0.515145416637969,0.493371950051864
Malignant,AK6,1.14834465242409,1.12661116911784
Malignant,TSPAN31,0.952064054207353,0.930505496747566
Malignant,MNAT1,0.998994384287117,0.97743741533916
Malignant,MAD2L1BP,0.608477653994991,0.586937693818558
Malignant,WDR62,0.102968768389394,0.081476158843248
Malignant,TMEM143,0.162046230744733,0.140604715222588
Malignant,ZNF142,0.165764946270787,0.144336012026466
Malignant,UBQLN2,0.78982080827834,0.768453185578754
Malignant,PRPF38A,1.19346119281846,1.17211241621565
Malignant,MED23,0.431806746570888,0.410465538169902
Malignant,TTC17,1.19262067313595,1.17128972986997
Malignant,RB1CC1,1.47371770294129,1.45245949512709
Malignant,PHF13,0.300602629289923,0.279348214161893
Malignant,MTERF4,0.843732033927335,0.822532255894962
Malignant,ZDHHC11,0.0923389076942363,0.0711618129123793
Malignant,ARMCX5,0.32353671036903,0.302377121551046
Malignant,C4orf46,0.282784030304484,0.261658838526975
Malignant,MED17,0.562370485307216,0.541258904112423
Malignant,ZNF607,0.0908378012312782,0.0697429499628656
Malignant,TCTA,0.72063312508466,0.699544448768696
Malignant,WASHC5,0.525902324879089,0.504829250919085
Malignant,FDFT1,1.78964946108341,1.76858713202384
Malignant,AP5M1,0.612352198157358,0.59136144096443
Malignant,PEX6,0.305331966546112,0.284357484224445
Malignant,ZNF253,0.22032716053708,0.199443395442967
Malignant,ZDHHC6,0.819344929878977,0.798481839362947
Malignant,AMER1,0.0766473735643546,0.0558151163785366
Malignant,MCAT,0.585436889789318,0.564619015105246
Malignant,KANSL3,0.417440341898724,0.396667031712436
Malignant,OPA3,0.518010489302434,0.497372674766499
Malignant,PTDSS2,0.375576715146214,0.3549497546866
Malignant,CEP55,0.21389156374956,0.193392344837446
Malignant,NT5M,0.0773743653469315,0.0568880461035353
Malignant,C12orf56,0.0775220549137348,0.0570992182997928
Malignant,ZNF416,0.074885792540839,0.0544791992028804
Malignant,CDAN1,0.105011895043732,0.0846449598906481
Malignant,ESCO2,0.129110811566108,0.108826041667282
Malignant,ZSCAN5A,0.188187042962746,0.167954412123709
Malignant,DAXX,0.864290061630133,0.844059635077755
Malignant,ZNF816,0.121089453748386,0.100891971388709
Malignant,TMEM260,0.348059681883604,0.327877498793286
Malignant,ZBTB11,0.488768238929455,0.468637282834482
Malignant,ABTB2,0.130614910359353,0.110490787975013
Malignant,ZNF613,0.0932617027567766,0.073194380605295
Malignant,TERF2,0.468988119529749,0.448965345756293
Malignant,SMG9,0.420349184973641,0.400332403329249
Malignant,L3MBTL2,0.423809300724234,0.403800969423062
Malignant,HDAC6,0.481041075948952,0.461059013544951
Malignant,CDC25A,0.0771433424888197,0.0572909203615396
Malignant,NELFB,0.590718655047914,0.570873597335843
Malignant,HARBI1,0.130025611009237,0.110184417503164
Malignant,ZSCAN12,0.129811418469499,0.109989941463809
Malignant,NDUFAF6,0.897679925627973,0.877934577018378
Malignant,HAUS2,0.559737880404768,0.540012618423002
Malignant,EEF1AKMT1,0.428166782203504,0.408568645679157
Malignant,MYPOP,0.229067150179235,0.209475183587144
Malignant,FXR1,1.78403836540167,1.76445152183234
Malignant,CMAS,1.24597696182262,1.22641720993079
Malignant,DZANK1,0.191041197140291,0.171493640609301
Malignant,RND2,0.0896161153226882,0.0700732364269074
Malignant,EIF4ENIF1,0.323491124626038,0.303986190659913
Malignant,FAM91A1,0.816073523354626,0.796585419793493
Malignant,USP37,0.362073606359881,0.342621102156753
Malignant,QSOX2,0.216536477909432,0.197190429707356
Malignant,ZNF391,0.0589962248326179,0.0397084623295433
Malignant,CDC16,0.866085260770976,0.846810313395867
Malignant,HACL1,0.399861592995829,0.380598797311194
Malignant,PARD6G,0.302734576135645,0.283493906996624
Malignant,UBR5,1.02720860916735,1.00798498398816
Malignant,CAB39,0.944236742667276,0.925024412473324
Malignant,HCN3,0.0719145422804805,0.0527201884271384
Malignant,ZNF525,0.180118661070631,0.160947025859208
Malignant,LCMT2,0.154340668693993,0.135223304750961
Malignant,TMEM198,0.095437429821848,0.0763739884466068
Malignant,LATS1,0.552012324515966,0.532950514486612
Malignant,PIGB,0.283600370508173,0.264669832870862
Malignant,ERI1,0.377239208892873,0.358369676170973
Malignant,MBTD1,0.325884007162143,0.307028660504376
Malignant,TCAIM,0.538973919321335,0.520196887076634
Malignant,SPATA33,0.516728675819415,0.497977366318146
Malignant,ZNF594,0.106012492565905,0.0872687480698018
Malignant,MRPL1,1.06337279876204,1.04464307414712
Malignant,RLIM,0.652229599211924,0.633503062113283
Malignant,PM20D2,0.560334817966291,0.541645006003929
Malignant,NOL9,0.517377324839271,0.498767763784563
Malignant,PDSS1,0.238006684972973,0.219469533757461
Malignant,PDCD11,0.502066483675297,0.483568110411691
Malignant,H3C6,0.0596885953357081,0.0412511395812965
Malignant,CCDC59,1.44654818264469,1.42816757783506
Malignant,ZNF408,0.281195925265818,0.26285981612437
Malignant,ZNF417,0.124407110943634,0.106235430684971
Malignant,ESS2,0.383747489518786,0.365594771212871
Malignant,TMEM65,0.38228159622379,0.364196904535778
Malignant,ZFAND2A,1.06793045193065,1.04985192541754
Malignant,ZSCAN21,0.227896899042912,0.209941800412851
Malignant,DPY19L4,0.540204547995271,0.522255474691276
Malignant,EIF2B5,0.833347663602639,0.815398879005995
Malignant,RAD50,1.10006396425069,1.08215560546723
Malignant,DCP1B,0.234843381799023,0.217050035837906
Malignant,ATAD5,0.273368723266408,0.255632820186344
Malignant,HIC2,0.196526189680621,0.178796677844831
Malignant,DNAJC6,0.0686588536563801,0.0510199265703935
Malignant,TVP23B,0.630546758320976,0.613042428818172
Malignant,RPAP3,0.627516101494716,0.610058508161175
Malignant,TRAPPC14,0.185040685978736,0.167584921194499
Malignant,ZKSCAN4,0.129575722477838,0.112141893789673
Malignant,TOM1L2,0.513164738460391,0.495743044720063
Malignant,IGF1R,0.784553269278866,0.767144980499837
Malignant,XRCC4,0.463112500988748,0.445718074792317
Malignant,CREBZF,0.78980306395974,0.77242134796521
Malignant,PABIR2,0.452445552147477,0.435131904046155
Malignant,DVL3,0.717076083631435,0.699789739418745
Malignant,NPHP4,0.141715217840427,0.124484936868985
Malignant,L3MBTL1,0.127629032454914,0.110417995484175
Malignant,SPIN3,0.117422230801714,0.100215918729625
Malignant,CDCA7L,0.80495281458878,0.787806269018156
Malignant,GAS8,0.40799855616742,0.39088519041979
Malignant,ZDHHC9,0.650747152527159,0.633681508656946
Malignant,ACY1,0.211382240894175,0.194381016221827
Malignant,TTC33,0.326975457957031,0.309995768049144
Malignant,NUP43,0.379621200869627,0.362698008278427
Malignant,SLC25A51,0.291722512063111,0.274899923538307
Malignant,TIGD7,0.109538512801982,0.0927402057307018
Malignant,RANBP6,0.311339121915618,0.294575378272291
Malignant,NHLRC2,0.519519469299097,0.502765494958867
Malignant,ANKIB1,0.73648782101258,0.719741043689978
Malignant,CIART,0.230858791082294,0.214212811181246
Malignant,SC5D,0.790882831713307,0.774242678675976
Malignant,ZNF746,0.218833690474228,0.202193759286497
Malignant,PSMG1,0.848657742324789,0.832040323825798
Malignant,PUM2,1.11277021121036,1.09616401986157
Malignant,DNMT3B,0.0541210042112084,0.0375541177830949
Malignant,DCAF1,0.34523689203629,0.328670437854838
Malignant,HS6ST2,0.0823039044148467,0.0657448918914818
Malignant,UEVLD,0.364158538325359,0.347628248411517
Malignant,MMGT1,0.57778429654481,0.561280750855898
Malignant,BTBD1,0.568914351454591,0.552412373628798
Malignant,NUDT13,0.0748577492364561,0.0584250730878819
Malignant,YY2,0.0768153624484803,0.0604010196980134
Malignant,THAP9,0.0913076830075474,0.074899463611741
Malignant,DNAL1,0.474814227688991,0.458455664107744
Malignant,ZNF518B,0.261052378956851,0.244710230537229
Malignant,MFSD8,0.32961532471309,0.31330954775778
Malignant,GAD1,0.0815523953258377,0.0653187864107311
Malignant,XRRA1,0.627821131607403,0.611671064445642
Malignant,SUGP1,0.430107983127983,0.413990960562263
Malignant,KLHL25,0.129724557214599,0.113639695306844
Malignant,ZNF326,1.0771444500089,1.0611335791935
Malignant,ZNF200,0.253259136815642,0.237258123550815
Malignant,MYO3B,0.0733335722589113,0.0573777506337944
Malignant,FBXO42,0.441715596494807,0.425762945465364
Malignant,COG6,0.37474457177333,0.358836247320654
Malignant,MTERF2,0.428434514299495,0.412549455263391
Malignant,COX7B2,0.0246099884785516,0.00876729728133656
Malignant,TRMT61A,0.411160414472001,0.395362692515781
Malignant,ALOX12,0.0243225219143905,0.00857686159491989
Malignant,ZNF738,0.307520397851123,0.291982929125723
Malignant,TDRKH,0.137776462048376,0.122247309805731
Malignant,G2E3,0.437541405998725,0.422020253118146
Malignant,CACNG4,0.0665461827498422,0.051084154126483
Malignant,KLHL24,1.10148007306237,1.08601983371377
Malignant,IRF2BP2,2.19089954280054,2.17553398349926
Malignant,LMAN2L,0.391675250786714,0.376374050313324
Malignant,NTHL1,0.867267889363788,0.851979061594366
Malignant,TMEM63B,0.573022042972293,0.557740919815612
Malignant,CEP250,0.370317166542071,0.355072135725937
Malignant,RNF185,0.42892525559922,0.413688425244804
Malignant,PRR19,0.0501127170516397,0.0348848542541468
Malignant,ERCC6L2,0.395958261078902,0.380743291282936
Malignant,GSTA4,0.857160532698491,0.841953990637597
Malignant,NEPRO,0.609127164595717,0.593924557383998
Malignant,ATP5F1B,4.22612422397805,4.21094529898535
Malignant,KCTD6,0.256626357896157,0.241490017883698
Malignant,MARCHF9,0.352171302725835,0.33707746900637
Malignant,RPTOR,0.242713512388159,0.227649677087214
Malignant,SMAD4,0.643840451146379,0.628800013985191
Malignant,CNNM1,0.053792280078249,0.0388124348317838
Malignant,TRAPPC5,0.707117578240823,0.692166561716199
Malignant,VMAC,0.204541687870414,0.189634326140552
Malignant,RIMKLA,0.141155243919176,0.126325694880503
Malignant,PLAAT1,0.0538356495131079,0.039054323879539
Malignant,NSUN4,0.41804071980427,0.403262706863721
Malignant,TMIE,0.0360539477007862,0.0213495508484664
Malignant,KXD1,1.52374770210299,1.50909075438583
Malignant,AMMECR1L,0.33868991748274,0.324114955382916
Malignant,TSACC,0.0637416287602712,0.049210416180255
Malignant,PPP1R8,0.557387706411562,0.542863516975759
Malignant,UBE3D,0.221264569948048,0.206751874407859
Malignant,AGMO,0.0860896636755646,0.0716030196598988
Malignant,POU6F2,0.0328831562015415,0.0184342882345929
Malignant,POLR1E,0.425102419126072,0.410669697909522
Malignant,SLC27A4,0.277188144967567,0.262814966596163
Malignant,SPHK2,0.350623237204286,0.336250129905156
Malignant,ABRAXAS2,0.390254973698639,0.375883805976899
Malignant,H2AC6,1.42717675134933,1.41282980772938
Malignant,C2orf49,0.574580392955938,0.560238560483888
Malignant,RRM2B,0.500362152952921,0.486078377232571
Malignant,ZNF398,0.227673752207519,0.213480773171522
Malignant,CEP89,0.472133092249748,0.457943426971338
Malignant,AREL1,0.285259590247339,0.271071248746675
Malignant,THAP10,0.116612748665771,0.10243393463301
Malignant,PPP1R1C,0.0985581895373469,0.0844469930126433
Malignant,ZIC5,0.0265881240072438,0.0125176620993873
Malignant,NSL1,0.948972997911385,0.934918218070684
Malignant,ASAH2,0.0370007986419674,0.0229925702054176
Malignant,YARS1,1.08774872779656,1.07378709133965
Malignant,PWWP2A,0.656862202341768,0.642935113591086
Malignant,AURKA,0.350021091234439,0.336105191798983
Malignant,DNAAF10,0.34328351103467,0.329400175249675
Malignant,PLEKHA8,0.224023362947515,0.210215606047813
Malignant,KLHL17,0.0810834987570364,0.0673450032514788
Malignant,EXD2,0.302174378306581,0.28844286545432
Malignant,ZNF43,0.379477714315946,0.365783545928862
Malignant,ZFP90,0.363836747107682,0.350153252799978
Malignant,RNF32,0.131298671538194,0.117638628029987
Malignant,RBM15,0.321678791580495,0.308099355793879
Malignant,HUWE1,1.13828638162522,1.12474137407098
Malignant,LRRCC1,0.442272911816856,0.428770208485594
Malignant,RNF123,0.280053223384419,0.266571094539854
Malignant,TLCD3A,0.297095003031283,0.283628336414335
Malignant,MORN4,0.216441403768604,0.202998520641168
Malignant,PCBP4,0.516961569314525,0.503599908378476
Malignant,LRRC75B,0.224763420602541,0.211450645977969
Malignant,C2orf42,0.161142296065761,0.147833812685011
Malignant,GEMIN7,0.693297798123133,0.680034080481834
Malignant,TRIM46,0.0540737231509846,0.0408103480406015
Malignant,ZIC2,0.0556821299074576,0.0424357332831643
Malignant,ZNF774,0.0713079363792165,0.0580810383532037
Malignant,CCDC150,0.0994880940281826,0.0863057765973287
Malignant,PPHLN1,1.68341322467777,1.67023939810615
Malignant,FAM118B,0.385024497967881,0.371876883003834
Malignant,NOS1AP,0.270567485445067,0.257428651351319
Malignant,DBF4B,0.103709780274079,0.090640743196725
Malignant,VPS51,1.38691617101984,1.37387959034447
Malignant,CTU2,0.364837560312812,0.351834809921415
Malignant,FPGT,0.276733061601985,0.263913643642513
Malignant,SOCS7,0.24682587714624,0.234058029621608
Malignant,BNIP1,0.350418354194709,0.33768037965642
Malignant,TMEM104,0.21089485211224,0.198193047761201
Malignant,PIWIL2,0.0888741674706502,0.0761966446381842
Malignant,PRIMPOL,0.321824359102068,0.309150408202685
Malignant,ZNF28,0.272847990705799,0.260225971783336
Malignant,WFIKKN1,0.0371246830780171,0.0245606599426888
Malignant,POLQ,0.106007780939495,0.0934504373804173
Malignant,MFSD9,0.169071221093239,0.1565439439537
Malignant,RAD54L2,0.432062818520402,0.419585173697887
Malignant,ZNF470,0.103109488497251,0.0906622653860584
Malignant,C2orf15,0.130146896674504,0.117706140569939
Malignant,ATG9A,0.504214743267942,0.491799671119275
Malignant,KLB,0.0790247427984366,0.06666577450843
Malignant,SAMD4B,0.873089887438254,0.860760256679642
Malignant,CCDC169,0.050954390355591,0.0387706019052107
Malignant,KIAA0753,0.192990974673799,0.180844509954996
Malignant,DHX33,0.429826490906216,0.417754312838529
Malignant,ZNF653,0.0864764020209846,0.0744169782799598
Malignant,MCM9,0.227509682139355,0.2154604484806
Malignant,ASB7,0.216905967070133,0.204866027015815
Malignant,ANKRD13B,0.099229329053024,0.0872065353450721
Malignant,TMEM81,0.0486467091810261,0.0366316151643465
Malignant,MTHFSD,0.208622565341132,0.19662173913289
Malignant,CENPW,0.695107903876784,0.683130164386723
Malignant,POLDIP3,0.799434021587315,0.787457656740621
Malignant,TYW1B,0.152886880464765,0.14100647134327
Malignant,ZNF45,0.125448721283961,0.113569948610966
Malignant,SPIDR,0.688128262885893,0.676297392184194
Malignant,FGFR2,0.438669875923398,0.426846702745333
Malignant,DDX42,1.13352481746473,1.12174578960394
Malignant,RBSN,0.358100664565824,0.346392894684947
Malignant,ZNF749,0.123352938742429,0.111741586400765
Malignant,AATF,1.12266894301446,1.11106989168694
Malignant,NCAPH,0.179285596808955,0.167726122682901
Malignant,ZNF232,0.176407435814649,0.164874328563794
Malignant,AURKB,0.284204734658919,0.272683129098131
Malignant,RCOR2,0.0335372129361819,0.0220157086092513
Malignant,TMEM241,0.239797618047207,0.2282993110775
Malignant,PEX12,0.108982170797667,0.0975285090956371
Malignant,HARS2,0.322734852979546,0.311304945384747
Malignant,PPP6R2,0.701024335509671,0.689695934501881
Malignant,RBBP9,0.309234488825279,0.297991862358041
Malignant,ZNF136,0.31266192548936,0.301435212170071
Malignant,GXYLT1,0.468868498707552,0.457708043989657
Malignant,AMY2B,0.122922498338466,0.111828097287505
Malignant,FBXO44,0.476549884364983,0.465564856831712
Malignant,SLC35A4,0.72090147013241,0.709946463966568
Malignant,CPNE1,1.76296142730772,1.75200762326552
Malignant,LSM14B,0.284414652811223,0.27351814571914
Malignant,TRAPPC2L,1.79600398972435,1.78512567301959
Malignant,RTBDN,0.0388813376228887,0.0280321462775419
Malignant,ZNF837,0.0846449619983219,0.0739775526769746
Malignant,PRDM10,0.0934282702791162,0.0827795239211303
Malignant,ZNF519,0.148135856360244,0.137567976496681
Malignant,LYSMD1,0.152431266180161,0.141868747593123
Malignant,CAMKMT,0.295986949606561,0.285431910175267
Malignant,ATP6V1E2,0.189792401372897,0.179251096640551
Malignant,NEMF,1.50579519515335,1.49529329764537
Malignant,MAP6D1,0.0284920824522211,0.0180686372328642
Malignant,TRAF2,0.42179419758709,0.411424420159793
Malignant,ZNF696,0.104362557298206,0.0940005733022345
Malignant,MICU2,1.03715425428034,1.02681727337159
Malignant,SNTA1,0.271799369240312,0.261484402058295
Malignant,TIMM23B,0.218489761938724,0.208222176584316
Malignant,TNPO2,0.551802489185363,0.541785067971621
Malignant,CPT1B,0.0819002916849927,0.0719298865732086
Malignant,DMRT1,0.014030374717833,0.0040869276858373
Malignant,ARHGAP35,0.650268525942697,0.640425771037971
Malignant,OR2B6,0.0158505512467433,0.00603214974628428
Malignant,SPIRE1,0.35909442969794,0.349283576759174
Malignant,KIF3A,0.560918676430588,0.55112804412089
Malignant,PUDP,0.4009421998677,0.391195524544713
Malignant,TBC1D9B,0.870042490299112,0.860337056627794
Malignant,ILDR2,0.0458577514069395,0.0361626330137996
Malignant,OGG1,0.408026366521661,0.398364261290856
Malignant,CCDC122,0.287612982558751,0.277957475422668
Malignant,ILKAP,0.907558022044185,0.897923029533093
Malignant,ETFDH,0.515228072857869,0.505600424770489
Malignant,VPS54,0.405366253630912,0.395741777305015
Malignant,NEIL2,0.407268503002824,0.397707554766757
Malignant,FPGS,0.758931593188172,0.749386350063482
Malignant,MAP10,0.0809749670045068,0.0714331132136255
Malignant,DYNLT2,0.0941730608133471,0.0846832326176438
Malignant,UNC119B,0.342664762171427,0.33321533166447
Malignant,GPR158,0.0332410243374437,0.0239496227148957
Malignant,RNF214,0.414468059829767,0.405192788972012
Malignant,ZNF740,0.193130213929517,0.183867477941152
Malignant,MAST1,0.0703367534932272,0.0610822223685263
Malignant,ZNF658,0.0953917322721908,0.0862812355427295
Malignant,SYCE3,0.0935997759017337,0.0844961201472425
Malignant,MGAT5,0.517134131800087,0.508075682352534
Malignant,DHX16,0.486214134841851,0.477192677340639
Malignant,BRME1,0.0517891889320247,0.0427737281694739
Malignant,IGFL4,0.0158496835443038,0.00685903651096208
Malignant,NBPF3,0.121337625026233,0.112356529006833
Malignant,PRR12,0.210669692168853,0.201703077658367
Malignant,MKS1,0.239732307929342,0.230832953967614
Malignant,SLAIN2,0.791230264819502,0.782376723524501
Malignant,SLC25A43,0.38603198922518,0.377183859897484
Malignant,SLC5A3,0.838628035108383,0.82978651360983
Malignant,CSNK1G1,0.410424079216684,0.401708178584801
Malignant,CTAG2,0.0357917367410644,0.0270805350946411
Malignant,PJVK,0.0655444150651021,0.0569361551176465
Malignant,ZNF707,0.12925433988303,0.120662418573483
Malignant,PPFIA4,0.067154145098509,0.0586227532074535
Malignant,HIBADH,1.19751574066761,1.18907500559911
Malignant,NDUFAF5,0.347585939470366,0.339145583300711
Malignant,SMARCD1,0.685800133733094,0.677456381506944
Malignant,ATXN7L2,0.0775903234376951,0.0692538226350247
Malignant,NALF2,0.0235405801401648,0.0152258127497056
Malignant,ZNF384,0.453531839920461,0.445219396569023
Malignant,ZNF404,0.053322316158866,0.0450374830092529
Malignant,CNOT10,0.581255928008038,0.573038104819892
Malignant,CDH7,0.0310882300652373,0.0230080984069659
Malignant,DLL3,0.048446946210444,0.0403784340155255
Malignant,MDC1,0.282908919133135,0.274870029244501
Malignant,HS1BP3,0.414605751325039,0.406576760598784
Malignant,SIRT6,0.505934153828268,0.497907233365338
Malignant,UNKL,0.362475068286834,0.354612744134034
Malignant,GNAZ,0.0746478750110117,0.0668140905164991
Malignant,CCDC152,0.179703692119622,0.171873459656807
Malignant,CHRNB4,0.021219701276592,0.0134275485160122
Malignant,SLC2A13,0.247176044979017,0.239473736556877
Malignant,DPF1,0.0317991821263028,0.0241861187103753
Malignant,KIAA1328,0.259490664801434,0.251879066162535
Malignant,GPR143,0.122526120720189,0.114985277084127
Malignant,SNAPC4,0.210424725738084,0.202921979889147
Malignant,MCMDC2,0.0587156235833896,0.0512291208893747
Malignant,MFSD6,0.532287488111077,0.524883839271653
Malignant,MFSD3,0.573395817887982,0.56605325932796
Malignant,XPO7,0.440354557941934,0.433060142841529
Malignant,NCAPD3,0.393645305789817,0.386388046073056
Malignant,ZNF726,0.0764358785759504,0.0692244725873797
Malignant,RXYLT1,0.658119412378334,0.65091076202541
Malignant,ANP32E,1.49301477757864,1.48583607437203
Malignant,RAB4A,1.72504150450359,1.71786423451031
Malignant,KIAA1191,1.09233857641712,1.08521561346924
Malignant,MAU2,0.503153310465396,0.496059967203543
Malignant,ZNF222,0.104091601136041,0.0970359367109184
Malignant,AJM1,0.102957259270572,0.0959041227177884
Malignant,IGSF1,0.044107998458179,0.037067
Malignant,TRIM65,0.308950341002728,0.301935595423154
Malignant,ZNF624,0.0776891014361028,0.0707322490155681
Malignant,SPR,0.830962145844097,0.824108109377802
Malignant,ELMOD2,0.539093133990351,0.532252040540595
Malignant,BAIAP2L1,0.892084070104731,0.885277080364133
Malignant,CDK20,0.145502819931118,0.138698555069099
Malignant,C16orf95,0.110302054015617,0.103506281669915
Malignant,EFCAB2,0.433434800140175,0.426670848768904
Malignant,ZNF134,0.305432297077802,0.298728718228554
Malignant,FAM72C,0.0306521245916311,0.0239865396120105
Malignant,CELF5,0.0374849493296667,0.0308672567579258
Malignant,CARD14,0.0735192521637082,0.0669038807850891
Malignant,ZNF513,0.223502029709273,0.216887519474198
Malignant,QDPR,1.05255521091402,1.0459413129309
Malignant,DNASE1L2,0.023264531876736,0.0166537524653631
Malignant,SLC33A1,0.751563031009854,0.744976362091651
Malignant,ZBTB17,0.40365553533746,0.397092425089999
Malignant,SMC5,1.01632505067719,1.00977225095497
Malignant,IQCC,0.109343395002589,0.102791594941201
Malignant,PRR22,0.0465650619931509,0.0400192191374329
Malignant,NHLRC1,0.0467811408392057,0.0402406797526754
Malignant,RAB6B,0.232256657219981,0.225734642632905
Malignant,NF2,0.57786996200255,0.5713643426575
Malignant,MTX3,0.293260696903185,0.28678119047933
Malignant,ZNF546,0.135356240920219,0.128881345287127
Malignant,ZNF778,0.125818565895009,0.119346191787296
Malignant,H2BC21,0.720822268124275,0.714374619014871
Malignant,ZNF443,0.103137322130905,0.0967002238649487
Malignant,GTPBP2,0.292518880636521,0.286082371076131
Malignant,ANKRD7,0.0210575008150563,0.0146408040380958
Malignant,DCAF4L1,0.028736039145688,0.0223304569046597
Malignant,DAGLA,0.0773068831420452,0.0709350040056751
Malignant,ZSCAN26,0.243914093240257,0.237554299555977
Malignant,TERT,0.0143479042722701,0.00799119934414934
Malignant,PNCK,0.065377701179016,0.0590466663150886
Malignant,ZFP82,0.168856127521582,0.162557227436463
Malignant,NT5C2,0.862241296658166,0.855967203623942
Malignant,RRAGB,0.385492410507159,0.379228377173454
Malignant,SYCE2,0.0448067829257354,0.0385853074222833
Malignant,FN3K,0.270351371856439,0.264146844192919
Malignant,YJEFN3,0.10816869703944,0.10197793160848
Malignant,RDM1,0.043873725318742,0.0376968543097524
Malignant,SNX15,0.102695314390668,0.0965466051525353
Malignant,FAM117B,0.41109721973328,0.404963296429129
Malignant,ZNF8,0.126517672533664,0.120401981895912
Malignant,ZNF891,0.176269099426531,0.170166721558849
Malignant,ANKRD13C,0.417455013419051,0.411358634514219
Malignant,PDZD7,0.054365754798742,0.0482940270520264
Malignant,PLAC1,0.0241428310911532,0.0180746471849522
Malignant,GOLGA6L9,0.156243234916192,0.150176105048543
Malignant,CDK2AP1,0.904675585006801,0.898662709911431
Malignant,LIN28B,0.0139590471807373,0.0079462880566395
Malignant,NEIL3,0.0728290058981805,0.0668480125134711
Malignant,NKAIN1,0.0220451787597449,0.0161625672574328
Malignant,DIRAS2,0.0418799026702594,0.0361135330551987
Malignant,PHRF1,0.412263327373123,0.406500769337653
Malignant,PIK3R4,0.282903080201685,0.277142509688025
Malignant,ZBTB14,0.20652305048588,0.2007916751331
Malignant,TFR2,0.074738315466283,0.0690325093755473
Malignant,MRPL19,1.15207209889961,1.14639225611958
Malignant,VIPAS39,0.263995496087904,0.258355294298162
Malignant,FSTL5,0.0129264929278824,0.0072990186295425
Malignant,AUH,0.592738914459938,0.587151217693032
Malignant,FOXH1,0.0152985086451658,0.00974699623526569
Malignant,RABL2B,0.518137777035327,0.512643563481687
Malignant,GALNT14,0.252890162927655,0.247407872903619
Malignant,TRAF3IP2,0.539162508254787,0.533693545679664
Malignant,SERAC1,0.224382797251733,0.21896993948771
Malignant,LRRC37B,0.225472465582729,0.22008696656398
Malignant,NEURL4,0.0985500072196663,0.0931813755766703
Malignant,CCDC87,0.00841847388470825,0.00308974110792451
Malignant,NPRL2,0.635877184418681,0.630573688989448
Malignant,CLHC1,0.164705345182316,0.159414204216825
Malignant,ZNF2,0.102484804694394,0.0972113956135712
Malignant,LRRC28,0.468261665101424,0.463042936511236
Malignant,DNAJC25,0.418712788122972,0.413544289743662
Malignant,TMEM164,0.344284000475101,0.339116774003896
Malignant,MIGA2,0.263531902842214,0.25839063343812
Malignant,RHBDL1,0.149132552885753,0.143998937234472
Malignant,ZNF587B,0.129916398863442,0.124849096486141
Malignant,ZBED6,0.462831773849625,0.457765115957933
Malignant,HINFP,0.332292829294584,0.327227844674392
Malignant,MTRR,0.42207853547857,0.417049705369791
Malignant,INCENP,0.123080481206801,0.118154289589759
Malignant,KPNB1,2.23951441515139,2.23460203646421
Malignant,ACTR1B,0.92671408936641,0.921802146134604
Malignant,C12orf4,0.361620232046102,0.356729871523244
Malignant,ODF2,0.508572688953991,0.503698389324202
Malignant,SULT4A1,0.0190128366510091,0.0141711954261017
Malignant,SEPSECS,0.221237572915016,0.216405499713687
Malignant,FHOD3,0.17517892506444,0.170378918363137
Malignant,GABRQ,0.0113131753772995,0.00651589866498343
Malignant,ZNF324B,0.0544201546367609,0.0496291074610666
Malignant,SPECC1L,0.375966100626566,0.371190910717524
Malignant,GABRG2,0.016953609207204,0.0121793441019459
Malignant,ZBTB39,0.108880088751033,0.104124581176949
Malignant,TEX22,0.0282978933135092,0.0235466309667748
Malignant,FSBP,0.0191192420987284,0.0143758029849732
Malignant,PGBD2,0.197475265272918,0.192808147558977
Malignant,H3C3,0.0336369399037608,0.0289799106440727
Malignant,DLX6,0.0260988333965881,0.0214559240871898
Malignant,AARS2,0.196406314359922,0.19181574413648
Malignant,LRAT,0.0869205536283229,0.0823609971613766
Malignant,OPA1,0.737088072550302,0.732548522410207
Malignant,ZNF497,0.0549339069383527,0.0504149059302716
Malignant,XPR1,0.610078476537106,0.605559691108382
Malignant,ZNF19,0.0953167063055541,0.0908265663109723
Malignant,ZKSCAN8,0.26630395924792,0.261915036164001
Malignant,CATSPERZ,0.0172414397481585,0.0129001034401504
Malignant,GRM4,0.0174571883543177,0.0131368308672144
Malignant,GPC2,0.0563088048010219,0.0520045201240656
Malignant,MOCOS,0.177684555441923,0.173423253248608
Malignant,ZNF12,0.445833740867512,0.441630377526223
Malignant,MUL1,0.494258028598497,0.490084985097326
Malignant,ZNF311,0.036054008419432,0.0320153106156398
Malignant,GJB7,0.0298882891263207,0.0258593712797954
Malignant,SLC29A4,0.0635929678949058,0.0595738420741956
Malignant,ZNF572,0.0310810750184033,0.0270685047154412
Malignant,HDAC2,1.79246281806804,1.78849493027151
Malignant,TUBB8,0.0135269042964026,0.00959673851871539
Malignant,LONRF1,0.358505015632932,0.354662223027103
Malignant,RMI2,0.220779769497749,0.216969495427645
Malignant,ELMOD3,0.406447759787238,0.402643242495799
Malignant,TOR1B,0.386041880788282,0.382275490928115
Malignant,ZNF679,0.00868036389839669,0.00493641106346937
Malignant,SYNC,0.461622906950229,0.457888427220394
Malignant,CYB5RL,0.108303287302596,0.104586000738853
Malignant,GNGT1,0.0569788849688193,0.0533154946844674
Malignant,CCNB3,0.0165571267890432,0.012911089840882
Malignant,H4C14,0.0418949206349206,0.0382657217702451
Malignant,PRSS27,0.0971766221238442,0.0935535808514313
Malignant,VN1R1,0.0193981305529133,0.0158064178413818
Malignant,KLHL31,0.0239659931832021,0.0203743897299643
Malignant,KHDC1L,0.00976007258558821,0.00617258258930656
Malignant,COG1,0.397557556040377,0.394002425396329
Malignant,ZNF77,0.109471970844458,0.10592511602462
Malignant,MICU1,0.862579759308525,0.859050600198971
Malignant,HSPB9,0.0329967977988684,0.0294975464925443
Malignant,FANCB,0.134022364578512,0.130554798618488
Malignant,PRRT4,0.0097575307125252,0.00629511173987727
Malignant,ZNF589,0.158154667151253,0.15470049326229
Malignant,HMGA2,0.121744529312547,0.118324065738811
Malignant,CLK3,0.810682620922651,0.807391090413586
Malignant,RSRC2,2.40606934657255,2.40279205746736
Malignant,CLUAP1,0.726621453348687,0.723363105691222
Malignant,ASAH2B,0.121198047446827,0.117996666946145
Malignant,ADCK1,0.132734068509573,0.129535835641257
Malignant,CARNMT1,0.386905693110442,0.383713298647106
Malignant,TLX2,0.00986395244100162,0.00667243962726046
Malignant,GABRR1,0.00993862367141055,0.00675036692475963
Malignant,ZNF461,0.113329232389075,0.11019316743384
Malignant,TAL2,0.0187199669505776,0.0156389654836957
Malignant,USP47,1.10808276957696,1.10500874691842
Malignant,RBBP8,0.738206785685147,0.73515029409739
Malignant,TMEM249,0.0135010491018266,0.0104452404571593
Malignant,TRIM73,0.16760253968254,0.164553751788949
Malignant,TPTE,0.0152529429792639,0.0122793870079245
Malignant,VANGL2,0.166138181413806,0.163203901937856
Malignant,ZBTB9,0.056147361795867,0.0532574872693661
Malignant,DCAF4L2,0.00639451347070943,0.00353225250511461
Malignant,C19orf73,0.126630382304954,0.123795532677405
Malignant,MCCC2,0.911363329449042,0.90854802590697
Malignant,BDH1,0.53766631991448,0.534981050419567
Malignant,ZNF143,0.377691697230284,0.375009251069556
Malignant,SLC6A15,0.0213481135167081,0.0186779738760689
Malignant,TAB3,0.310475914388642,0.307806134646482
Malignant,XPO6,0.651941020256761,0.649272101356269
Malignant,CBY3,0.00898857142857143,0.0063250145264818
Malignant,ZNF233,0.0312841808098148,0.0286219649456941
Malignant,SAP30BP,1.35296832782214,1.35034340780042
Malignant,ACRV1,0.00654854115977422,0.00392624607801619
Malignant,FBF1,0.145763201340204,0.143144637751578
Malignant,LYG2,0.0386091831778356,0.0360678152525976
Malignant,TMEM132A,0.462019607877997,0.459527042898363
Malignant,CDKL4,0.0152160562224121,0.0127508631111973
Malignant,SIX4,0.245100101473772,0.242656275337669
Malignant,MAEL,0.0168412567294826,0.014494818834315
Malignant,RPP30,0.803711357123579,0.80138005185558
Malignant,H3C10,0.142738512541865,0.140420654443971
Malignant,C21orf58,0.240648186993726,0.238381885405952
Malignant,DLX4,0.0253375012636195,0.0230893901868369
Malignant,ATMIN,0.463142534612491,0.460900647729089
Malignant,ZNF878,0.00932799680180471,0.00708810298967683
Malignant,ZFP3,0.0818359107043863,0.0796009390806955
Malignant,TAF7L,0.0176004961839104,0.0153662090071209
Malignant,TAF9B,0.476368596669138,0.474135836161272
Malignant,LMO1,0.0177125941233569,0.0154887573689533
Malignant,NAA30,0.413701583527955,0.411512248669519
Malignant,CAPN14,0.0126651999978203,0.0105102725252645
Malignant,TM9SF4,0.689878855697241,0.687724565759059
Malignant,PSPN,0.0588156357864252,0.056662429034786
Malignant,JAKMIP3,0.0117333260516814,0.00958693586912028
Malignant,ZNF23,0.0559590779166178,0.0538169857321239
Malignant,ACAD10,0.255850557294355,0.253721341951164
Malignant,ZNF251,0.202920584925099,0.20079526737168
Malignant,NUP98,0.728999205206792,0.726904152381064
Malignant,DISP3,0.0115126010457016,0.00941958205035861
Malignant,C17orf98,0.0048465979351715,0.0027554154537632
Malignant,NANOS1,0.0683918972176406,0.0663218785103152
Malignant,INHA,0.0301551658002908,0.0281141642975158
Malignant,ZNF236,0.284870718592002,0.282844373397516
Malignant,JRKL,0.261724080815427,0.259704083258149
Malignant,CNTN2,0.0168079520109959,0.0147984012491727
Malignant,ZNF229,0.0521013287089915,0.0501653435138256
Malignant,LIPT2,0.109342144183165,0.107413950058377
Malignant,YJU2B,0.627426183624749,0.625521501059579
Malignant,RBM46,0.00674192643663297,0.00486248511087659
Malignant,SOHLH2,0.0143957041754922,0.0125305925193595
Malignant,MAP7D2,0.0943493519344092,0.0925548911289006
Malignant,TACR2,0.024338671927461,0.0225523634379493
Malignant,AHCTF1,0.601775893459399,0.600014848226925
Malignant,TAS1R1,0.0102578658526749,0.00852083944600954
Malignant,KCNK9,0.0342372906983744,0.0325217728854583
Malignant,GLRA2,0.00658918555428168,0.00492303294297397
Malignant,ZNF211,0.198816390322837,0.197166687284783
Malignant,CA14,0.0149955635900345,0.0133653149151408
Malignant,HPCA,0.0324054932795407,0.0307761412444125
Malignant,MARF1,0.59983322501755,0.598222747058728
Malignant,NKX2-5,0.0110236034838631,0.00945797998606924
Malignant,ELAC2,0.586260095747634,0.58471958193312
Malignant,MEIOB,0.0111157061493169,0.00964291930554654
Malignant,ZNF239,0.0788627179282033,0.0774024277056315
Malignant,GGNBP2,1.81506213063739,1.81360234671014
Malignant,STARD6,0.00673109547820933,0.00527679680924826
Malignant,EPHA8,0.00341305768175471,0.00198277478094891
Malignant,CUL7,0.283610994493036,0.282188850641518
Malignant,BPIFB4,0.00458548263269455,0.00317665694447812
Malignant,ANKRD61,0.00341263088292345,0.00200825780431373
Malignant,MAGEA1,0.0185608094579371,0.0172089538791388
Malignant,TREX2,0.00695914200719343,0.00564685307770949
Malignant,THAP8,0.197481987269237,0.196203034519871
Malignant,ALX3,0.0169969598027509,0.015732
Malignant,TRAPPC9,0.34459281105787,0.343394376604158
Malignant,LMLN,0.210226140005421,0.209041804422912
Malignant,AK4,0.892570131906069,0.891387308610517
Malignant,TEKT5,0.0107729170730835,0.00967522953782872
Malignant,FUT9,0.0240260618802719,0.0229403607700978
Malignant,TRPM7,0.697710817350571,0.696625821937083
Malignant,CATSPER3,0.016706008960627,0.0156290164970893
Malignant,VSX1,0.00744251750854778,0.00637389226995985
Malignant,TEX19,0.00338974475550081,0.00233211438498389
Malignant,RAD17,0.619732593052135,0.618733733637411
Malignant,MAGEB2,0.00952324838897493,0.00852518165260915
Malignant,ALOX12B,0.0104481964954599,0.00945166401855568
Malignant,KRBA1,0.127884402375434,0.126902166300549
Malignant,ISM2,0.00410129619667581,0.00313433804943319
Malignant,OPRD1,0.00844552029484855,0.00748339480482361
Malignant,FBP2,0.00534234375657987,0.00440509262102331
Malignant,TCF24,0.0087799128242897,0.00784851924918666
Malignant,DPPA2,0.00542132844819479,0.00450035828704571
Malignant,SCAF4,0.643189322238265,0.642282061354205
Malignant,GYG2,0.0778652304967309,0.076974533547603
Malignant,TRIM66,0.188113378951558,0.18730849725199
Malignant,HEATR6,0.246256316875932,0.24546161261967
Malignant,MSI1,0.0752125336835576,0.0744356353987199
Malignant,TMEM67,0.348292373399325,0.34752613465035
Malignant,AFG3L2,1.11827434626092,1.11754429588396
Malignant,MIP,0.00471074802227802,0.00398540955446896
Malignant,CCDC121,0.137761836507741,0.137042207218004
Malignant,CACNG1,0.00290396766841549,0.00219184199878031
Malignant,EFCAB11,0.284336615406857,0.283625602815361
Malignant,RHBDL2,0.339333002924624,0.338650579489091
Malignant,PRELID3A,0.0824253927211431,0.0817756087421417
Malignant,CNPY1,0.0075698465198714,0.00692104015352819
Malignant,ASCL5,0.00456427439165413,0.0039213901678259
Malignant,CCDC177,0.00209236122252414,0.00145063913655239
Malignant,PPP6R3,0.991052574894763,0.990442655825845
Malignant,TTC4,0.15897394582162,0.158419085455042
Malignant,PAQR9,0.00203403687221869,0.00148937252756634
Malignant,MYO18B,0.00635120175624304,0.00581402332272804
Malignant,DHX57,0.313256955659997,0.312721988891494
Malignant,UBE2K,1.64512500163826,1.64459465702
Malignant,ABCB7,0.576221641999263,0.575698496550877
Malignant,CECR2,0.0691468732936822,0.0686351200903583
Malignant,SPACA4,0.00214468447946702,0.00164738881035233
Malignant,PRDM13,0.00276770268481109,0.00227224560507169
Malignant,CSTL1,0.000779259566693751,0.000298326121500676
Malignant,GPR149,0.00122895249453389,0.00076526741910433
Malignant,CATSPER4,0.00144851514384544,0.000998444302518233
Malignant,SEPTIN12,0.00229006366632643,0.0018785211299851
Malignant,SPTBN4,0.0279114752658043,0.0275093435757886
Malignant,CCDC185,0.000558258701548198,0.000169527955203794
Malignant,OTP,0.00179236091106295,0.00141173721566432
Malignant,RRH,0.00283126363991053,0.00245341435976342
Malignant,ZBTB49,0.105218169744088,0.104884176416465
Malignant,FUT5,0.00165909407951691,0.00133157203119068
Malignant,LPO,0.00978906258189618,0.00946704284815232
Malignant,NEUROG2,0.00430663534231707,0.00398541320424289
Malignant,CGREF1,0.16088182112323,0.160573179456081
Malignant,KIRREL2,0.0116742436183099,0.0113720276067688
Malignant,C1orf105,0.00532056078125321,0.00503822535764278
Malignant,ACTL8,0.00433680671990831,0.00406340687763981
Malignant,ACP4,0.00205581273635155,0.00178641002643056
Malignant,ZNF426,0.415476307162512,0.415219477959696
Malignant,MEX3A,0.196396189887645,0.196140422804307
Malignant,CALR3,0.00102448297361249,0.000770047324408835
Malignant,ERAS,0.00299394704298943,0.00277751274520095
Malignant,NGB,0.00281907933176333,0.00262894203294937
Malignant,SEC14L5,0.0124533617993325,0.0122729053202779
Malignant,OPRK1,0.0192953067286379,0.019119703391719
Malignant,SPATA45,0.00502083962921367,0.00485257162033242
Malignant,C1QL4,0.00386289953077361,0.00369727539361648
Malignant,CACNA1D,0.175762598215946,0.175604438979476
Malignant,CCDC168,0.0161307998592611,0.0160044523025229
Malignant,IGSF9,0.210482490719932,0.210362507094063
Malignant,LENEP,0.00110330386261129,0.000995632492235814
Malignant,HMX3,0.000428129685157422,0.000321353817965364
Malignant,ISOC1,0.743722059032337,0.743643886098454
Malignant,VPS37D,0.0648964133071887,0.0648212519981782
Malignant,UTP3,0.625467917115128,0.625397675440472
Malignant,ASB18,0.00177299548363861,0.00170558674493963
Malignant,VAX1,0.00252871156928695,0.00246477040816326
Malignant,GBX2,0.0076151047527318,0.00755641682477591
Malignant,ADAMTS20,0.00487345074441023,0.00481678667995789
Malignant,SDR9C7,0.00214864096599723,0.00212065702300621
Malignant,XK,0.067379693833626,0.0673618930926481
Malignant,PLA2G4D,0.00745294691250447,0.00745493669426323
Malignant,WNT8A,0.000397652554164182,0.000400049658597145
Malignant,VCX3A,0.00165166609820075,0.00165639670062001
Malignant,MAGEB3,0.000436788321167883,0.000445947464531535
Malignant,LIN7B,0.281799737713297,0.281822482804875
Malignant,TEX37,0.000222225350120334,0.000255843451159978
Malignant,NRN1L,0.00608624453101758,0.00612274125451543
Malignant,RPS6KL1,0.112082872951171,0.112129163779954
Malignant,HTR3E,0.00276809871765124,0.00282479376744875
Malignant,FAM170A,0.000375485748531046,0.000436892515074422
Malignant,WIPI2,1.27853710618598,1.27860446707641
Malignant,CSKMT,0.698194065986528,0.69826800422652
Malignant,PSG3,0.00105719936394355,0.00114634706249501
Malignant,PCARE,0.00219194195303682,0.0022831358292075
Malignant,SPZ1,0.000773121886213332,0.00087005298084615
Malignant,RPTN,0.00117506094808127,0.0012865228469897
Malignant,DCST1,0.00347900973122925,0.00360287344897627
Malignant,PRSS37,0.00069750089895721,0.000837823990989993
Malignant,FBXW12,0.00338468612337319,0.00354021987338849
Malignant,CABP2,4.86319340329837e-05,0.000205279034690799
Malignant,TAS2R8,0.0010517261354427,0.00120881731346543
Malignant,LYZL4,0.000456342601657856,0.000615686274509804
Malignant,SLCO6A1,0.00394032251603305,0.00411131299892105
Malignant,PSMB11,0.000340135440180587,0.000511626848474213
Malignant,IQCF1,0.000219890054972514,0.000398965020917864
Malignant,DEFB131A,9.80313229839262e-05,0.000294001591983893
Malignant,ZNF280A,0.00800024025905242,0.00821035626796772
Malignant,EFCAB9,0.00251373124934438,0.00273803417228296
Malignant,DCAF8L2,0.0010473424766448,0.0012797193877551
Malignant,GPR61,0.00185942909624508,0.00209632330979008
Malignant,VPS33B,0.171625557633738,0.171864557072709
Malignant,SPATA31A1,0.000331289537712896,0.00059428818764477
Malignant,FAM47C,0.000139792768959436,0.000412481272519055
Malignant,LDHC,0.0330680784733352,0.0333408356406449
Malignant,KASH5,0.00670503410699346,0.00697888024558541
Malignant,KDM4D,0.0301756090436685,0.0304640091671848
Malignant,OLIG3,0.000155940183857288,0.000451906779661017
Malignant,LCE5A,0.000296648632613855,0.00059397319385887
Malignant,SERPINA12,0.000524642472554367,0.000832242499959018
Malignant,OR56A3,0.00012460931990635,0.000449141425174422
Malignant,P2RY4,0.000253333333333333,0.000591686159625638
Malignant,HSFX2,0.00086006996501749,0.00120393571847737
Malignant,TSSK2,0.000437860634525065,0.00079271685033832
Malignant,CCT8L2,0.000505368713973365,0.000862982554341222
Malignant,KRTAP20-2,0.000118940833271,0.000482247150997153
Malignant,SLC19A1,0.279645820988949,0.280023731632411
Malignant,PATE1,0.000202040039955134,0.000580410836821696
Malignant,MRGPRE,0.00010272506082725,0.000496932846054489
Malignant,CHAT,0.000394887134139451,0.00079877777777778
Malignant,SLC25A31,0.0010936312285846,0.00151207680794578
Malignant,NHLH2,0.00987225231059404,0.0102915254171484
Malignant,SULT6B1,0.000251762287056981,0.000672815581034676
Malignant,KCNV1,0.00460520096519025,0.00502969632128033
Malignant,THEG,0.00226467895740623,0.00269176442393275
Malignant,TGM7,0.000880263073625303,0.00130741760708184
Malignant,SPANXB1,0.000830876383245279,0.00125821928215485
Malignant,ADIG,0.000252877258603733,0.000685096082804116
Malignant,SEMG2,0.000141832388367042,0.000574398216939078
Malignant,FRMPD3,0.0166223720319023,0.0170550956443086
Malignant,OR13G1,3.10406842855576e-05,0.00047680738321149
Malignant,SSMEM1,0.000750801886854047,0.00122339894879031
Malignant,ZNF502,0.109558735953879,0.110042312252882
Malignant,NUTM2F,0.000138513218048101,0.000636593954333373
Malignant,ERCC2,0.279755278462271,0.280256669747938
Malignant,LIPJ,0.00153500013642842,0.00205172682477864
Malignant,CEACAM20,0.000765314136001259,0.00128218874474017
Malignant,EIF4E1B,0.000923558197547793,0.00144369758367479
Malignant,TUBA3E,0.00395899844285037,0.00448115982655149
Malignant,NAT16,0.00411114195771546,0.00463929025897454
Malignant,OR2L8,0.000165219123505976,0.00070151069411958
Malignant,ADAM21,0.00243449329378664,0.00297086741562169
Malignant,RHO,0.000610011588647003,0.00114816326530612
Malignant,TCP11,0.00848180971544056,0.00902122974130553
Malignant,CC2D1B,0.255926800856971,0.256468090344679
Malignant,SPEM1,0.000175751040284862,0.000724371295618706
Malignant,RNF168,0.963941265376454,0.964516429524284
Malignant,NR2E1,0.00350778487084514,0.00409273179845035
Malignant,FAM53A,0.036336082225598,0.0369215998818026
Malignant,KRTAP5-5,9.13655113910863e-05,0.000680846970383396
Malignant,KRTAP3-3,0.000247218363915491,0.000840123092410979
Malignant,SAGE1,0.00158354807208941,0.00217880184331798
Malignant,CHRNA10,0.0299153340308878,0.0305117574151868
Malignant,NAA11,0.00201806356865625,0.00261603434701309
Malignant,LRRC41,1.105182371353,1.10580756743054
Malignant,ACTL7B,0.000542347912445277,0.00118655111074246
Malignant,FOXR1,0.000257590546954458,0.000910707232068796
Malignant,CCDC38,0.010823975259713,0.0114788929565593
Malignant,SMIM21,7.85401459854016e-05,0.000733918654690537
Malignant,IFNA5,0.000120028489851185,0.000778157996570796
Malignant,FMR1NB,0.00473365743109876,0.00539464373827179
Malignant,STPG3,0.000758189227304156,0.00142308186060753
Malignant,PRR32,0.000110024330900243,0.000778923547400613
Malignant,TAS2R10,0.00407029711910607,0.004745267839069
Malignant,TEX55,0.000291000137341228,0.000976317686713162
Malignant,ZAR1,0.000533441728731774,0.00123096496443299
Malignant,ASB12,0.00325123167259669,0.00395634681869254
Malignant,DCST2,0.0211353318819465,0.0218437042201853
Malignant,ZNF780B,0.232424532961969,0.233136652467093
Malignant,VGLL2,0.000185839416058394,0.000901427535080544
Malignant,RNASE13,0.000707686540513562,0.00142417106705077
Malignant,SMIM9,0.000381440648488423,0.00110953155416905
Malignant,LYPD6,0.0769660343009825,0.0777006756599834
Malignant,BANF2,0.000779112556977829,0.00151469091284783
Malignant,ADCY10,0.0126382495017449,0.0133783086011303
Malignant,HTR5A,0.000365498783454988,0.00111081273715516
Malignant,OR6C76,0.000316491751142914,0.00106719022689
Malignant,FEZF2,0.000202956726062267,0.000953812333192865
Malignant,KRT28,0.000277488904877037,0.00103237636409212
Malignant,KRT25,0.000273362528560548,0.00103269695573866
Malignant,OR5B12,3.00925925925926e-05,0.000790398232434565
Malignant,OR13C3,3.59610705596107e-05,0.000800875348497073
Malignant,LIPM,0.000178120128655846,0.000959153190029813
Malignant,CALN1,0.0345848921200156,0.0353746489397327
Malignant,TMEM270,0.0149091144614709,0.0157065426271578
Malignant,IL25,0.000150569748301493,0.00094970501799798
Malignant,CDRT15,0.000641926970523601,0.00144347987654062
Malignant,HSFX1,0.000643929636255218,0.00144886594118139
Malignant,OR2H1,0.000248272506082725,0.00105768757684095
Malignant,KRT39,0.0011504833413507,0.00196567485436392
Malignant,MYH1,0.000276144469525959,0.00109883210442875
Malignant,USP17L2,0.000144098588749752,0.000969286897381639
Malignant,TACR3,0.000696260711362047,0.00152348096340271
Malignant,VCX,0.00611603251780819,0.0069470401535282
Malignant,CCER1,0.00026118664281455,0.00109879538795883
Malignant,ESPNL,0.0150857900536894,0.0159299028102219
Malignant,SPATA46,0.000422593785312845,0.00127296946113242
Malignant,KRT37,0.00049363264449806,0.00135520804275236
Malignant,TCHHL1,0.00125840387850521,0.00213709325765699
Malignant,KRT71,5.34347048300535e-05,0.000937445448004861
Malignant,SPEM2,8.93864991398093e-05,0.000976210375155068
Malignant,DPRX,0.000459402415766052,0.00135026632589359
Malignant,ARR3,0.000745799264727869,0.00164527398294158
Malignant,SCML2,0.0542766747750312,0.0551768265651112
Malignant,KRTAP11-1,7.8207243801303e-05,0.00098316326530612
Malignant,FOXE3,0.0024807223845642,0.0033902305479435
Malignant,GABRA3,0.0115012635681782,0.0124110719804165
Malignant,TEX43,0.000777017741129435,0.00169097436745906
Malignant,CCDC116,0.00451522005114243,0.00543535863716766
Malignant,GOLGA7B,0.0866296913769571,0.0875504651293152
Malignant,SSX5,0.00172918914059691,0.00266347584844342
Malignant,IZUMO3,7.56104159621236e-05,0.00101364112078413
Malignant,DMRTC2,0.000153138686131387,0.00110233799800409
Malignant,OR51B4,0.000364535608166395,0.00131407079646018
Malignant,MYH2,0.000110960535778497,0.00106753991924725
Malignant,SH2D7,0.00093270384728318,0.00190212664415857
Malignant,SP7,0.000841131787126931,0.00181187611287246
Malignant,ART1,0.000227931873479319,0.00120350054548142
Malignant,OR2AK2,5.37290078941897e-05,0.00104302989061175
Malignant,RHOXF2B,0.000119583782811938,0.00110984734628503
Malignant,OR2L3,0.000260143112701252,0.00126633928571429
Malignant,PIRT,0.000807321373770252,0.00181367156400911
Malignant,CCDC83,0.00294255437050686,0.00395131885784096
Malignant,STXBP3,0.830354739777264,0.831368040026633
Malignant,VSX2,0.000392652068126521,0.00140733604083179
Malignant,GRXCR1,0.000117052095150429,0.00113429127721935
Malignant,GAGE1,0.0052228407548969,0.00624961605481359
Malignant,LRTM2,0.000729291145712396,0.0017626562719483
Malignant,NXNL1,0.000502455501960452,0.00153999642961374
Malignant,PRAMEF1,0.000196332254584682,0.00124246333615872
Malignant,KCTD4,0.0019672139089616,0.0030270561306563
Malignant,FAM98B,0.456515893409058,0.457576468070522
Malignant,UGT8,0.314684802745691,0.315746668676681
Malignant,CLCN2,0.101113198805975,0.102181341687322
Malignant,SP5,0.0505215997117637,0.0516063295888356
Malignant,TAAR1,3.25060827250608e-05,0.00112627924541893
Malignant,SCNN1D,0.0360743058527369,0.0371700497908559
Malignant,OR14I1,0.000134294330518697,0.00123106380802976
Malignant,TRHR,0.000316917955747014,0.00141434513974158
Malignant,IRGC,5.64191920497042e-05,0.00115408716922232
Malignant,MLNR,0.000146652236110314,0.00124483585864684
Malignant,SLC25A2,0.00100484477252573,0.00210816604074862
Malignant,DSG4,0.00113639830995058,0.0022438391463377
Malignant,OR2T8,0.000576224865149609,0.00169663857678766
Malignant,PRSS54,0.000402721129000199,0.00152895211926578
Malignant,PAX4,0.000271601056097778,0.00140826808907247
Malignant,ZSCAN5B,0.00139449408273895,0.00254083650190727
Malignant,TRIM49C,0.000140918306499702,0.00128939145500081
Malignant,AMBN,0.000311344797499309,0.00147699339481556
Malignant,DEFB126,0.00117538105947026,0.00234330619839398
Malignant,INHBC,0.000893012556311704,0.0020787764775033
Malignant,C3orf22,0.000700643566036514,0.00189739913883854
Malignant,OR2AG2,0.00172112959475673,0.00292361153955064
Malignant,OR2B2,0.00010359173126615,0.00131033163265306
Malignant,ETDB,9.47689700966248e-05,0.00130516246112387
Malignant,S100G,0.00109632326501258,0.00231248366201124
Malignant,MYL1,0.00117696207137761,0.00239636124092443
Malignant,ZNF705D,0.00135023881893183,0.00257135516450133
Malignant,SLC25A41,0.00482003902620906,0.00604710482112046
Malignant,TPH2,0.00157551748108244,0.00280324704352641
Malignant,AGAP5,0.0939576534345959,0.095187814871981
Malignant,LHFPL1,0.00650801504250154,0.00774770938020191
Malignant,OR2B11,0.00066623348069781,0.00191019736842106
Malignant,TMEM235,0.00042370276091639,0.00166887646546799
Malignant,GABRA1,0.00130123150602925,0.00254681338888647
Malignant,CDRT15L2,0.000138221383120062,0.001386566259133
Malignant,TEX28,0.000313701668311224,0.00156292672297995
Malignant,KCNG4,0.000250651743976987,0.00150427624533159
Malignant,MYADML2,0.00215162846358412,0.00340561084993114
Malignant,MYH6,0.000106482859445088,0.00136584727892023
Malignant,OR13C5,8.72027114565984e-05,0.00135036658777729
Malignant,WNT8B,0.00216139999535485,0.0034302562525971
Malignant,KIF21A,0.875339394887249,0.876608831564282
Malignant,FKBP6,0.0202691832348201,0.0215436850782748
Malignant,VCX3B,0.00292377810895715,0.00420152144227931
Malignant,GPX5,8.72130389121291e-05,0.00136773604664327
Malignant,OPALIN,0.000209367918902803,0.001492676234805
Malignant,TECTB,0.000206108129596502,0.00148980118122776
Malignant,IFT46,0.364752315296352,0.366045609927615
Malignant,ZNF560,0.0037094861266836,0.00500561605820324
Malignant,ZNF705G,0.00117828960250636,0.00247595851289597
Malignant,LRIT3,0.00399238071201805,0.0052909500568892
Malignant,OR2L2,0.00205140215057033,0.00335025604140162
Malignant,FOXD4L6,0.000414952595936794,0.00171657878803846
Malignant,IL36RN,0.00377607281234008,0.0050780054097826
Malignant,LIPI,0.00140518248831356,0.00271183522972937
Malignant,SPACA5,0.000472366529282086,0.00178010995141931
Malignant,SOX3,9.6332417449988e-05,0.00141362169444891
Malignant,TERB2,0.000650549472433475,0.00196924073493716
Malignant,HCN1,0.00460175182481752,0.0059271725363217
Malignant,OR10A5,6.28168824163968e-05,0.00139848235904531
Malignant,C1orf185,3.11922141119221e-05,0.00137612326637973
Malignant,CPSF4L,0.0020106638839197,0.00335635646580398
Malignant,GCM2,0.000855654677311802,0.00221006680662832
Malignant,ASB13,0.306425598192654,0.30779894253591
Malignant,CYP2D6,0.0510233498871332,0.0523980318945223
Malignant,PANX3,0.000505671483172779,0.00188685587404564
Malignant,RAVER2,0.223256027131921,0.224637782460426
Malignant,TOPAZ1,0.000338514023916006,0.00172108489838189
Malignant,OR2C1,0.000263568097264005,0.00165122239708175
Malignant,KCNJ4,0.000187277252226051,0.00157507050197406
Malignant,MAGEA6,0.0148984877816605,0.0162863361936948
Malignant,FBXL14,0.0490314292132581,0.0504204164808533
Malignant,NLRP5,0.000380552094316112,0.00177284451639983
Malignant,GOLGA6B,0.000502915921288014,0.0019023945615499
Malignant,FIZ1,0.139746923751449,0.141150119239354
Malignant,C4orf17,0.000786459614168159,0.00219012378674907
Malignant,PPP3R2,0.000254298844166222,0.0016644363938138
Malignant,ZNF729,0.00773810139885176,0.00915207184415251
Malignant,BRS3,0.00040557854169538,0.00182688610172385
Malignant,TRIM77,3.54501216545012e-05,0.00146227521332818
Malignant,RBP3,0.000369316239316239,0.00180089154895561
Malignant,OR1Q1,0.000167742163616708,0.00162212419007155
Malignant,PLSCR5,0.000240903622186087,0.00169647350852304
Malignant,GRPR,0.00453931122064742,0.00600259249600856
Malignant,TENT5D,6.34523708781137e-05,0.00152819675739908
Malignant,C2orf78,0.000422064602702962,0.00189783611561411
Malignant,OR6A2,0.000821003776585171,0.00230034703348238
Malignant,TBC1D28,0.00028380684159912,0.00176671786018379
Malignant,PSG6,0.000406028946611713,0.00188990871957627
Malignant,NWD2,0.00273374910378197,0.00422183980913217
Malignant,CDCP2,0.000478967796076787,0.00196814211930815
Malignant,TADA2B,0.281436723599398,0.282926933664204
Malignant,KRTAP5-7,0.00144907759723359,0.0029475614141196
Malignant,TLE6,0.0706023274104325,0.0721081518741141
Malignant,OR10A4,0.000437315081956563,0.0019484271711096
Malignant,POTEC,0.0024931788909592,0.00400629268401823
Malignant,KRTAP13-2,8.92418169672681e-05,0.00160391804867759
Malignant,ODF4,0.000128684389444092,0.00165798615137182
Malignant,IGSF11,0.0221196942796536,0.0236503118116454
Malignant,KSR2,0.0610743287978486,0.0626072004966519
Malignant,KRT40,0.00331857217203953,0.00485490423380428
Malignant,CIB4,0.00112294459716821,0.00266171933077192
Malignant,GRM1,0.0046510657429467,0.0061994617767358
Malignant,GABRA5,0.00165159497135038,0.00320011327304981
Malignant,RNF151,0.00100868612304947,0.0025586137001466
Malignant,ZSCAN10,0.00105395990650845,0.00260987673855786
Malignant,CRYGA,5.97566909975668e-05,0.0016219196078234
Malignant,ODF3,0.000254748558934605,0.00181850105351875
Malignant,DNAJB8,0.000137248291981302,0.00170345802522836
Malignant,FGF17,0.00434967930949521,0.00594230438568964
Malignant,FRG2B,0.00017161135373117,0.00179211285098931
Malignant,KLHL1,0.00106815669850625,0.00269119605104582
Malignant,GCLC,0.610613863551492,0.612239969583296
Malignant,CT55,0.00131903731652963,0.00294857761468921
Malignant,CT45A3,0.000191322771625918,0.00184317355843658
Malignant,KRBA2,0.100297578774568,0.10195041500858
Malignant,CLEC2A,0.000598623902391055,0.00226903334003827
Malignant,LY6G6F,6.34523708781137e-05,0.00173707388078688
Malignant,RBMXL2,0.000431083548248088,0.00211297026380437
Malignant,CCDC27,0.00131833705245562,0.00300886436766045
Malignant,ASB17,6.81773007354404e-05,0.00175981475968115
Malignant,GHRHR,0.00123089514885806,0.00293307336364418
Malignant,OTOP3,0.000955518260523394,0.00266643091368739
Malignant,CENPL,0.258542548158912,0.260271113108715
Malignant,RNF113B,0.000577732059839508,0.00230748683234603
Malignant,RGS21,0.000185499820208558,0.0019214215746184
Malignant,TMIGD1,0.00111088849260464,0.0028531729584465
Malignant,PRSS38,0.000579172749391725,0.00232737591444411
Malignant,CPLX4,0.000541514029392224,0.00229535397454109
Malignant,CPNE6,0.00253755897685564,0.00430687019429623
Malignant,OR51B5,0.000382408475820833,0.00215560614160845
Malignant,IRS4,0.00166607755880483,0.00344117021574048
Malignant,POLR2J2,0.241450085678393,0.243233432398397
Malignant,FGF21,0.000276939483342324,0.00207252161853293
Malignant,OR8A1,0.000737228226319134,0.00253973756991632
Malignant,OR51Q1,5.56012721129e-05,0.00186504687264154
Malignant,ASB10,0.000258000719165768,0.00209793267934266
Malignant,OR13D1,0.000877783179387458,0.00272980934559139
Malignant,TAS2R13,0.000989745273529007,0.00284768963054448
Malignant,OPN5,0.000381000539374326,0.0022402486737394
Malignant,NMBR,0.000362781915451589,0.00222259259259259
Malignant,TAS2R42,3.34225243996052e-05,0.00189551539657907
Malignant,OR9A4,0.000638313197026022,0.00250215385708572
Malignant,MS4A12,0.000647839754368009,0.00251481802080465
Malignant,FOXN4,0.00173264279385544,0.00360012679457942
Malignant,USP26,0.000529751749257163,0.00240536319814056
Malignant,CSN2,0.000750982628090991,0.0026387039752407
Malignant,PDZD9,0.00514517979790145,0.00704010954882186
Malignant,ING5,0.511955081860618,0.513853215780587
Malignant,CGB3,0.000460117486625407,0.00237166688510786
Malignant,TMEM89,0.0015013280596863,0.00341625016190793
Malignant,MAGEA8,0.000601012782884341,0.00251627450980393
Malignant,TBR1,0.00268953323774965,0.00460612350272802
Malignant,PABPC1L2A,1.81508515815086e-05,0.00193476998072464
Malignant,ADAM11,0.0127101681215721,0.0146425215593941
Malignant,BTNL2,0.000161496429798039,0.0020981665750359
Malignant,CSH2,4.93885927054243e-05,0.0019944379913639
Malignant,PTK6,0.369676198180299,0.371623007636686
Malignant,TMEM138,0.691336969645063,0.693285711610261
Malignant,ODF1,0.000430839407164843,0.00238165505992856
Malignant,BEAN1,0.02633577725305,0.0282896936082579
Malignant,AKAIN1,0.000297835207368064,0.00225317646496606
Malignant,OR52N1,0.000549955499046408,0.00252415679417165
Malignant,SSTR5,4.33576642335767e-05,0.00202125835436186
Malignant,VPS26B,0.616598414684411,0.618576429006796
Malignant,KRT12,0.000665253797638006,0.00264461598932796
Malignant,C14orf39,0.0154044958988382,0.0173883021390374
Malignant,GABRR3,0.000497574666838069,0.0024837106974795
Malignant,CXorf58,0.0051219537950083,0.00711013914101182
Malignant,TMEM145,0.0240169795510612,0.0260145444232339
Malignant,FANCM,0.154071853733833,0.156072109060819
Malignant,MTNR1A,0.0004523388231024,0.00245703461209915
Malignant,RTN4IP1,0.163726577179682,0.165733418109155
Malignant,GHSR,0.000431112975978181,0.00244741022604729
Malignant,KCNJ9,0.00156197676240981,0.00360485231306135
Malignant,H1-6,0.00187734645100226,0.00392026762843299
Malignant,OR10A2,4.85352403929003e-05,0.0021052740309635
Malignant,OR2D2,0.000392667575789364,0.00245379443339495
Malignant,OR4M2,8.11141932501155e-05,0.00214418820860412
Malignant,PLIN1,0.00614345129325551,0.00821050819470209
Malignant,CHRM4,0.000497687246408598,0.00257259971814067
Malignant,ZNF221,0.0428478714086551,0.044925429588409
Malignant,OR2AE1,0.000359822934954629,0.00244223191369234
Malignant,HRH3,0.000333625212329581,0.00241723360522907
Malignant,ANKRD34B,0.00781763495795656,0.00990229577022536
Malignant,IQCJ,0.00111499910104279,0.00321259436132517
Malignant,OR52N5,0.000416727221872596,0.00252096050949068
Malignant,PITRM1,0.537923501483867,0.54003345937676
Malignant,HS3ST5,0.0125018945163963,0.0146146525241787
Malignant,C20orf173,5.47763864042934e-05,0.00218391939871655
Malignant,HELT,0.000991815067142534,0.00315075984452047
Malignant,CASKIN1,0.0200394642299639,0.0222047578244119
Malignant,RCBTB1,0.29305916079884,0.295230202645369
Malignant,DDI1,6.4369212356945e-05,0.00223739550556975
Malignant,OR51I1,0.000719345189667589,0.00289711365722791
Malignant,TBX20,0.00287998194130926,0.00506989299554781
Malignant,CMTR1,0.335930339278719,0.338125052083693
Malignant,AWAT2,0.000260011577852352,0.00246420136542313
Malignant,C18orf63,0.00039926570859121,0.00260838083570512
Malignant,C2orf66,0.00216618318367747,0.00438061198815621
Malignant,KRTAP4-1,0.00258270207080828,0.00480043243855024
Malignant,KRT32,0.00162477909916919,0.00384559334556574
Malignant,TSPYL6,0.00082348068029994,0.00306349345754426
Malignant,OR1L8,0.000136032459699528,0.00238336412027918
Malignant,TGM4,0.00674438100499116,0.00899608553165588
Malignant,FAM25G,0.00145655253412606,0.00371663359297538
Malignant,TMC2,0.000931099456542685,0.00319730261089252
Malignant,KNCN,0.00024725866457803,0.00251995705960248
Malignant,GALR3,0.00334535341460807,0.00562021173038077
Malignant,POMK,0.0415366675749232,0.0438153525332164
Malignant,OR52H1,0.000880601535831146,0.00316269415610921
Malignant,PABPN1L,0.00124003021094016,0.00352305119244878
Malignant,TEX38,0.00267990941622461,0.00497234743079301
Malignant,ATRNL1,0.0377211514818165,0.0400249517479167
Malignant,FBXO47,0.00217368537228516,0.00448716063747471
Malignant,CGB2,0.000319661319073084,0.00264024317793494
Malignant,ARL13A,0.0019527431029057,0.00427445333506955
Malignant,GUCA1C,0.00037138306588315,0.00269774415146181
Malignant,CHRND,0.000830119561308881,0.00315662236221146
Malignant,SPINK9,0.0039153337152385,0.00624394577681624
Malignant,HHLA1,0.00151819547697171,0.00385344064446299
Malignant,INSL5,0.00148665271638483,0.00382674963907766
Malignant,TIGD2,0.118338397513818,0.120682807263477
Malignant,SLC18A3,0.00383013605178983,0.00618883041383904
Malignant,GSX2,0.000329966192869009,0.00270878384003458
Malignant,RAB40A,0.00439704064792901,0.00677920614713153
Malignant,C16orf96,0.00220663112920158,0.00459103023724675
Malignant,CTXN2,0.0041665022845876,0.00656748673562287
Malignant,TTLL2,0.000149883642210375,0.00255620915032679
Malignant,N6AMT1,0.240932240740488,0.243340983231324
Malignant,H2BW2,0.00144596170436351,0.00385780163546774
Malignant,RBPJL,0.00144209749023557,0.00385759216628876
Malignant,C10orf62,0.000185810696454261,0.00260137391285705
Malignant,GABRB2,0.0294921370095582,0.0319108289199306
Malignant,OR10AD1,0.000394181922745136,0.00282066571947466
Malignant,NRAP,0.00180698490626006,0.00423899504789466
Malignant,TAS2R3,0.000685324661701458,0.0031326268593456
Malignant,TAS2R5,0.00357298558632748,0.00605009427826754
Malignant,DPPA5,0.000554083639784486,0.00303605068114347
Malignant,ADAM2,0.000844655255973947,0.00334163291076251
Malignant,STH,0.0021451202673969,0.00465152995103837
Malignant,TRIML1,0.000375362896746346,0.00288292203416812
Malignant,SMCO1,0.00074644887442429,0.00326231209762647
Malignant,DDX53,0.000968452752179041,0.00348480859569437
Malignant,MED27,0.498701097851871,0.501221991520251
Malignant,POTED,0.000449124095248086,0.00297482157373389
Malignant,OR2T10,5.93361160803019e-05,0.00258521703441037
Malignant,OR1K1,2.8661800486618e-05,0.00255536385088733
Malignant,PRPS1L1,0.000889903516613991,0.00341753117691017
Malignant,EBLN1,0.00014043331345657,0.00267090267752627
Malignant,MANSC4,0.00197295546623254,0.00450360982668655
Malignant,C1orf100,0.000496694214876032,0.00303022473601579
Malignant,TRPC5OS,0.00200729534577861,0.00454435644246167
Malignant,UCP1,0.0019042584107516,0.00444295090065241
Malignant,PDHA2,2.49148418491484e-05,0.00256851851851852
Malignant,H1-8,0.000382803963370564,0.00292940374086122
Malignant,GRIK5,0.0221394723080051,0.0246884492711685
Malignant,HOXC13,0.00916478999096555,0.011713914811452
Malignant,LHX3,0.00122275071434822,0.00377255134902194
Malignant,LHX2,0.0165843464796485,0.0191396287475383
Malignant,UBE2U,0.00137455047995143,0.0039371891403448
Malignant,CCDC172,0.000174128011506652,0.00275040894719938
Malignant,CBLL2,0.000212254025044723,0.0028055908848772
Malignant,KRT26,0.000125179791441927,0.00272168526380849
Malignant,LIPF,0.000572600412182715,0.00317258808309622
Malignant,SLC6A5,9.94228456913827e-05,0.00270269373331068
Malignant,GAMT,0.906548898549531,0.909154216908156
Malignant,ZRANB3,0.138751180213508,0.1413680730087
Malignant,DEFB132,1.84914841849148e-05,0.00264313139690713
Malignant,ALKBH8,0.133132228181606,0.135767172924064
Malignant,TSSK6,0.0182097948100089,0.0208471928765232
Malignant,FAM9A,0.00241370502882131,0.00505620474334263
Malignant,RHOXF2,0.000313653349234745,0.00296393639167103
Malignant,HSD17B3,0.0175850166541751,0.0202373093678566
Malignant,ZBTB12,0.013462131435696,0.0161193930855905
Malignant,CCDC157,0.191446379543537,0.194106621758374
Malignant,MSTN,0.00615326341102743,0.00881623333519488
Malignant,FOXD4L5,0.00237095218407695,0.00503885101816133
Malignant,OC90,0.000360803798707656,0.00303618827061309
Malignant,PROK1,0.000690412650242163,0.00336586419753087
Malignant,OR13A1,0.00223341289607333,0.00491106348241382
Malignant,TDRD5,0.0246633863516679,0.0273425308463564
Malignant,IFNK,0.00104613138686131,0.00373605820739113
Malignant,CALML6,0.00268708200890019,0.00538307544374705
Malignant,HTN3,4.50039330001851e-05,0.00274370105759271
Malignant,RGS8,0.000660160737977423,0.00336064711524394
Malignant,NTSR2,0.00064097041509298,0.00334788580206339
Malignant,ADAM29,0.00233419244874563,0.00504645166941537
Malignant,ACTR5,0.218729052692937,0.221459416817065
Malignant,CFC1,0.00040168831043625,0.00313533204894001
Malignant,CRH,0.000437029547466738,0.00318133802686988
Malignant,CALHM4,0.000586746506115748,0.00333661933815819
Malignant,TMEM253,0.0271027505496563,0.0298543494775398
Malignant,GAST,0.00331232869302966,0.00606572479905634
Malignant,C3orf20,0.00272130124805609,0.00548045884705751
Malignant,SPRR4,0.000277760350425163,0.00305590060472438
Malignant,B3GNT4,0.0394181894856262,0.0421975714745669
Malignant,HHIPL2,0.00776619279121416,0.0105566841692958
Malignant,CRYBA1,0.00138519018847529,0.00418209604721161
Malignant,SPATA16,0.000586708584596859,0.00338588451091567
Malignant,TRPC5,0.00164298561151079,0.0044461390376808
Malignant,POTEG,0.00219105357445417,0.00499722645990211
Malignant,PKDREJ,0.00286151666420696,0.00567300696635059
Malignant,SATL1,0.000703652288526572,0.00352417725261739
Malignant,TRPC7,0.000475133819951339,0.00330257948087327
Malignant,FOXD4L3,0.000482842377260982,0.00332180358686821
Malignant,CA7,0.00183956196274771,0.00467926768711852
Malignant,TRIM62,0.0818814019873156,0.0847253067346196
Malignant,PROKR1,0.000411759188739387,0.00326336138493017
Malignant,TMEM151B,0.00230515242451938,0.00518425275987776
Malignant,CPSF2,0.659046906049744,0.661935431324702
Malignant,KRTAP5-2,0.00211794384367374,0.00500732672709246
Malignant,RC3H1,0.923647678056031,0.926542574415462
Malignant,RGPD4,0.010865878847161,0.0137634823710413
Malignant,C11orf42,7.06837606837607e-05,0.00298083333333334
Malignant,RSPH6A,0.00076198595955682,0.00367263586058525
Malignant,COX8C,0.00669599662225313,0.0096100362002625
Malignant,ADAM7,0.000472410935675511,0.00338935841630357
Malignant,EPX,0.00128961439077718,0.00421346391731453
Malignant,RIMBP3,0.00121936241753445,0.00415064120522315
Malignant,ACTA1,0.0157115910903804,0.018690637254902
Malignant,OR8D4,8.53309481216459e-05,0.00306438730635539
Malignant,DRD3,7.40389584575631e-05,0.00305699856266788
Malignant,PSORS1C2,0.00751128668171558,0.0105005345135948
Malignant,SLC35F4,0.00327406957928803,0.00626704667913102
Malignant,DDX4,0.000959535086390034,0.00395470820389028
Malignant,AMELX,0.000342268706905336,0.00333910724830232
Malignant,UBL4B,0.00133309599491418,0.00434502116974505
Malignant,CRISP1,0.000149238856492102,0.00317693260319021
Malignant,ZNF555,0.109480075789102,0.112513371528536
Malignant,TDRD12,0.00745619047619048,0.0104910176817758
Malignant,KCTD18,0.275606275316522,0.278646367255006
Malignant,GDPD4,0.0010290214797136,0.00407137099386396
Malignant,TAS2R60,0.0003659669368503,0.00341746642319987
Malignant,ITLN2,0.00521459712254552,0.00827674808271863
Malignant,OR8S1,0.00144438652256834,0.00451341648119708
Malignant,PRB1,0.000506799097065463,0.00357630217429308
Malignant,DYTN,7.17136117075374e-05,0.00314375655882601
Malignant,GUCY2F,0.000712068126520681,0.00379429799718684
Malignant,MRGPRX3,0.0125967930029155,0.0156818367756253
Malignant,PXMP4,0.446215500573262,0.449304152985247
Malignant,HTR3C,0.000553030192265516,0.00368915848568424
Malignant,C17orf78,0.00141909565029139,0.00456421455385508
Malignant,ABCC12,0.000717165382346232,0.00386351645169571
Malignant,SAXO1,0.00966283011191219,0.0128137415612002
Malignant,PSG9,0.00139831435511092,0.00456289693454343
Malignant,RIMBP3B,0.000688977847842318,0.00386056698030623
Malignant,ZGRF1,0.110566739140324,0.113738625344859
Malignant,PFKFB1,0.00518430503961201,0.0083638302768535
Malignant,RGS9BP,0.00735628562065262,0.0105383966943345
Malignant,TAS2R31,0.0165782975006375,0.0197776019117723
Malignant,GJA8,0.0002004174776452,0.00340513926293409
Malignant,CIT,0.22794409078974,0.231149652543963
Malignant,CYP2A13,0.00087314318390111,0.00408361697616714
Malignant,GABRB1,0.00568292916706605,0.00889411685051574
Malignant,RFX6,0.0023559238647579,0.00556941700280099
Malignant,RAD51D,0.259319977923663,0.262553049322761
Malignant,UMODL1,0.00943738332940798,0.0126730921462457
Malignant,AMY1A,0.00292287220894794,0.00616043812635486
Malignant,LRRC14B,0.00148858324343762,0.00474142585468592
Malignant,GAGE10,0.00082392613256055,0.00407809136404661
Malignant,OTX2,0.00241012165450122,0.0056648196773955
Malignant,PNPLA5,0.00200031516427782,0.00525866665188958
Malignant,CTAGE15,0.00150955114677927,0.00477114652092373
Malignant,C16orf92,0.00019352798053528,0.00345814950980394
Malignant,RBFA,0.622374410431135,0.625641570040154
Malignant,ZNF704,0.522511959992764,0.525784391566896
Malignant,KREMEN2,0.0885098057147921,0.0917834180802291
Malignant,SYT16,0.0119162399342591,0.0151967413304403
Malignant,LRRIQ4,0.00495437792161093,0.00823905514782395
Malignant,KRTAP4-12,0.000266930277642763,0.00355531405032199
Malignant,VCX2,0.000205424770292054,0.0035132344257455
Malignant,ITPRID1,0.00487803750375137,0.00818632630848414
Malignant,GHRH,0.00226009012792463,0.00559366769004203
Malignant,USH1G,0.00302796460865416,0.00636164882250824
Malignant,PTF1A,0.000357104616340829,0.00369628855898411
Malignant,SMYD1,0.000133011657075402,0.00347583768630596
Malignant,DPPA3,0.00111695531091713,0.00449832736610665
Malignant,ZNF785,0.263281577236543,0.266666048118399
Malignant,GNAT3,0.00177936739659367,0.0051833691949989
Malignant,SPDYC,0.00241627684704236,0.00583305420488918
Malignant,METTL25,0.212437117319656,0.215880223924207
Malignant,LRFN2,0.00429864544755077,0.00774208083289487
Malignant,ACSM4,0.00230930700661363,0.0057540720550848
Malignant,TMEM207,8.9458716856711e-05,0.00353617262619985
Malignant,CARM1,0.483898458479632,0.487360428201462
Malignant,PLCZ1,0.00205329260075113,0.0055182857555365
Malignant,TP53TG3D,0.0144591836734694,0.0179249772214098
Malignant,LCT,0.00868734280203542,0.0121592836989526
Malignant,VHLL,0.000652908565793498,0.00415072340331766
Malignant,HSD3B2,0.000487362125929964,0.00399143933911976
Malignant,KMT5B,0.914227259895519,0.917768728255982
Malignant,HIGD1C,0.00107620566651211,0.00462085398128726
Malignant,TGM5,0.00823964674852685,0.011789796981336
Malignant,GLRA1,0.00196415192956952,0.00552162882718916
Malignant,KNL1,0.165679946976921,0.169242612313834
Malignant,C10orf53,0.000908996835713674,0.00447883299511988
Malignant,TOMM70,0.813566272250311,0.8171375921618
Malignant,HTN1,0.00164652863302661,0.0052424738637828
Malignant,OTOR,0.000447860886141829,0.00405136629098816
Malignant,TMEM262,0.00502679460304452,0.00864066689047639
Malignant,SEMG1,0.00051093238050056,0.00412490259561071
Malignant,VRTN,0.00135637938953365,0.00499438116010635
Malignant,NLRP11,0.00713847854604003,0.0107977289710507
Malignant,FRMPD4,0.00725074935960662,0.0109174348041213
Malignant,BCLAF3,0.246408654148746,0.250082743275594
Malignant,EIF4G1,1.89550890964475,1.89918500005862
Malignant,KLHL38,0.000260176903200159,0.0039402086075017
Malignant,MYH7,0.000870530590876116,0.0045535753010001
Malignant,UPF3B,1.00554112057376,1.00922648685577
Malignant,DCTN4,0.776425008410179,0.780175440641992
Malignant,CHRNG,0.00106361983360505,0.00482852698455885
Malignant,PSG1,0.00111424078132894,0.00490553035478434
Malignant,ATOH7,0.00680893176289202,0.0106044705602346
Malignant,CSPG5,0.0274277777055025,0.0312352112611496
Malignant,APOBEC2,0.0189270514545181,0.0227346968503937
Malignant,ARHGEF39,0.165182696053163,0.16899278464623
Malignant,CNTF,0.00445820897053064,0.00827062455561319
Malignant,MTO1,0.419930964834824,0.423743764628949
Malignant,SLC25A46,0.704981768695309,0.708795021858436
Malignant,ZNF732,0.0118939682539683,0.0157109411149555
Malignant,ZNF728,0.00758155978805195,0.0113994631054792
Malignant,CLRN1,0.000365393894891429,0.0041866049382716
Malignant,CYLC2,0.000235027065033133,0.00406743458669133
Malignant,OR56A1,4.29119459352018e-05,0.00388385407181445
Malignant,CYP2C19,0.000767949165016127,0.00460981111766405
Malignant,TRIM43,0.00185797917496958,0.00572667994690799
Malignant,LIG4,0.179221336878427,0.183093921833325
Malignant,APLF,0.0993948755384478,0.10330329931707
Malignant,ZNF501,0.0748943324801689,0.0788053941968723
Malignant,TAS2R50,0.000972607533263555,0.00489377808818005
Malignant,AQP11,0.134277642406333,0.138203886748001
Malignant,ZNF735,0.000580045716557345,0.00451074378310335
Malignant,FBLL1,0.014949732231398,0.0188814796804581
Malignant,SMYD4,0.42625185243223,0.430199325235231
Malignant,OR2D3,0.000107364341085271,0.00405607125844361
Malignant,TEX36,5.75138526354353e-05,0.00400644850197846
Malignant,MPPED1,0.00387473748868256,0.00782662415786806
Malignant,SLC22A24,0.000187904530744336,0.00414219940469875
Malignant,SLC25A52,0.00109914235608744,0.00506353593668615
Malignant,MYPN,0.00411762386443353,0.00810590099361587
Malignant,KCNA4,0.000646987646475551,0.00464115138834716
Malignant,KRT24,0.00420869027445221,0.00821477790377185
Malignant,ADAMTS13,0.0473137817825004,0.0513683934404406
Malignant,CNGA4,0.000541272677261632,0.00460780950758771
Malignant,KIF4B,0.00649458797975645,0.0105708259326908
Malignant,PAGE4,0.00246408045977012,0.00654161535805188
Malignant,GPR179,0.00211584676481277,0.00619949147818468
Malignant,MLIP,0.0240780793210795,0.0281712561764552
Malignant,OR1N2,0.000485162110616658,0.00458756935999694
Malignant,RAB40AL,0.0176084994049263,0.0217196212127659
Malignant,SSX7,0.000301060769507372,0.00441654414425065
Malignant,G6PC3,0.922479324904593,0.926608418090643
Malignant,WEE2,0.00229764368801647,0.00642921012609619
Malignant,SOHLH1,0.00313739856615916,0.00728692397040416
Malignant,SH2D4B,0.00736862098789161,0.0115264275053127
Malignant,ETAA1,0.332568611949996,0.336728968098381
Malignant,PNMA8A,0.0989765998075938,0.103159099869782
Malignant,RAF1,1.07055932001437,1.07475187584378
Malignant,NEUROG1,0.000168261244208385,0.0043703293512527
Malignant,DNLZ,0.0809417114102997,0.0851448465430601
Malignant,KRTAP5-8,0.00247867291217178,0.00668548816949404
Malignant,VAX2,0.0529304283604136,0.0571490752983281
Malignant,FOXD4L4,0.000384603458556947,0.0046099523150189
Malignant,TXNRD2,0.4934213367911,0.497655556640165
Malignant,HMGCS1,1.07936330320064,1.08362299626709
Malignant,SCX,0.0820878907431161,0.0863649006395766
Malignant,ZNF512B,0.191289137918307,0.195566938198683
Malignant,SIX6,0.000534215651409106,0.004817064468096
Malignant,YEATS2,0.536128429311634,0.540420526362474
Malignant,DGAT2L6,0.000267601433474777,0.00456509414677149
Malignant,NLRP9,0.00243478574066102,0.00673846102905786
Malignant,USP19,0.31715244402768,0.321481153577321
Malignant,CTAGE4,0.0029395552440202,0.00729551144341706
Malignant,FLRT1,0.00481071211396437,0.00917559475078392
Malignant,DNAJC14,0.327710762368208,0.332076744635455
Malignant,NBPF6,0.000699883135562747,0.00507308489105444
Malignant,RAB41,0.000444903597694295,0.00482511319035499
Malignant,TAS2R30,0.0130344958577732,0.017430368143115
Malignant,DDTL,0.0552248109134901,0.0596301235264154
Malignant,MYBPHL,0.0114830342815582,0.015894830943561
Malignant,SCRT2,0.000680334753141159,0.00511053506647665
Malignant,MBLAC2,0.154305769777214,0.158745228778561
Malignant,MYLK4,0.0172564441230689,0.0217025751905213
Malignant,PSRC1,0.137840644695788,0.142297790941867
Malignant,F13B,0.000113470873786408,0.00458345242569208
Malignant,TERB1,0.00128153845717857,0.00575700107308339
Malignant,CLDN22,0.00743395901794782,0.0119120951978443
Malignant,NSDHL,0.508801420126171,0.513282084506359
Malignant,SLC36A3,0.00130924128011507,0.00579008206167717
Malignant,TBXT,0.000529034978075002,0.0050219536019536
Malignant,FNDC8,0.000893614208231977,0.00538805948270789
Malignant,ZC2HC1B,0.00051891324871499,0.00504240122826165
Malignant,C1orf146,3.68117670443252e-05,0.00456555919731126
Malignant,CHRNB2,0.00226692541697262,0.00680126309033505
Malignant,FGF8,0.00233845460438278,0.00688066666666667
Malignant,KRTAP5-10,0.00400403236335964,0.00854877380677156
Malignant,SRXN1,0.0497870085176815,0.0543388845078213
Malignant,POTEH,0.00120472004230703,0.00579630294684104
Malignant,GLB1L3,0.0384704284641089,0.0430631511824318
Malignant,BEST2,0.00419786924291609,0.00880167160688176
Malignant,FGF4,0.000234938285155457,0.00485049559267436
Malignant,AWAT1,0.000110881216326761,0.00474289984669579
Malignant,OSTN,0.000588301553106396,0.00523016035924831
Malignant,SIX3,0.0165981491459765,0.0212469191591292
Malignant,ZACN,0.0108374465213916,0.015500407065028
Malignant,TRIM50,0.00240464521462543,0.00709501338993418
Malignant,UBTFL1,0.000144369996710166,0.00483646395371506
Malignant,HEPHL1,0.00798506082725061,0.0126841244475871
Malignant,MTMR7,0.0178378201798178,0.0225456769361858
Malignant,H4C13,0.00361507948415679,0.00833344634706714
Malignant,MSH4,0.00493001507117061,0.00967720830429406
Malignant,OVCH2,0.00379675778766687,0.00854958248868587
Malignant,AQR,0.593107153924348,0.597869457311867
Malignant,ARFGAP2,1.063408578919,1.06818968021229
Malignant,CNBD1,0.00105615231301794,0.00583814820245968
Malignant,OCA2,0.0171885972133116,0.0219765799316019
Malignant,IBTK,0.859472519663799,0.864267489478967
Malignant,MAGEA3,0.0322569795021187,0.0370571364187488
Malignant,POU4F1,0.0108686562967928,0.0157123230075722
Malignant,SLC17A6,1.56577568134172e-05,0.00486943727025188
Malignant,SHISAL2B,0.00472284925743734,0.00960569515018089
Malignant,TMEFF1,0.00380016633229478,0.00869071608608381
Malignant,PSG8,0.000374744525547445,0.005268374060902
Malignant,OR52K1,0.00043278060001917,0.00533870555860533
Malignant,SRMS,0.00256816598809406,0.00747982276099496
Malignant,LRRC73,0.0807729900133692,0.0856870416364684
Malignant,FAM76B,0.407291335958778,0.412213011990736
Malignant,NEUROD4,6.58737342696096e-05,0.0049881120999512
Malignant,ALOXE3,0.00979737948278212,0.0147253252621922
Malignant,RAE1,0.90014098776662,0.905084162772483
Malignant,IQCF3,0.000881562387630348,0.00585765812566628
Malignant,GOLGA6A,0.00140592412801151,0.00638855044760043
Malignant,PRSS55,0.00110833547295396,0.00609373918425581
Malignant,CACNG6,0.00555228452981216,0.0105461142630282
Malignant,SYCP1,0.00188988545111006,0.00689827913490865
Malignant,CFHR2,0.000292790363178713,0.00530958307393094
Malignant,CABP5,0.00164743173462197,0.00667692473364746
Malignant,MKRN3,0.0391195343246736,0.0441908462880081
Malignant,SLFNL1,0.00854460777530195,0.0136215541339253
Malignant,SH2D6,0.0130963984679555,0.0181771520978901
Malignant,FRG2,0.00108795976281183,0.006194017371353
Malignant,TMEM179,0.00641193919938083,0.0115208225377935
Malignant,NDST4,0.00143707716046367,0.00655225495066845
Malignant,SH2D5,0.00753803790745579,0.0126552703293646
Malignant,CSRP3,0.00142903398926655,0.00656056084615762
Malignant,SCRT1,0.000585012494759872,0.00571713466797455
Malignant,TBL1Y,0.00198533580739695,0.00712940424062204
Malignant,LMOD2,0.00090737102244458,0.0060619558238159
Malignant,MEP1B,0.00170149067761498,0.00687613281700719
Malignant,MT1B,0.00166207501486983,0.00683892156862745
Malignant,PDC,0.00214684495161671,0.00733107229542755
Malignant,SERINC4,0.0181971176805721,0.0234041494203839
Malignant,VWDE,0.0436741515175561,0.0488815022681615
Malignant,KIN,0.660842817734608,0.666054623977164
Malignant,NDC80,0.268072271320878,0.273292743873627
Malignant,IDI2,0.00759808851380937,0.0128417210574764
Malignant,GIP,0.00134912180623643,0.00662549617065248
Malignant,RETSAT,0.528935436951738,0.534221603568094
Malignant,PSG2,0.00212437608136764,0.00742049831306327
Malignant,CBLN2,0.0146939574809667,0.0199999114260407
Malignant,TSSK3,0.0190610895310218,0.0243760933165425
Malignant,SOAT2,0.0046970394704317,0.0100183413991966
Malignant,NOXRED1,0.0083351418431999,0.0136569710170848
Malignant,PAGE2,0.00839402734117992,0.0137184589017565
Malignant,KCNV2,0.000836783216783218,0.00616132864466245
Malignant,CDK5R2,0.00367001907183726,0.00902945054871108
Malignant,TEX15,0.0261470140127212,0.0315081815791091
Malignant,SPAG11B,9.36739659367395e-05,0.00546335286157999
Malignant,PDE6C,0.00152625671954514,0.00689897856504854
Malignant,KCNQ4,0.0139017459623936,0.0192750389843803
Malignant,LCTL,0.0223611365805687,0.0277396372309214
Malignant,FAM135B,0.00810280313058201,0.0134849094774872
Malignant,SLITRK1,0.000506094618692961,0.00590309022288541
Malignant,C1orf94,0.00168235864051459,0.00709152104482198
Malignant,KCNU1,0.000193161349734881,0.00560366899668826
Malignant,CHD5,0.00663111153581064,0.0120600350656193
Malignant,CDH18,0.0207818953107301,0.0262137299465241
Malignant,SYNGR4,0.00766174128708262,0.0131212350446782
Malignant,ZFP30,0.142487470750677,0.147950581989584
Malignant,MRPS18A,1.22894245177706,1.23440655858423
Malignant,DEPDC4,0.0533452421050362,0.0588589621890737
Malignant,NODAL,0.00360256344183406,0.0091209477069294
Malignant,GYS2,0.00190657019554249,0.0074307661480795
Malignant,DKK4,0.00231982925791255,0.00784565074653119
Malignant,HSD3B1,0.000190132534961359,0.00572227988625668
Malignant,LY6G6D,0.000622073599636636,0.00617147756307049
Malignant,HTR1D,0.0153561450153441,0.0209122222222222
Malignant,RFPL1,0.00117413418287116,0.00674499646917593
Malignant,TMEM196,0.00122129176585471,0.00681854759407052
Malignant,SUN3,0.00741113173319856,0.0130236004642124
Malignant,GGTLC2,0.00908379556543643,0.0146985642852437
Malignant,KCNJ14,0.0786203458207443,0.0842364907931556
Malignant,FAM217A,0.00268263449359124,0.0083071175904983
Malignant,ZNF516,0.327938639410112,0.333567882609202
Malignant,EFL1,0.283497619832618,0.289134480752193
Malignant,GJD3,0.000412951828053873,0.00605571212918307
Malignant,TMC3,0.0012933083659229,0.0069378051197795
Malignant,TMEM63C,0.0219110050617286,0.0275671819716718
Malignant,PRDM4,0.327807408016069,0.333468311549887
Malignant,CCDC175,0.00695696923843574,0.0126291539996685
Malignant,SUCLG1,2.00920150721112,2.01488060048286
Malignant,PAGE2B,0.00717473034200263,0.0128737730423052
Malignant,HTR1E,1.99513381995134e-05,0.00572142741519933
Malignant,PYDC1,0.00971180608162104,0.0154161673278873
Malignant,PLK5,0.00257026099346996,0.00829443425108557
Malignant,KDM4A,0.402296280638349,0.408035111325912
Malignant,USP35,0.0621611830443032,0.0679273084377804
Malignant,GRIN2C,0.0150202799102177,0.020805731765875
Malignant,FHDC1,0.13627869576245,0.142081549061922
Malignant,NUDT19,0.442156730115896,0.447993444924635
Malignant,CORT,0.0128927135523807,0.0187521817628199
Malignant,PRR27,0.00415376978984616,0.0100237446321873
Malignant,GPHA2,0.00459853584960505,0.0104785524422607
Malignant,CAMK2N2,0.0205377877411212,0.0264233182281626
Malignant,SOX1,0.00130908198999516,0.00721892156862745
Malignant,HCN4,0.00200413125492083,0.0079533886556773
Malignant,TRDN,0.00975691251355969,0.0157317944573291
Malignant,MMP26,0.000781561618062088,0.00677011855842149
Malignant,RTL4,0.000213371310574384,0.00622286928104574
Malignant,CFHR4,0.00157809832503068,0.00759274587042519
Malignant,MUC22,0.00355100504030359,0.00958324861879913
Malignant,ADNP2,0.425045731202195,0.431080223971229
Malignant,SMC1B,0.0441177850024963,0.0501636492542868
Malignant,TCEANC2,0.176462869478085,0.182524677858923
Malignant,HHATL,0.00097605819138826,0.00704900328449606
Malignant,NELL1,0.0351133660457515,0.0412010304046246
Malignant,KCNK16,0.000295864177371681,0.00638721743958345
Malignant,MCHR2,0.00100115388649953,0.00709451014073067
Malignant,DSPP,0.000963231776903812,0.00706781784917303
Malignant,WDR87,0.00103718965962032,0.00716490112377211
Malignant,KRTAP5-9,0.00310936431797713,0.00924588157606426
Malignant,OR7E24,0.00137373334731984,0.00753189308787936
Malignant,FAM163B,6.35036496350365e-05,0.0062296930811182
Malignant,LRRC10,0.00119413436692506,0.0073668026630467
Malignant,PRDM14,0.00235158227848101,0.00853138391328531
Malignant,TOP3A,0.302783353074557,0.30897650281135
Malignant,HSF2BP,0.0606232161165007,0.0668221302640043
Malignant,MAGEA12,0.00954531658603486,0.0157506656970272
Malignant,C6orf58,0.00308276584912715,0.00930893474884486
Malignant,TTBK1,0.00914625459616674,0.0153785153381651
Malignant,PRIMA1,0.0279000887822673,0.0341487663222216
Malignant,FBXL19,0.158410694550769,0.164660902043264
Malignant,MYT1,0.0276064343530708,0.0338567271279111
Malignant,SYP,0.109640174563237,0.115898427596506
Malignant,SMTNL1,0.00582893941780379,0.0120966756782045
Malignant,CUZD1,0.0106260858338268,0.0168967981908398
Malignant,TMEM132D,0.00373357664331529,0.0100088751008336
Malignant,TMPRSS15,0.00368584328189423,0.0099986453325063
Malignant,MRPS6,1.98108428174369,1.98740081557338
Malignant,METRN,0.735336774039091,0.741669328127668
Malignant,TAS2R19,0.00601799854817509,0.0123622782204328
Malignant,SPRN,0.0172093504169635,0.0235572834221634
Malignant,ARMC12,0.0136731611089651,0.0200265689446792
Malignant,MMP20,0.000949183147669625,0.0073053488372093
Malignant,ZNF517,0.0640555994464814,0.070423958874716
Malignant,DHX8,0.493781766029834,0.500156308730909
Malignant,TAS2R46,0.00281817593635861,0.0091941959936334
Malignant,GNRHR,0.00200986682568078,0.00838861209433798
Malignant,CSAG1,0.025172082717873,0.0315583635418044
Malignant,MAPK4,0.0173612566107502,0.0237560200281855
Malignant,REC114,0.00254296163784536,0.0089546008375699
Malignant,BTBD18,0.00353728930330027,0.00997210458357954
Malignant,RAB11FIP2,0.449342873388984,0.455784937167489
Malignant,IGSF23,0.00411436522673349,0.0105767397006464
Malignant,HORMAD2,0.00126720614920606,0.00773905170059572
Malignant,KRT34,0.00127910901429123,0.00775997490959868
Malignant,TSBP1,0.00102567337626944,0.00754110655641366
Malignant,GLYR1,0.916871886842969,0.923411169744793
Malignant,CLEC3A,0.000414306377417151,0.00696614811660693
Malignant,SCLY,0.161723641075477,0.168306095690692
Malignant,TBC1D3B,0.00281749266434461,0.00942368258414317
Malignant,EPO,0.00108584869675779,0.00769526246739554
Malignant,FOCAD,0.337067395599818,0.343682318228652
Malignant,C14orf180,0.000527932075284722,0.00716315939055385
Malignant,NR5A1,0.00148439729119639,0.00812469700180827
Malignant,GPR152,0.00111946002328219,0.00777552211681023
Malignant,OTUD7B,0.513829673611496,0.520491852339972
Malignant,ULBP3,0.0114134006136162,0.0180810100625457
Malignant,PAN3,0.900185428759273,0.906857822988719
Malignant,ANP32D,0.00258548049310946,0.00928015786477073
Malignant,FANCD2OS,0.00218651394613246,0.00888119223297577
Malignant,ELFN2,0.0228418135726011,0.0295509678047091
Malignant,OR4D1,0.000530609039796464,0.00730733579513614
Malignant,NAPG,0.816836232685122,0.823620914607028
Malignant,DDO,0.0645253632141348,0.071339353914886
Malignant,ZFP69,0.0617158590446736,0.0685418794600818
Malignant,KCNE2,0.00672379020061967,0.0135650128217715
Malignant,KCNH5,0.00345326368939133,0.010296939875003
Malignant,GRM5,0.0104193445909989,0.0172747143135343
Malignant,ZNF510,0.110064004192884,0.116928263546403
Malignant,CSN1S1,0.000626076467578039,0.00751628419278364
Malignant,S100A7A,0.000907688564476888,0.00781307066877146
Malignant,DCAKD,0.415598267230054,0.422515062310857
Malignant,KLK14,0.00479605916676675,0.0117170430399528
Malignant,EVX1,0.00183444076195335,0.00877525886207068
Malignant,PRH2,0.00599144769334421,0.0129511711697871
Malignant,PNLIPRP3,0.000494795360874149,0.00745591686267823
Malignant,CCDC158,0.00636974725824733,0.0133442324976424
Malignant,OR2A7,0.00148470978724107,0.00846064132870789
Malignant,ASB5,0.00110530695734189,0.00808198893818311
Malignant,TAS2R14,0.04769709984586,0.054676722830558
Malignant,LECT2,0.000865518223241259,0.00785400781327221
Malignant,UROC1,0.00210210846533096,0.00909212872763228
Malignant,GLP1R,0.00172831608861188,0.00875929290457489
Malignant,PSD2,0.00497733932405667,0.0120223324361696
Malignant,CCNJ,0.160906621810459,0.167965274623797
Malignant,CCDC197,0.000805597622927251,0.00786976486578098
Malignant,TAS2R43,0.00322020037797252,0.0102850657711712
Malignant,ARHGAP39,0.134261719388763,0.141329023292393
Malignant,SPATA25,0.00230099551918855,0.00936852581698981
Malignant,TBC1D3,0.000834574623237725,0.00792208085977562
Malignant,SHISA7,0.000378573363431151,0.00746624427373863
Malignant,AATK,0.0879899430174338,0.0950802077075515
Malignant,RAX2,0.00108342956007718,0.00818628106552097
Malignant,KIAA0319,0.0236908311868988,0.03079539899973
Malignant,POTEJ,0.000435884456301011,0.00754978935219709
Malignant,ABCB10,0.256853360099173,0.263987464806405
Malignant,DHX37,0.250241179802322,0.257392584944054
Malignant,PSAPL1,0.000670699774266367,0.00783936654259685
Malignant,ZNF615,0.139219800730312,0.146402011467396
Malignant,NXPH2,0.00187001907183726,0.00906912897910592
Malignant,ZIC4,0.000683468989130956,0.00789866833379539
Malignant,RTL1,0.000392087060226596,0.00764289761650208
Malignant,LRRC27,0.236637834472114,0.243943559986246
Malignant,SI,0.000700462363336437,0.00801606278565835
Malignant,ZNF813,0.104812545956701,0.112129108866169
Malignant,WFDC10B,0.00789145569620251,0.0152126303144028
Malignant,OPN1SW,0.00224864743686233,0.00958321682960051
Malignant,BCL2L10,0.0325396308208081,0.0399049053519527
Malignant,PPP2R2D,0.533601903805502,0.540970609073567
Malignant,FBXW10,0.00776449271540538,0.0151341569487002
Malignant,GOLGA6L6,0.00157027000612581,0.00894690309925916
Malignant,C1QL2,0.000504602670057216,0.00788848896363068
Malignant,QSER1,0.462091499343249,0.469475577851459
Malignant,PAX3,0.0147032872608653,0.0220966666666667
Malignant,ZNF234,0.187896937799232,0.195295203689918
Malignant,KLC4,0.416065728335648,0.423495218743444
Malignant,TRPM5,0.00434428473012482,0.0117941065865461
Malignant,RAB3A,0.151873688529817,0.159351898166775
Malignant,GAD2,0.00238043919527247,0.00989455571350513
Malignant,SMARCAL1,0.273851170729685,0.281373282772929
Malignant,PHF24,0.00760745208793576,0.0151479989011037
Malignant,CNTNAP5,0.0113680161591627,0.0189086632280318
Malignant,ACBD4,0.251389647312603,0.258953267415269
Malignant,HMX2,0.00537773131333276,0.0129487190233167
Malignant,DNAJC21,1.0424718750615,1.05013493878293
Malignant,CNGB1,0.0165553320785819,0.024271193181045
Malignant,C1QL3,0.002811036276715,0.0105723878277042
Malignant,IL37,0.00135778681626796,0.00916266687181179
Malignant,ZNF648,0.00131697125398308,0.00914409915480475
Malignant,EGR4,0.0330458483409324,0.0408843172289396
Malignant,ST8SIA5,0.0136038381465725,0.0214450706727581
Malignant,APOA4,0.000176768952639558,0.00803275630340919
Malignant,STPG4,0.00430043500800571,0.0121582527667829
Malignant,CCDC103,0.00182115792571925,0.00970062061999034
Malignant,DNAJC5G,0.00258175049543359,0.0104794390704938
Malignant,STRC,0.0130810794516052,0.0210097350398651
Malignant,DRD5,0.00086503042667637,0.00879928689754718
Malignant,TRMT44,0.166501398103299,0.174466868384075
Malignant,KRT75,0.00129571165699412,0.00927924032434159
Malignant,SP8,0.00776900154106389,0.015776036231556
Malignant,FAM186B,0.00988459207081327,0.0179459380235916
Malignant,CLPSL2,0.00524344920993228,0.013314110807051
Malignant,NKRF,0.243900329717963,0.251988587001848
Malignant,C9orf131,0.00282930905246001,0.010929508249791
Malignant,DVL2,0.539531147136737,0.547655952859626
Malignant,TSPEAR,0.0065759638826185,0.0147283384693077
Malignant,PGLYRP1,0.00190238045014763,0.0100748179146605
Malignant,APOBEC4,0.00309758189903455,0.0112956500887316
Malignant,MRAP,0.0116390476190476,0.0198439899299919
Malignant,XKRX,0.0169717462815851,0.0251800357298423
Malignant,MTRES1,0.539880132184469,0.548092424208103
Malignant,ACVR2A,0.370790279267005,0.379006432882539
Malignant,TUBA3C,0.00193067449241085,0.0101470932598367
Malignant,ERICH6B,0.000180380302348035,0.00841301005821612
Malignant,PDP1,0.5695897307636,0.577823967742734
Malignant,DSG1,0.00358851474273932,0.0118922436871757
Malignant,ZNF81,0.101772518694453,0.110081715127754
Malignant,SLC1A6,0.00620233236151605,0.0145257880567121
Malignant,PRSS53,0.014932138315753,0.0232878061012298
Malignant,TSSK4,0.00503561159353178,0.0134189161944551
Malignant,BCL9,0.279326121264642,0.287732512198961
Malignant,PDIA2,0.0205697256906041,0.0289805348964218
Malignant,RFX4,0.00447979061772507,0.0128977452175651
Malignant,PRKRA,1.3281493241176,1.33656782119806
Malignant,RNF157,0.286393104380376,0.294817944571044
Malignant,ZNF157,0.00575773381294965,0.0142055647058824
Malignant,DEFA6,0.00047070950762145,0.00893272298632555
Malignant,RTTN,0.146064885839672,0.154533178625545
Malignant,SETMAR,0.236492442853871,0.244966643368624
Malignant,PRR35,0.000564566123254624,0.0090436177680579
Malignant,FBXO40,0.00496058177199159,0.0134396923477769
Malignant,FAM72D,0.0492568047576297,0.0577601450292516
Malignant,SFXN2,0.19216134193544,0.200669258001181
Malignant,POU3F2,0.00580996599357524,0.014322309937743
Malignant,CHIA,0.00184802443926584,0.010363794553611
Malignant,DIS3L2,0.478559761174931,0.487098084968872
Malignant,TBPL2,0.000615322799097067,0.00915815339818344
Malignant,GPR39,0.0875713441654356,0.0961166101929073
Malignant,ALPG,0.00102494886139763,0.00960893864705792
Malignant,SERF1A,0.0651851435974342,0.073773005018283
Malignant,GCG,0.000899747060077931,0.00949060592606211
Malignant,VWA5B1,0.00264065756597227,0.0112405670547543
Malignant,PRR9,0.000474948031732259,0.00908676983177076
Malignant,PAX1,0.0018691894983531,0.0104950069273221
Malignant,RPL3L,0.0102914556962025,0.0189184797175412
Malignant,MTCP1,0.0406146818503804,0.0492531180784618
Malignant,MARCHF8,0.313503417083695,0.322154107584807
Malignant,H4C4,0.0152924570209627,0.023956158623847
Malignant,CDSN,0.00595303728796208,0.014672680648412
Malignant,SLC25A18,0.0255357368869726,0.0342594323577484
Malignant,MINAR2,0.00573567107364821,0.0144607444840997
Malignant,NPY2R,4.95105383121e-05,0.00878454194905875
Malignant,ZNF629,0.223426108545707,0.232161406675682
Malignant,OTOP1,0.000516227840134271,0.0092585367780036
Malignant,TEDDM1,0.00141688617763814,0.0101781479611791
Malignant,MYOT,0.007676182520741,0.0164400736938863
Malignant,RLBP1,0.00181737545004067,0.0105889694327614
Malignant,OR2A4,0.00148335759126512,0.0103253198196779
Malignant,TLK2,0.541392397086502,0.550235451018152
Malignant,SNCB,0.00384623773504174,0.0127087219059966
Malignant,CLCA1,0.000623501603064896,0.00949052713592692
Malignant,CLVS2,0.000581761564320498,0.00946430699030826
Malignant,IL31RA,0.0237226547219249,0.0326316278111786
Malignant,UGGT1,0.72321633821339,0.732171037359924
Malignant,TBC1D3C,0.00161638074083982,0.0105795228292344
Malignant,PDZD8,0.682781973187392,0.691770656460809
Malignant,KLHL41,0.00844215863297927,0.0174921658999254
Malignant,VSTM5,0.0098390505678313,0.0189002103981519
Malignant,ATP2A1,0.0306642806962482,0.0397673323297219
Malignant,CTDSPL2,0.594259435238834,0.603386026624907
Malignant,CNTNAP4,0.0023052364704515,0.0114818830197428
Malignant,RADX,0.0577705539358601,0.0669502711592134
Malignant,TBK1,0.671068558173722,0.680271558141642
Malignant,SPATA21,0.0134551865599362,0.0226862775807623
Malignant,KLRG2,0.020391348904676,0.0296357531834205
Malignant,CHRNA4,0.0013221334346062,0.0106231025359651
Malignant,NUP93,0.608758797053311,0.618076741764455
Malignant,OR2L13,0.0014513842980194,0.0107936972746657
Malignant,ANKRD62,0.0137273206751055,0.0230892333604217
Malignant,GJA9,0.000179198966408269,0.00954614888057378
Malignant,MBD1,0.617338677452481,0.626779957344486
Malignant,MAGEC1,0.00406679854464473,0.0135528359771401
Malignant,CDK6,0.803969776039088,0.813470178539138
Malignant,PRSS56,0.00326445147679325,0.0128004605911374
Malignant,ACSBG2,0.00118162838035843,0.0107413172595072
Malignant,TRIM74,0.00238286225402505,0.0119499157555771
Malignant,NMUR2,0.00521356410063754,0.0147889975910463
Malignant,CTAGE9,0.00287953608741494,0.0124619249941504
Malignant,OR4N2,1.78102189781022e-05,0.00964478048289115
Malignant,FIP1L1,1.03145272780964,1.04110383649747
Malignant,PAX7,0.00167562767369911,0.0113304095685942
Malignant,TMOD4,0.00223879970707032,0.0119168819501114
Malignant,HECTD3,0.282890152152564,0.292578402753313
Malignant,AMER3,0.00489092733047192,0.0146082425626914
Malignant,PSMD9,1.03019754180601,1.03992799537306
Malignant,SLITRK5,0.0288582261653688,0.0385926144808586
Malignant,ZPLD1,0.00387662392115604,0.0136321127563958
Malignant,ACOT6,0.00180650223871862,0.0116401054289772
Malignant,SPTBN2,0.200484633493394,0.21034496107133
Malignant,PRLHR,0.00162777486752867,0.0114977820844862
Malignant,CNMD,0.00530133297715893,0.0151946508317949
Malignant,LRTM1,0.0179810191630628,0.0278828273448748
Malignant,PLD5,0.0237377917576722,0.033642760299438
Malignant,SETD1A,0.228617461540747,0.238541258908718
Malignant,FAM86B2,0.00769367241957769,0.0176533155490213
Malignant,WDR88,0.00176977524496636,0.0117361813347378
Malignant,EXOSC9,0.598657614248072,0.608694259374783
Malignant,CCER2,0.0107456457373308,0.0207927434739606
Malignant,EP400,0.520288074918436,0.530339611387149
Malignant,BCO1,0.044081959611585,0.0541384605791752
Malignant,PHF8,0.376722305790489,0.386788340950604
Malignant,CDC20B,0.00842082990146858,0.018496000330878
Malignant,FAM90A1,0.0219868207150442,0.0321013531827108
Malignant,KCNJ18,0.00104033704598231,0.0111707452634275
Malignant,DMAP1,0.747283859621341,0.757480861769062
Malignant,ZNF18,0.121882502709973,0.132141038235784
Malignant,ATG16L1,0.342571248665649,0.352887262831023
Malignant,OSBP2,0.0873889299171861,0.0977110828559616
Malignant,CIDEC,0.0188179900560903,0.0291494783969443
Malignant,ESRRB,0.00227867805529106,0.0126655486453946
Malignant,EFCAB3,0.00621071092204137,0.0166748005820961
Malignant,CARD18,0.00174457548851885,0.0122102005201475
Malignant,AP1G1,0.795823908157348,0.806299601430489
Malignant,TYRO3,0.174108796909497,0.18459791125238
Malignant,FADD,0.529710610209537,0.540283087042331
Malignant,TUBB1,0.0113460751701538,0.0219213176521386
Malignant,UNC93A,0.00462390082669859,0.0152072
Malignant,ZNF425,0.0554124816944467,0.0660166216375137
Malignant,C10orf90,0.00308711673187386,0.0136997879678197
Malignant,RMC1,0.491166473999776,0.501813402711913
Malignant,FAM186A,0.000639580215842224,0.0113300413485745
Malignant,KIF24,0.0465817813159949,0.0572797761380571
Malignant,BEST3,0.00886772244584517,0.0195662932306578
Malignant,MSH5,0.0556436211651638,0.0663720762597751
Malignant,CEP131,0.271015760998945,0.281793564099227
Malignant,KAZALD1,0.164538344035626,0.17533651962246
Malignant,CSNK2A3,0.0738412719427736,0.0846619191950733
Malignant,FEZF1,0.00617241445413591,0.0170051851851852
Malignant,BOLL,0.00568711328669799,0.0165491152454287
Malignant,NANOGNB,0.00258725198888143,0.0134518515844335
Malignant,ERICH6,0.00438212676629294,0.0152596746969994
Malignant,C2CD4A,0.0519873512895186,0.0628713458089549
Malignant,TAS2R20,0.00893156354109256,0.019852500778089
Malignant,ADGRG7,0.00860940722568029,0.0196520366941022
Malignant,SLC24A5,0.00419801226773032,0.0152516146504486
Malignant,CACNA1B,0.0193524172875835,0.0304115367477361
Malignant,IFTAP,0.584572294879111,0.595654618475828
Malignant,PGAP4,0.341688893720404,0.352774194966327
Malignant,TTC9B,0.0125586027412182,0.023658055033619
Malignant,GALNT9,0.0184935791762897,0.0296465056296092
Malignant,SOGA3,0.00336127123051288,0.014532548344324
Malignant,STK31,0.0257584341667196,0.0369327474490225
Malignant,HIGD2B,0.00458263546571158,0.0157748586194626
Malignant,SERPINE3,0.00115659023952876,0.012355380588199
Malignant,ESX1,7.69732110751527e-05,0.0113023212721887
Malignant,SLC45A2,0.00744298354061335,0.0186746958301162
Malignant,ALX1,0.00854709141663135,0.019844961240266
Malignant,FTSJ3,0.621761726573675,0.63306240910069
Malignant,ZNF543,0.129398752244805,0.140711458561234
Malignant,GDPD2,0.0147702582834288,0.026106227824691
Malignant,HOXA11,0.0478062272050909,0.0591438466544377
Malignant,PPP1R21,0.529403153730316,0.540745444395015
Malignant,KCNS1,0.00970919507734346,0.0210672124183007
Malignant,NKPD1,0.024757776346649,0.0361339444444444
Malignant,ADAM18,0.000560885493785023,0.0119426837951653
Malignant,UGT2B28,0.00384996802964097,0.0152549388892955
Malignant,NIM1K,0.0179445670492428,0.0293651136716413
Malignant,JPH1,0.105707241564469,0.117140117501148
Malignant,PRB3,0.0038162447257384,0.0152794011692795
Malignant,MED7,0.486485014062463,0.497966264501937
Malignant,SYNPR,0.00249932208772308,0.0139948712527378
Malignant,ABCC8,0.00963689259463482,0.0211465487372145
Malignant,PCGF1,0.450248014755243,0.461770634099527
Malignant,LMAN1L,0.00041284310385004,0.0119432205414525
Malignant,PNLDC1,0.013339944460575,0.0248871961134599
Malignant,ADO,0.301208852625122,0.312765901854926
Malignant,C3orf49,0.00315758958355691,0.01473559342831
Malignant,MBOAT4,0.0044811384162724,0.0160626217876956
Malignant,CELF4,0.081072008543646,0.0926792872530265
Malignant,GJA3,0.00772424488560942,0.0193352012837288
Malignant,TRMT10C,1.07282439544406,1.08446393553518
Malignant,RGR,0.00167880341880342,0.0133681786547535
Malignant,LRRC56,0.0828295406757842,0.0945213337411198
Malignant,FAM222A,0.0713509805417714,0.083086706630524
Malignant,GTF3C4,0.371383935758869,0.383139071089854
Malignant,ZNF772,0.105068376144058,0.11683034173288
Malignant,TMPRSS11F,0.00423174093562161,0.0160144126755165
Malignant,LRCH3,0.610996778724873,0.622785737455897
Malignant,SPATA7,0.254653971073548,0.266449852108554
Malignant,SRD5A2,0.00418890519774584,0.0160491636938622
Malignant,HMX1,0.000810604106383292,0.0126758821258964
Malignant,ADRA1B,0.00305125238397966,0.0149635499745976
Malignant,MLF1,0.921409272338139,0.933388256697343
Malignant,FRRS1,0.0828896528523445,0.0948812040862938
Malignant,TMEM252,0.000511675233399769,0.0125572933311359
Malignant,ZBTB33,0.315888692409426,0.327970304691722
Malignant,ZNF865,0.182176527582457,0.194346247975259
Malignant,RAB3GAP1,0.878112742983823,0.890336973627957
Malignant,PATE2,0.0109093447915957,0.0231461575601647
Malignant,ZIC3,0.000599977761984673,0.0128633930423518
Malignant,ABCG8,0.00482259052422986,0.0170911743593747
Malignant,NXPE1,0.000145349520266301,0.0124405758567117
Malignant,CFAP92,0.0647723160572142,0.0770700489203104
Malignant,CDH12,0.0235886902556991,0.0359128644372346
Malignant,MMACHC,0.128688626454279,0.141042434643232
Malignant,VPS33A,0.431588756751121,0.444103449557102
Malignant,FOXD3,0.00291384931661225,0.0154365756358571
Malignant,NDUFS1,1.09506959289683,1.10761273490581
Malignant,IFIT1B,0.000835274668814868,0.0133825811241843
Malignant,PLET1,0.000683629838393561,0.0132940308869725
Malignant,ZBTB2,0.279546962576502,0.292162748193204
Malignant,GIGYF2,0.985841170757319,0.998457003786386
Malignant,CCDC183,0.0764396153423693,0.0890918730198896
Malignant,LHX4,0.0173035232658083,0.0299842692415796
Malignant,GOLGA6C,3.65182585809848e-05,0.0127390843623801
Malignant,ACTRT3,0.0494884656387131,0.0622059487422041
Malignant,FAM227A,0.224827931570487,0.23754855575021
Malignant,CAGE1,0.0227800019897483,0.0355019333724285
Malignant,NKAIN3,0.00660961404571214,0.0193412136218878
Malignant,SCN8A,0.030801705487533,0.0435443307662019
Malignant,ZNF606,0.161567795018886,0.174322023213698
Malignant,NR0B1,0.00591989148620012,0.0186830704427435
Malignant,LMX1A,0.00118854955063686,0.0139727253229686
Malignant,NAPEPLD,0.40035369516389,0.413150286669763
Malignant,TAF1L,0.00748830665468338,0.0202978046930698
Malignant,SLC22A10,0.000551618187303444,0.0133813583921771
Malignant,LHX8,0.00314407633070999,0.0159811232868151
Malignant,ZNF585A,0.216459724859527,0.229323578680164
Malignant,BRD1,0.361147861699589,0.374016792871241
Malignant,ZNF782,0.0808172093596346,0.0937787716123621
Malignant,BGLAP,0.0405397616401786,0.053502544408566
Malignant,ZNF646,0.144964620325745,0.157929320107406
Malignant,CRACD,0.065709455995624,0.0786864821940234
Malignant,INHBE,0.0218689881923785,0.0348474473691801
Malignant,HOXA6,0.0566094102201401,0.0695999486457665
Malignant,KCNA6,2.16828478964401e-05,0.0130180678225409
Malignant,CYP2A7,0.000827646571727536,0.0138321163713723
Malignant,RWDD2B,0.402003202863732,0.41501001592674
Malignant,CCDC171,0.126608372722508,0.139627942293676
Malignant,ZBTB34,0.132618155071316,0.145654433750982
Malignant,ARHGAP33,0.0885561487876931,0.101626013150263
Malignant,ACTL6B,0.00105368096520299,0.0141257780114473
Malignant,CPA2,0.00995359612003075,0.0230317650521968
Malignant,ATOH1,0.000126848752436947,0.0132140627409121
Malignant,DIABLO,0.396170300139137,0.409261997730415
Malignant,HOXD13,0.00509681337114155,0.018209384191344
Malignant,NUTM2G,0.00373446046876929,0.0168847437052355
Malignant,BLOC1S3,0.20866458057892,0.221831249576442
Malignant,IPPK,0.207413002452971,0.220594221466569
Malignant,ZNF654,0.314395005442491,0.32759192349308
Malignant,SLC66A1,0.348153848219366,0.361412274167156
Malignant,CLC,0.00465643530192187,0.0179583136827713
Malignant,PNPLA3,0.0559702399391945,0.069280381706024
Malignant,APIP,1.02413529566536,1.03744610494991
Malignant,ZNF534,0.0146020054211583,0.0279228627009895
Malignant,NUTM2A,0.00295111536392382,0.0162722640592904
Malignant,NMNAT3,0.178795815347935,0.19213301040073
Malignant,SPICE1,0.318645452405788,0.332013721832128
Malignant,ABHD1,0.0616327658212832,0.0750158846067796
Malignant,TEX35,0.00327064479432603,0.0166553223887888
Malignant,DHDH,0.0788605503280482,0.0922583771217854
Malignant,C4orf51,0.00114100445009536,0.0145569794184397
Malignant,EPHA6,0.0251954583276333,0.0386191748682097
Malignant,MARCHF11,0.00393019484919104,0.0173951808763327
Malignant,CPN1,0.00390852916945457,0.017384350254078
Malignant,USP7,0.92673240555462,0.94025010748305
Malignant,ZNF274,0.472077131486855,0.485598886953672
Malignant,CLK4,0.63697327089262,0.650507643347936
Malignant,GAPDHS,0.00654973094112652,0.0201059395374123
Malignant,FAAP100,0.369915220058504,0.383473411746477
Malignant,FBXO43,0.0431719415511482,0.0567581195882539
Malignant,LHX9,0.00649809738723809,0.0201363819840637
Malignant,POMGNT2,0.267823190759989,0.281514371696803
Malignant,SEZ6L2,0.856569950899184,0.870262542233166
Malignant,SETD1B,0.28434156233595,0.298059445400934
Malignant,PIP5KL1,0.0821833633363923,0.0959037058846412
Malignant,SFSWAP,0.834744460789496,0.848490516533547
Malignant,CACNG2,0.00268248945147679,0.0164327209409904
Malignant,DIRAS1,0.0330371494054285,0.0468369686236243
Malignant,KCNMB3,0.193823030388852,0.207668702969678
Malignant,ZNF670,0.139444521499149,0.153297506156346
Malignant,CDH9,0.000836077829962619,0.0147041075887932
Malignant,CASP14,0.00319345607796259,0.0170883587765465
Malignant,PLAGL2,0.283799976794895,0.297714122671589
Malignant,SEC14L3,0.0021991322158296,0.0161164468469982
Malignant,SLC25A38,0.664783311879043,0.678706991565562
Malignant,SYT2,0.0205148353914182,0.0344651128403065
Malignant,NKX2-2,0.00322894501724478,0.0172246823968803
Malignant,CDH4,0.0125875987904047,0.0265862071413619
Malignant,TP53,0.76356967986757,0.777606528443941
Malignant,SOX6,0.313279628541279,0.327325184649127
Malignant,USH2A,0.00721204443651386,0.0213413325302857
Malignant,WDR35,0.230923728358182,0.245175530265705
Malignant,ZNF177,0.00927669175661964,0.0235466761645886
Malignant,KCNB2,0.00678626085325588,0.0210740203814844
Malignant,DNAJC24,0.335135018921556,0.349541243689367
Malignant,UNC13C,0.00936010435224465,0.0237669770417004
Malignant,KTI12,0.347210425937699,0.36162523700677
Malignant,ITIH6,0.000728652355396542,0.0151788899528403
Malignant,ZNF341,0.0807950621017069,0.0952454927735167
Malignant,ADGRB1,0.0290888253783296,0.0435655450793774
Malignant,PRR18,0.003062503385935,0.017545853077443
Malignant,POTEF,0.0267334298776159,0.0412409851851852
Malignant,BTRC,0.266480094892103,0.281052338411385
Malignant,FAM25A,0.00576383954415057,0.0203571249493414
Malignant,PAGE1,0.0031647687585616,0.0177795089681134
Malignant,SULT1E1,0.0271608522367752,0.0417968489435147
Malignant,ADGRD2,0.0119239922803289,0.0266075385138791
Malignant,ARL5C,0.00240858421719679,0.0171349724114419
Malignant,KDM3A,0.572695395953109,0.587429459158252
Malignant,C20orf144,0.0221775705537202,0.0369191989297111
Malignant,SLC4A9,0.00417261054194346,0.0189344043374828
Malignant,ZBTB37,0.226626795983179,0.241437080673284
Malignant,AMY2A,0.00295646411409181,0.0177731161010861
Malignant,GPR12,0.0262476513174697,0.0411224559471993
Malignant,TBC1D25,0.284756613488785,0.299645108459506
Malignant,MYOG,0.000159003536185548,0.0151395963213979
Malignant,GAL3ST3,0.00240830096656962,0.0173933258649093
Malignant,ATF2,0.761948502537253,0.776977517967462
Malignant,ULBP1,0.0263085325067731,0.0413417609034361
Malignant,WDR59,0.460347498714867,0.475444222606442
Malignant,SLC10A2,0.000419867814849879,0.0155512329757292
Malignant,HSCB,0.709659338603577,0.724834308084622
Malignant,XIRP2,0.00601693649330938,0.0212747475560649
Malignant,RIMBP2,0.0198170779902862,0.035076
Malignant,COL20A1,0.00263655981941309,0.0179061832055665
Malignant,ZNF300,0.0976778275223925,0.112989701593115
Malignant,STRIP2,0.117009290655447,0.13236607807633
Malignant,ANO5,0.0519544755134664,0.0673133934032374
Malignant,NUFIP1,0.328692319747098,0.34409062899031
Malignant,SSX1,0.0048012859728624,0.0202411924269265
Malignant,SLC9C2,0.00603981603688986,0.0215113795276993
Malignant,LRRC57,0.479095862045609,0.494586384911671
Malignant,PROZ,0.00124636982632951,0.0167455096201186
Malignant,ATAD3C,0.220066125257051,0.235568253612882
Malignant,H3C11,0.0152208096783949,0.0307537440971753
Malignant,ZNF655,1.16438837014425,1.17994625334896
Malignant,FGF19,0.00821615324210796,0.0237763733253927
Malignant,H2BC17,0.00992384090389757,0.0254858084483397
Malignant,CPLX3,0.00310157341343767,0.0186677851217852
Malignant,TMEM178B,0.0623071733236764,0.077911749291589
Malignant,EPHA5,0.00278987016822561,0.018421895248659
Malignant,DYM,0.584806148880686,0.600491322264411
Malignant,APC2,0.0088331194010866,0.0245277356270517
Malignant,SLC25A47,0.000854580858559299,0.0165720891121339
Malignant,H3C2,0.0354624201525233,0.0511870027547948
Malignant,HBE1,0.0029760255848817,0.0187081797730162
Malignant,OBP2B,0.00536583945166637,0.0211490335684884
Malignant,VPS41,0.796702952114956,0.812498326147865
Malignant,GABRA2,0.0209186554244295,0.0367614759600049
Malignant,PC,0.227907401383417,0.243763406611269
Malignant,ASZ1,0.00380296800837502,0.0197157894389704
Malignant,POR,1.27792898682713,1.29389473905807
Malignant,TATDN2,0.239200992318479,0.255179552040175
Malignant,LIN9,0.210427277191185,0.226412953792317
Malignant,GAGE2A,0.00247035656229106,0.018509111123413
Malignant,COL22A1,0.05395816559232,0.0700405648098786
Malignant,CIZ1,0.665668429391837,0.681784264208364
Malignant,TRIM71,0.0112825382499001,0.0274102524316208
Malignant,KCNJ13,0.0107517896796832,0.0269028990600013
Malignant,RIC8A,1.03936714039994,1.05555275595945
Malignant,C19orf44,0.101742864495364,0.118014728147952
Malignant,QRICH2,0.0404872344801527,0.056768431295564
Malignant,MIOS,0.442488471054079,0.458788153488083
Malignant,METTL8,0.539387797900747,0.555702160315199
Malignant,ARTN,0.0339758148230218,0.0502999643482999
Malignant,RAPSN,0.00731941577895647,0.0236882211620899
Malignant,TTC23L,0.0156932717800254,0.032091782036386
Malignant,SLC26A7,0.0211837827889687,0.0376124606308695
Malignant,NPSR1,0.000954257907542579,0.0174524011256129
Malignant,CCDC73,0.0209669412629689,0.0374680900745872
Malignant,MYH3,0.028834562342092,0.0454052550874182
Malignant,PDCL2,0.00501656268749333,0.0215915608506253
Malignant,SGCZ,0.0031480549669062,0.0197481201917667
Malignant,ZNF280C,0.143408136373411,0.160021439120737
Malignant,CHRM5,0.00285077157196999,0.0194723876847252
Malignant,STXBP5L,0.0120628246395847,0.0287001217936468
Malignant,ANKRD30B,0.00669701887359609,0.0233642308988482
Malignant,STYX,0.497426315136941,0.514094941931613
Malignant,CT83,0.00134156398942341,0.018037629999647
Malignant,NUDT6,0.197415758927304,0.214117959350788
Malignant,SPATA20,0.638087587331421,0.65482362496025
Malignant,KLHL26,0.121613565774723,0.138360522104406
Malignant,SLC13A4,0.0130064958180561,0.0297572619862628
Malignant,NDOR1,0.081704163039228,0.0985225126051303
Malignant,CABLES1,0.197143270744907,0.213974316910258
Malignant,PITX2,0.057179880441064,0.0740125586044129
Malignant,CSNK1A1L,0.00973900681158795,0.0266449090447123
Malignant,TAC3,0.00606287027226494,0.0229702451186383
Malignant,TMEM41A,0.85679342998055,0.873744452132588
Malignant,RGPD1,0.0180639355310488,0.0350435348929017
Malignant,FAM166A,0.0105483386407769,0.0275500798386679
Malignant,SYT1,0.152671792427955,0.16968939442061
Malignant,ZNF223,0.0514710462984113,0.0685165207911422
Malignant,EYA1,0.0387038343335725,0.0557940708616101
Malignant,C6orf52,0.0955714091350824,0.112711912267983
Malignant,CTAGE1,0.00778679753627861,0.0249484538224872
Malignant,XYLT2,0.315722023101994,0.332899294210096
Malignant,UBXN2B,0.620171780031497,0.637359476518116
Malignant,COL2A1,0.0156935719543302,0.0328874106843198
Malignant,SPRR2D,0.0095747132121087,0.0267805777779389
Malignant,EFCAB5,0.0237105719697396,0.0409573983231807
Malignant,LRRN1,0.145093279932319,0.162354310345664
Malignant,CFHR5,1.35279805352798e-05,0.0172795881349303
Malignant,TTLL4,0.219562685440986,0.236875516604519
Malignant,DMTF1,0.726737018175584,0.744068747604425
Malignant,POTEM,0.0203197272667272,0.0376565904139433
Malignant,AXIN1,0.339016348880766,0.356360671043655
Malignant,DDX52,0.960709512132478,0.978056506611489
Malignant,HNRNPL,1.31732053779761,1.33467401235797
Malignant,FAM156B,0.0082817972238731,0.0256559842924042
Malignant,TRIM45,0.0881179931183124,0.105503217968886
Malignant,NCAN,0.0019892065237338,0.0193838953703643
Malignant,CPLX2,0.00370948706700554,0.0211467924470412
Malignant,GTF2H4,0.0335781040409052,0.0510223325615714
Malignant,NOP14,0.433831634240225,0.451300613825188
Malignant,FAHD1,0.832534949819047,0.850025807443301
Malignant,FSD2,0.0222774393850816,0.03982855875877
Malignant,H4C12,0.0338354662750446,0.0513926568119085
Malignant,APOOL,0.550232368176632,0.567814225561199
Malignant,SPP2,0.000429748136787651,0.0180245607507642
Malignant,NIPAL3,0.579857586653709,0.597452677641761
Malignant,LMX1B,0.0378246632314207,0.0554226222222222
Malignant,ZNF727,0.0120260680921146,0.0296414918686958
Malignant,RUNDC3A,0.0263755674066996,0.0440246234481004
Malignant,WBP2NL,0.0873032419319559,0.105063532484757
Malignant,SPATA24,0.122352416289777,0.14012401383978
Malignant,DCUN1D2,0.243785098073742,0.261569577678044
Malignant,ZSWIM3,0.063315493141157,0.0811468548186161
Malignant,CELF3,0.00294033171521036,0.0207824207438404
Malignant,FAM234A,0.891230819565922,0.909101294658038
Malignant,TYR,0.00108704386522568,0.0190862645011256
Malignant,NHEJ1,0.0534635262440398,0.0714734265896017
Malignant,ALG1L2,0.0440184082131097,0.0620389413218185
Malignant,TCTE1,0.00248994546602855,0.0206019798543362
Malignant,GSPT2,0.243267165283011,0.261415970705635
Malignant,C2orf16,0.00243079754249135,0.0206388458662505
Malignant,RGMB,0.402636077536687,0.420869407064342
Malignant,FBXW11,0.800278509015761,0.818525067586181
Malignant,MSANTD1,0.00866011570223209,0.0269115213229484
Malignant,GPLD1,0.0780432097633738,0.0963228463160297
Malignant,LYPD8,0.00693899556868541,0.0252943321081372
Malignant,GAS2L2,0.0018947778119337,0.020277125206435
Malignant,ZFAND4,0.124511812165358,0.14294023558369
Malignant,SUPV3L1,0.501391914941811,0.519835714212599
Malignant,ARL17B,0.158375247963879,0.176893294536306
Malignant,PIK3C3,0.541081666303791,0.559611570869758
Malignant,PNLIPRP1,0.00134553902965812,0.0199617445179685
Malignant,MMS19,0.445149704408886,0.463794635223376
Malignant,PMS2,0.435241766784307,0.453928292519398
Malignant,ABHD12B,0.0207652360128681,0.0395538980074921
Malignant,WARS2,0.35232773994663,0.37115284266606
Malignant,PTGR2,0.316603435386915,0.335493546055677
Malignant,NKAP,1.00310112116012,1.02199749553664
Malignant,TOP3B,0.238458233774447,0.257389098781334
Malignant,GPR156,0.00734561448724693,0.0263248133160225
Malignant,SOWAHC,0.55808683859198,0.577168294486782
Malignant,TMEM132B,0.0210054144972615,0.0401575597200551
Malignant,ELOA2,0.000383380906838553,0.0196307503172589
Malignant,ABCB11,0.00227005342816838,0.0215549281635617
Malignant,UNC5A,0.0209412207319641,0.0402679087422075
Malignant,CELA3B,0.000467436743674367,0.019846647914858
Malignant,FAXC,0.0808693939030004,0.100281297389841
Malignant,SYT14,0.0108153117339157,0.0302714105540983
Malignant,CYP4A22,0.000510068320747932,0.0199754864664547
Malignant,ZDHHC5,0.521637685478568,0.541125722306442
Malignant,TTC34,0.0251896747316466,0.0446970350080698
Malignant,NUDT8,0.778864788779614,0.798414820077477
Malignant,MORC1,0.00425260553908831,0.0238506488837556
Malignant,SHLD2,0.521768746317693,0.541428929391
Malignant,HGFAC,0.00910359929512608,0.0288167797635904
Malignant,INSL6,0.00350090506074339,0.023337487763616
Malignant,NPPA,0.00314342345273688,0.0230077430019891
Malignant,ZNF674,0.0921290817969054,0.112033484228084
Malignant,THOC6,0.833929830447909,0.853847347898797
Malignant,ITIH4,0.0366834608308091,0.0566908090038822
Malignant,INVS,0.233799626169064,0.253824913589496
Malignant,ZIM3,0.00558219206185588,0.025616742001788
Malignant,ZNF687,0.246440468333003,0.26649365423062
Malignant,EMILIN3,0.00786397948987175,0.0279324549159775
Malignant,AHRR,0.0350599413489582,0.0551734752638089
Malignant,HNRNPCL1,0.00445066736110371,0.024631403265838
Malignant,NAA40,0.309711517704029,0.329914463568846
Malignant,ZNF682,0.148728373264276,0.16894341992411
Malignant,TRAF3IP1,0.409872061651806,0.430115685069836
Malignant,DOCK7,0.466621481487826,0.486869930599183
Malignant,F9,6.69099756690995e-06,0.0202566733607536
Malignant,CNGB3,0.00837549466901905,0.0286357218998496
Malignant,CCDC15,0.0990241319904805,0.119359124559353
Malignant,KCNH7,0.00309827470526215,0.0235299503046363
Malignant,LSM11,0.0760592359345766,0.0965468919756365
Malignant,CELF6,0.0113866666666667,0.0318883582148998
Malignant,NLRX1,0.159987560107709,0.180552123853067
Malignant,ZNF441,0.122105836264367,0.14267448194051
Malignant,RAB6C,0.0217515101384443,0.042333867581989
Malignant,CTRL,0.0167949057206054,0.0374274005152186
Malignant,PLPP6,0.19445410012708,0.215122604099101
Malignant,ZNF638,1.42132713812374,1.44200498720322
Malignant,EYS,0.0338045426184742,0.0545258621979901
Malignant,DACH2,0.0047395065086038,0.0254810807428316
Malignant,SPHKAP,0.00245415874581633,0.0231957547859779
Malignant,TLX1,0.00599958987403402,0.0268299773866382
Malignant,KCTD21,0.0952541344715211,0.116085859321445
Malignant,PRR14L,0.515968497363601,0.536837169688164
Malignant,ZSCAN2,0.193355102388014,0.214245536051624
Malignant,IGSF9B,0.0200572895123672,0.0410209064595132
Malignant,ACOT1,0.0304856270559419,0.0514826824263894
Malignant,TIMM29,0.498670144361702,0.519712761603861
Malignant,GREB1,0.154306846609374,0.175399109843173
Malignant,DHODH,0.333364550842718,0.354464690063525
Malignant,HERC4,0.802775764966311,0.823911022742764
Malignant,ZNF256,0.119266977674576,0.140403130361549
Malignant,PHF19,0.494284955695582,0.5154520320168
Malignant,ANKS6,0.180743798873343,0.201923536943258
Malignant,KANSL1L,0.323494743247741,0.344677688222656
Malignant,MSH3,0.606379066152849,0.627567527000372
Malignant,GPR83,0.0103620958859734,0.0315519445940853
Malignant,ZNHIT6,0.47235925005142,0.493635100483837
Malignant,EXO5,0.162798695179454,0.184110679843508
Malignant,VPS13A,0.773248809167304,0.794572376588186
Malignant,E2F2,0.0918592826643899,0.113201703153057
Malignant,HCAR1,0.0663000922671484,0.0876549429979706
Malignant,FAM133A,0.0477564663650604,0.0691188078449297
Malignant,EPM2AIP1,0.795959052742426,0.817324217608752
Malignant,ABCG5,0.00679468584815064,0.0281709495635133
Malignant,TCFL5,0.130004011777532,0.151498471106496
Malignant,ZNF804B,0.000405571776155718,0.0219802019243755
Malignant,GCM1,0.00584793147142492,0.0274319918692776
Malignant,C12orf71,0.000875292466556344,0.0225211307548256
Malignant,DGKQ,0.136049893812984,0.157698952304045
Malignant,KBTBD12,0.0730487722306086,0.0947011609687639
Malignant,LGI3,0.00463228902696771,0.0262870264007568
Malignant,ZNF189,0.280963367772833,0.302618623007673
Malignant,HEATR1,0.474855729042358,0.49654752609421
Malignant,SLC10A4,0.0112133249194691,0.0329203699857463
Malignant,PCDH8,0.00908639613532359,0.0308263740519869
Malignant,RSPH10B2,0.00105296190432981,0.0227931039240387
Malignant,CALCB,0.00756068437063571,0.0295322137971324
Malignant,PLXNB3,0.00479880439718737,0.0268176220803415
Malignant,ZNF585B,0.161923771507678,0.184058864864975
Malignant,TSTD3,0.233508659415459,0.255715884078711
Malignant,NME6,0.546300149899762,0.568533903825242
Malignant,LRSAM1,0.223094577289575,0.245339003082519
Malignant,MYO3A,0.018246044037308,0.0405102094320134
Malignant,ZNF382,0.0853209511784736,0.107746408213734
Malignant,RNF182,0.0179522489586865,0.040378861320192
Malignant,DRG2,0.651984396576889,0.674493272261368
Malignant,ASPHD1,0.228874842468906,0.251387586084542
Malignant,SARS2,0.269932810798285,0.292446208740813
Malignant,PORCN,0.214047042653199,0.236596125873232
Malignant,TRAPPC6B,0.580757967884015,0.603310575305613
Malignant,AP3B2,0.0287569360003786,0.0513377664932233
Malignant,UNC80,0.014262784597995,0.0368950280670713
Malignant,KCP,0.107261675218303,0.129928832604442
Malignant,TECRL,0.000969422007762508,0.0236643999156521
Malignant,CDH10,0.00638621244625982,0.029088532662588
Malignant,MYCBPAP,0.0404943779819708,0.0632030861313198
Malignant,NAT14,0.389347816046289,0.412073232028388
Malignant,COX10,0.322424023423706,0.345219374835655
Malignant,RTEL1,0.0194292516988772,0.0422290755929812
Malignant,RNF4,0.783881087448308,0.806770600910373
Malignant,RASGEF1C,0.00253581400474394,0.0254255239385421
Malignant,WNT9A,0.0439904616028941,0.0668851721623898
Malignant,PEX5L,0.0169380389292418,0.0398597642861524
Malignant,CHRM1,0.000615075540162543,0.0235486675601374
Malignant,ZNF197,0.202111194639734,0.225073745326863
Malignant,GYPA,0.00050461977844401,0.023470818314722
Malignant,WASF1,0.271033920098801,0.294002947338124
Malignant,ZNF250,0.243024992503762,0.26605552625038
Malignant,RIOX1,0.186691939525968,0.209732824483468
Malignant,B4GALT6,0.104603767765919,0.127648935103383
Malignant,PPRC1,0.387442656436462,0.410518111917202
Malignant,RABL2A,0.251255113751712,0.274367048520436
Malignant,SLCO1B1,0.00604846306743074,0.0291923643365111
Malignant,TMSB4Y,0.0583843292933061,0.0815628084794747
Malignant,EXOC8,0.22319934380352,0.246395983261119
Malignant,KCNC1,0.00842908561786486,0.0317163888888889
Malignant,TIRAP,0.122334228900287,0.14567931761161
Malignant,HJV,0.000759596855983772,0.0241378098203734
Malignant,DMRTA2,0.00818191595171782,0.0315898211561898
Malignant,FBXO36,0.143039546657966,0.166466366244248
Malignant,CHGB,0.0610168783354121,0.0844709432321403
Malignant,TMED6,0.0284811819531882,0.0519844484722747
Malignant,INTS3,0.645610358432144,0.669143453753077
Malignant,GUCA2A,0.0022416742906388,0.0258562515634406
Malignant,TMED2,3.58123076502555,3.60494378268337
Malignant,MAGT1,1.22814742792079,1.25187792048456
Malignant,PANK1,0.176081879201683,0.199828942565573
Malignant,COX6A2,0.00682100657469128,0.0305892142553524
Malignant,AMIGO3,0.00728236013066783,0.0310986934093532
Malignant,NKX2-8,0.0105964290661698,0.0346191531556867
Malignant,ENO2,0.747036171257902,0.771091185005296
Malignant,NRF1,0.263470741675697,0.287548390113012
Malignant,PIGA,0.303503612262798,0.327682899278002
Malignant,SHQ1,0.269396762705552,0.293728123295494
Malignant,ASB4,0.0141887462122,0.0385877142583312
Malignant,ZNF79,0.0804531676567154,0.104867405582174
Malignant,PTH2R,0.0343258105118169,0.0588122625025505
Malignant,CRYBB2,0.0645099353211759,0.0889984853753494
Malignant,PCNP,2.58314443595342,2.60763439471622
Malignant,CDKL1,0.112597295354886,0.137126843364519
Malignant,SLC30A10,0.00523005943846719,0.0298485745927564
Malignant,MCM3AP,0.513630658684926,0.53828838563177
Malignant,DOCK3,0.0227414141606734,0.0474390479892626
Malignant,SUZ12,1.08564473479972,1.11034553628399
Malignant,DHX34,0.253556770587746,0.278276965597057
Malignant,ITPKA,0.0497074575155964,0.0744385772300948
Malignant,SLC35B3,0.642123713585628,0.666938333852364
Malignant,BTBD16,0.0292946489691023,0.0541769594845298
Malignant,GRM3,0.00999757439651028,0.0349166918953988
Malignant,BBS10,0.164737532215579,0.189657318652777
Malignant,SLC5A9,0.0180876907349849,0.043008583011774
Malignant,HTR3B,0.00322756339454802,0.0281801409068465
Malignant,SHISA2,0.187486554166932,0.212463239463613
Malignant,PRPH,0.0187715030286586,0.0437776383267939
Malignant,ZNF644,1.08554151726387,1.11055811226572
Malignant,PIWIL3,0.00320917556730058,0.0282576028248274
Malignant,SPRR2E,0.000738411846551382,0.0258208514461454
Malignant,PRSS48,0.00105428518208654,0.0261608215806057
Malignant,CNOT11,0.617343527053551,0.642486616034151
Malignant,ST8SIA3,0.000197615571776156,0.0253542512979283
Malignant,GNG3,0.0137994773018844,0.0389575283008683
Malignant,KLHL11,0.0842136597237072,0.109409792213576
Malignant,RNF126,1.08911974555932,1.1143640236444
Malignant,SKA1,0.209492425528753,0.234827786642556
Malignant,FUT10,0.144461810266961,0.169800922618009
Malignant,PDX1,0.00125845551791343,0.0266129816648348
Malignant,ACVR1C,0.044587097984491,0.069948187705278
Malignant,DPY19L2,0.105818147399176,0.131186905293975
Malignant,FAM9C,0.00849185867581352,0.0338664274542607
Malignant,CHRM2,0.00433102649175067,0.0297915094908351
Malignant,VSTM2A,0.000661160834376433,0.0262696623555337
Malignant,RAG2,0.000725975368572456,0.0263848541008939
Malignant,FLG2,0.00569872965257397,0.0313756274305331
Malignant,SEMA4F,0.143153113870214,0.168862495858539
Malignant,SLC35A5,0.48249404980145,0.5082226271556
Malignant,GAS2,0.0735075350295996,0.0992504773767346
Malignant,PNLIP,0.000361611513608773,0.0261208967235508
Malignant,MTSS2,0.214699006617024,0.240458816918371
Malignant,AIFM2,0.383831723787203,0.409636234836297
Malignant,CLIP4,0.358958380500562,0.384778087815491
Malignant,DAG1,0.808953301905902,0.834787092852223
Malignant,GSTM1,0.122293102117436,0.148245806211242
Malignant,UGT2B11,0.00698254330775182,0.0329730447954135
Malignant,KLLN,0.0265520096896381,0.0525663279561771
Malignant,IGSF10,0.0781114043067182,0.104166888492899
Malignant,LIN37,0.146697786179143,0.172977614884844
Malignant,BRINP1,0.0196703797744353,0.0459698575832326
Malignant,SLC25A48,0.0147376621174002,0.0410533265980771
Malignant,TMEM151A,0.00898700147710488,0.0353818839496777
Malignant,SPDYE6,0.0014786577525252,0.0278790802970251
Malignant,ZNF620,0.150143296282172,0.176573206495742
Malignant,PKLR,0.00807038015541576,0.0345485578729392
Malignant,ZNF264,0.469083622667711,0.495567783795423
Malignant,NECAB2,0.00948652440643149,0.0360744328404915
Malignant,EGLN3,0.649484984050253,0.676087369649027
Malignant,ZNF549,0.122828141064315,0.149477183341907
Malignant,SLC35B2,1.11678536555795,1.14343521598554
Malignant,PSKH1,0.216842483248476,0.24353663325856
Malignant,OSBPL2,0.711518659232827,0.738241475728798
Malignant,CENPJ,0.258110449994905,0.284861324432155
Malignant,IBA57,0.292966587515619,0.319740867584342
Malignant,ERC2,0.0327076406029391,0.0594873388221772
Malignant,NLRP8,0.00530892119783072,0.0321205889763903
Malignant,ZNF587,0.400438040520538,0.427252414908582
Malignant,CCDC40,0.147625260440232,0.174455082073003
Malignant,C20orf85,0.00181455151679595,0.0286952796026918
Malignant,SHPK,0.133847049003766,0.160756674043933
Malignant,CTCF,0.75107380169779,0.777984540224969
Malignant,RDH13,0.474654925034717,0.50156949631125
Malignant,NRSN1,0.00733441033186471,0.0343767901234568
Malignant,TAF5,0.131632415031306,0.158728012203902
Malignant,SPRED2,0.512532381249427,0.539628645024602
Malignant,LRP4,0.0872231140443165,0.114364524598794
Malignant,ATF1,0.714811481296415,0.741959429269073
Malignant,CHRNA2,0.00261040998437123,0.0297727128700587
Malignant,DQX1,0.0141686710931342,0.0413402965957633
Malignant,OTX1,0.0550308597499366,0.0822256626006149
Malignant,ALX4,0.00315748638184942,0.0303621737675629
Malignant,NGEF,0.106192686525689,0.133464063638521
Malignant,ALDH8A1,0.0624566486987284,0.0897612055584215
Malignant,RSPH14,0.0388119447267166,0.0661215597752432
Malignant,TUBA8,0.00940404532630165,0.0367650240911505
Malignant,POFUT1,0.418220916411702,0.445593341411464
Malignant,KCNH1,0.0171887878787879,0.0445661056511056
Malignant,AK8,0.0734493895475234,0.100984322495824
Malignant,H2BC18,0.185267919184092,0.21284934332108
Malignant,PHOX2A,0.000281216545012166,0.027879959301534
Malignant,MAP2K5,0.332518965950006,0.360149926610647
Malignant,SLC4A5,0.0614059481497083,0.0890592919911099
Malignant,SETD9,0.330970857323833,0.35870079311135
Malignant,FAM222B,0.526047024470855,0.553850649709178
Malignant,DNER,0.0709983102406925,0.0989170176576231
Malignant,LIN54,0.197187025590102,0.225165181100593
Malignant,CNDP1,0.010559005084169,0.0385528998048146
Malignant,DND1,0.0590759456956462,0.087135686327613
Malignant,WDR17,0.0414144337108316,0.0695579236068526
Malignant,CLP1,0.284030322624224,0.31219787084679
Malignant,LRRC37A3,0.110796064729961,0.138976823022735
Malignant,OLFM3,0.00233817927500283,0.0305692011783441
Malignant,CNTN5,0.0229748392957881,0.0512104387088787
Malignant,PPP1R14B,1.81537625268962,1.84369144436258
Malignant,PGAM2,0.0387539421086216,0.0671529974177545
Malignant,KLHL30,0.0108169208208071,0.039244869652167
Malignant,REG3G,3.60210563121784e-05,0.0284687520517261
Malignant,ZNF709,0.0412167479505857,0.0697306382527646
Malignant,HYAL4,0.00556652736720866,0.0341110551642448
Malignant,TTPAL,0.414852104744842,0.443442401442263
Malignant,KCNC2,0.0045794086314527,0.0331981900720522
Malignant,FOXE1,0.00340680518374692,0.0320449945735433
Malignant,PHF3,1.26969669847818,1.29833849416659
Malignant,ECT2L,0.0240602136489343,0.0527534869247907
Malignant,PRDM7,0.00377167875533697,0.0325071988573577
Malignant,SLC25A15,0.137735745040344,0.166475311787803
Malignant,SLC5A2,0.0232563000907081,0.0521606857639615
Malignant,ZNF69,0.131262538912874,0.160249261520205
Malignant,ATE1,0.528810650649517,0.557827302885784
Malignant,KIF1A,0.0401943143918391,0.0692431262977926
Malignant,GPR22,0.00833480077745385,0.0373883294045153
Malignant,RSPH10B,0.00379919543329737,0.0329664978280154
Malignant,LCOR,0.844368709712068,0.873560471556755
Malignant,NPFF,0.00463205317577548,0.0338518796229665
Malignant,SH3BP4,0.523797193788946,0.55318194413957
Malignant,CBX2,0.179934868643937,0.209321905078366
Malignant,BEND2,0.00617821250738154,0.0357405681273629
Malignant,SERPINB7,0.00585992118744537,0.0354368094821738
Malignant,ZNF554,0.104969544684555,0.13457394247548
Malignant,SAPCD1,0.00241613799869195,0.032021543972701
Malignant,SERPINA7,0.00025768068834857,0.0299399097914277
Malignant,TGM3,0.0177198098950173,0.0474853067350071
Malignant,CLPSL1,0.00166037923250565,0.0314868561196864
Malignant,TM4SF20,0.0041547225084217,0.0340360392231709
Malignant,PRR11,0.336618356505615,0.366524007261975
Malignant,TMPRSS6,0.0134471034499397,0.0434684617990974
Malignant,SHCBP1,0.181976194471575,0.212005686484044
Malignant,LDHAL6A,0.00505012622315734,0.0350859816493105
Malignant,MASP2,0.0159596285595615,0.0460315167968717
Malignant,HEATR4,0.0158838064287897,0.0460104636293488
Malignant,FGF14,0.0546129629002015,0.0847945525287097
Malignant,NEUROD1,0.00319438613181876,0.0334240683361875
Malignant,FABP2,0.00357187162891047,0.0338134866529739
Malignant,C6orf141,0.166497255315814,0.19674770013712
Malignant,NRXN3,0.129949353603634,0.160321726410948
Malignant,CEP152,0.239599531195541,0.270089203282917
Malignant,INO80C,0.772941764593696,0.803483643527311
Malignant,DLX2,0.0302410067707331,0.0608919496392055
Malignant,TRIM72,0.0419083299722068,0.0725733271818552
Malignant,SLC5A10,0.0274437281019416,0.0581100168123356
Malignant,CDC7,0.199065793129662,0.229741080249629
Malignant,SERPINA10,0.00822275720516548,0.0389853438287082
Malignant,CYP8B1,0.00599321750317906,0.0368635430336637
Malignant,KRR1,1.23269741286888,1.26363595317784
Malignant,TEX101,0.00861097912221463,0.0395635261160733
Malignant,CYP3A7,0.00349529964244761,0.0344587333061433
Malignant,SOX14,0.000747167662199859,0.0317451414626467
Malignant,ROS1,0.00477003361018103,0.0357878311374907
Malignant,CHST5,0.00307690354634472,0.0340965973619974
Malignant,SLC12A1,0.00192857879870932,0.0330085173730855
Malignant,LIX1,0.0104813924644308,0.0416063364266068
Malignant,ALKBH6,0.391778101362894,0.422910727482988
Malignant,CITED1,0.0265722810643245,0.0577133748913304
Malignant,STATH,0.00144228744279691,0.032711577027286
Malignant,ZNF681,0.0962956302090505,0.127589690893962
Malignant,TEKT4,0.035178976078484,0.0664731776584859
Malignant,PHLPP2,0.147518763565837,0.178849678330936
Malignant,TMPRSS11B,0.00309254136819073,0.0344400606141641
Malignant,ARFGAP1,0.57057219260559,0.601943258541912
Malignant,APOA5,0.000649815614883467,0.0320267439789751
Malignant,FETUB,0.00245366436783747,0.0338676411418883
Malignant,LRRTM3,0.00185342627668098,0.033287659029516
Malignant,MRPL35,0.725526615934146,0.757016025569412
Malignant,LHFPL5,0.0256497906082695,0.0572099522715553
Malignant,PTCH1,0.210448081494154,0.242038046549105
Malignant,ANKRD23,0.0377764680066502,0.0694507935681149
Malignant,TH,0.00797337622521955,0.0396688888888889
Malignant,EPHA10,0.0959751899792652,0.127693163455657
Malignant,CLNS1A,2.13371779429032,2.165483514166
Malignant,OTUD5,0.686846965642681,0.718689807012137
Malignant,CCDC93,0.439394876780543,0.471251522978768
Malignant,C1orf141,0.00269526825761816,0.0345527777777778
Malignant,BCKDHA,0.325884022230768,0.357767494502784
Malignant,ZNF763,0.0439550031870405,0.0759441881091584
Malignant,THRSP,0.00585909963137257,0.0378709711673912
Malignant,MYH7B,0.0444435688990599,0.0765991702467462
Malignant,MFAP3L,0.0990648943508582,0.131255173308712
Malignant,MARCHF10,0.0193027933894366,0.0515220600787996
Malignant,SIX2,0.0322966280073854,0.0645769998462767
Malignant,SLTM,1.95874843929725,1.99103980328987
Malignant,LARS2,0.169953249415261,0.202265317512179
Malignant,NPAS2,0.270528452573179,0.302953667237479
Malignant,MBD3,0.529256092418315,0.561708139712002
Malignant,BRWD1,1.11307974924226,1.14557771144399
Malignant,DEPDC5,0.178239801976058,0.210780276517959
Malignant,STRN,0.430414299902777,0.462967185045088
Malignant,EFHC1,0.747197467070174,0.779830391931086
Malignant,IL22RA1,0.0245282842902928,0.0573355187007423
Malignant,SLC27A6,0.011604342023685,0.0444893605453036
Malignant,FANCA,0.290685071569202,0.323745777424533
Malignant,NACC1,0.333830338557364,0.36694707845232
Malignant,DCAF6,0.983662300117597,1.01685599625655
Malignant,GOLGA3,0.846958257745902,0.880254915466836
Malignant,SMPX,0.00572395423017728,0.0390995087779108
Malignant,EIF5A,2.99370296290078,3.02714205169642
Malignant,LRRC19,0.027590728052742,0.0611655516548136
Malignant,RIF1,1.06208802961329,1.09568057779891
Malignant,GABRG3,0.0173938178402607,0.051065388044673
Malignant,NECAB1,0.0609309482468089,0.0947939875808914
Malignant,DGKB,0.0309866552946157,0.0649519512565562
Malignant,NUP88,0.645990650955683,0.679987342697474
Malignant,SCN1A,0.00395366031722792,0.0379533446845652
Malignant,TNNI1,0.022105437643401,0.0561057734092715
Malignant,BRD3OS,0.329112168832627,0.363199762269592
Malignant,CFHR3,0.0230926376379694,0.05723056444115
Malignant,SYDE2,0.135641849693026,0.169802827321851
Malignant,COL28A1,0.0468366801698106,0.0810136946510677
Malignant,FAM131C,0.0360703609517355,0.07043996690185
Malignant,NR1I2,0.0120983395724638,0.0464679671530318
Malignant,ZC3HAV1L,0.0980037092793365,0.13237738946293
Malignant,DUSP9,0.0303925091600434,0.0647798831461266
Malignant,USP45,0.204870246988224,0.239330107753012
Malignant,SF3B1,2.62522173149257,2.65981150006268
Malignant,SLC22A1,0.0133263222736276,0.0479442422143338
Malignant,CPLANE1,0.512975100821559,0.547672451850941
Malignant,ACOT12,0.00311227084677605,0.0378137649053666
Malignant,TPPP,0.101424495251204,0.136185647520377
Malignant,PRSS2,0.00876776565027454,0.0435570325755161
Malignant,DYRK1A,0.684139191587726,0.718929870005345
Malignant,FAM162A,2.26888905284893,2.30370548337405
Malignant,GNAT2,0.00518709857455385,0.0400052751841403
Malignant,CCDC33,0.0074327181504672,0.042275128962339
Malignant,TTLL12,0.499133463162026,0.534215660671864
Malignant,CABP7,0.0127309902457052,0.047822966689775
Malignant,EID2,0.255581721608578,0.29069366109703
Malignant,RBM27,0.544017493736503,0.579195506614988
Malignant,POU2F1,0.531069041503116,0.566351599853683
Malignant,TPP2,0.751980482069446,0.78726370664583
Malignant,FOXJ3,0.765400298184891,0.800688699119192
Malignant,TINCR,0.121613967060052,0.156923502813152
Malignant,SEC16A,0.717970956765457,0.753293957908786
Malignant,DTX3L,0.821465764332345,0.856831944337821
Malignant,ACVR2B,0.231175006587921,0.266541693043122
Malignant,AGAP4,0.120091617434511,0.155572627042409
Malignant,LEKR1,0.0651351980812699,0.100618384052436
Malignant,OTUB1,1.68298258905784,1.71849644019172
Malignant,HRNR,0.00416915826252072,0.039733455500692
Malignant,TOR1AIP1,0.934275380604059,0.969872046467551
Malignant,CFAP61,0.00990013166943875,0.0456487693258767
Malignant,H2AC7,0.00804581749517167,0.0438180954721378
Malignant,ETNK2,0.258670650150922,0.294444921399301
Malignant,FUZ,0.498121606340675,0.533955200598932
Malignant,EPOP,0.0830233692381534,0.118881778298591
Malignant,HEATR5B,0.385316377268402,0.421259405901579
Malignant,STAU2,0.70001739706428,0.736018433631913
Malignant,TMEM82,0.00207712383224011,0.0380823395971593
Malignant,LRRC34,0.0915715855965512,0.127615324538336
Malignant,MDGA2,0.00735794624040293,0.0434718950143294
Malignant,PPM1E,0.00550855089726742,0.0416490783519149
Malignant,BMI1,0.609364043573365,0.645530269259792
Malignant,MEIOC,0.0234596063095147,0.0596356081467604
Malignant,NGRN,0.625595411433111,0.661815250342485
Malignant,ZC3H12B,0.036562321195469,0.0728328755510344
Malignant,WDR97,0.0402511088120201,0.0765624030748556
Malignant,CELA3A,0.000333178141404277,0.0367311523946903
Malignant,ZNF182,0.111368739649825,0.147771861292002
Malignant,AKR1D1,0.0152466789393734,0.0517767165253697
Malignant,SLC13A5,0.0121235092611516,0.0486909476164325
Malignant,CYP27C1,0.0594430096251344,0.0960259161707562
Malignant,BTBD8,0.0822423897695216,0.118979991453123
Malignant,WDR55,0.586189618547003,0.623058847845853
Malignant,AGBL1,0.00330744937495431,0.0402097137387578
Malignant,KLHL22,0.274928972451272,0.311905769924842
Malignant,ADGRV1,0.205754332974561,0.242757928013578
Malignant,TANGO6,0.146054764556236,0.183065179060661
Malignant,MAGEC2,0.00217751900891102,0.039267774452549
Malignant,ROPN1,0.00187388198845417,0.0390562480329542
Malignant,PANX2,0.053473519660683,0.0906748726504345
Malignant,JHY,0.153350031389813,0.190571059312447
Malignant,SCGB2B2,0.00419900627795606,0.0414754276663656
Malignant,C22orf23,0.0154749065035453,0.0527674793111148
Malignant,ZFP91,0.706439724488077,0.743758431722849
Malignant,ATP9A,0.620287003429067,0.657654090578778
Malignant,HMGXB3,0.60114480927307,0.63858740339161
Malignant,HAP1,0.0649972222453806,0.102451517263044
Malignant,SMKR1,0.160720279219483,0.198196353548594
Malignant,ULK2,0.242069928733398,0.279664706599781
Malignant,C2orf50,0.0131372062532247,0.0508412688226943
Malignant,SLC26A5,0.0241490987822176,0.0619660441703339
Malignant,PLPPR1,0.0372306159360844,0.0751925362986526
Malignant,OR11A1,0.00109956991503199,0.0390792557719561
Malignant,KLHL29,0.118054300449087,0.156042351332994
Malignant,DYNAP,0.00299662009729183,0.0410285112397914
Malignant,SWSAP1,0.331708445288505,0.369802443338402
Malignant,CEP295,0.299679076915323,0.337940778565445
Malignant,SERPIND1,0.0256853792310852,0.0639888818090418
Malignant,CLEC19A,0.00575613333585994,0.0442295620915033
Malignant,ZNF114,0.0815690175944675,0.120051287810911
Malignant,MORC3,0.702816297920815,0.741600806676902
Malignant,FAM47E,0.133268087679345,0.172221587561223
Malignant,LONP2,1.22874643392118,1.26791403227977
Malignant,ZNF737,0.165609051684089,0.204808289319542
Malignant,SLC9A3,0.0189157320513796,0.0581845180763714
Malignant,ZBTB8B,0.0271877343274294,0.0666036309186889
Malignant,ALMS1,0.230782869445561,0.270199140262902
Malignant,PIGG,0.408501896146228,0.447920920433495
Malignant,FAM111B,0.19242435496404,0.231919411602179
Malignant,NDUFV1,2.21549272535586,2.25510101404275
Malignant,ANKRD30BL,0.00275536698304491,0.0424048196904908
Malignant,RECQL5,0.281212737111122,0.320891948752934
Malignant,FAM234B,0.150402668892754,0.190148607475017
Malignant,SVOP,0.0244272496564968,0.0642262580500089
Malignant,BICRAL,0.269831768780016,0.309694795555903
Malignant,MACO1,0.753535023610602,0.793451505435913
Malignant,LRP8,0.152859009961724,0.192805509596349
Malignant,DNAH10,0.0134633604123505,0.053494116047668
Malignant,CNP,1.08167714332563,1.12212492175762
Malignant,APOF,0.00829418336843876,0.0489043243029786
Malignant,TMEM210,0.0035206972962168,0.044253078762954
Malignant,VN1R2,0.000515729252695238,0.041281198256277
Malignant,MON1B,0.551783754255996,0.592557079961821
Malignant,JMJD7,0.0336474341078605,0.0744713365588473
Malignant,ZC3H7A,0.780925870263921,0.821896212741129
Malignant,C20orf96,0.381480482801275,0.422497953835897
Malignant,GOLGA8T,0.000411840588352216,0.0414642843817258
Malignant,EMX1,0.0098200298574818,0.0508856672367144
Malignant,CYP3A43,0.00417619186009402,0.0452550878091369
Malignant,ACOT2,0.351727364458434,0.392970360982076
Malignant,NEFL,0.0354503251033039,0.0767095981330502
Malignant,RGPD6,0.00771968797932706,0.0490554792859525
Malignant,SYCP2,0.0986824618373806,0.140051781458608
Malignant,NCDN,0.234566204290183,0.276102149715817
Malignant,PSEN2,0.359934544244357,0.401500908713012
Malignant,APOBEC1,0.000465524528408361,0.0421105848240165
Malignant,ARHGEF4,0.0899627231064925,0.131796526580026
Malignant,AP5Z1,0.442459924165992,0.484338720942262
Malignant,CPB1,0.0132604131693906,0.0551633848308523
Malignant,TMPRSS11A,0.00518167684338608,0.0471353790145194
Malignant,CARS2,0.619409116975051,0.661450128979585
Malignant,XKR5,0.00446505295528647,0.0465703475783476
Malignant,KIF6,0.0298382664383456,0.0719643580252831
Malignant,LRRC23,0.51718706364065,0.559407149024159
Malignant,TMEM169,0.0514302218152003,0.0936654981172343
Malignant,GLYATL2,0.0382723283594075,0.0805205726019266
Malignant,ARHGAP36,0.000361474214363893,0.0427281481481481
Malignant,NLGN1,0.0484515658687081,0.0908637527219103
Malignant,GLDC,0.0763792730484315,0.118897455531387
Malignant,H2AC14,0.0396447873181194,0.0821830558644763
Malignant,LRRTM4,0.00648099586445631,0.0490217533587828
Malignant,AP4S1,0.270211776083197,0.312887614801255
Malignant,NIT2,1.30121630509482,1.34392199900013
Malignant,MUC17,0.00145950147353467,0.0442382843683555
Malignant,WDR77,0.661060766969241,0.703998518474743
Malignant,PDF,0.0242930157346185,0.0672590916288315
Malignant,GATA4,0.0218321026626667,0.0648361637210862
Malignant,DDX18,2.0836955774632,2.12674550929437
Malignant,PHACTR3,0.110961741219637,0.154030667031528
Malignant,PFAS,0.179185028572736,0.222265125474552
Malignant,INSM2,0.00101869284707973,0.0441045448886197
Malignant,TMEM94,0.418861984772416,0.462183087564227
Malignant,NUDT17,0.109086682606313,0.152469280748932
Malignant,CERKL,0.048497859887474,0.0921464713919938
Malignant,CTRB1,0.000441550848269912,0.0442278161806794
Malignant,GP6,0.0206820756490556,0.0646697206209087
Malignant,PHKB,0.988074780929666,1.03220964763779
Malignant,TNNI3,0.0742679062336382,0.11852615463857
Malignant,ATP11B,0.623279497315571,0.667618799425561
Malignant,CDON,0.116176489948299,0.16057565137844
Malignant,HS3ST4,0.00457616878515146,0.0489887175514633
Malignant,FBXO27,0.20756100647251,0.251997418194265
Malignant,NBPF15,0.287843805475279,0.332285612925769
Malignant,STAU1,1.91254965129835,1.95703038242932
Malignant,SDK1,0.135446786179099,0.179957072530261
Malignant,SNX25,0.239379819035254,0.283909510740193
Malignant,HRH4,0.0154979611063205,0.0600434556688588
Malignant,MTR,0.612134921166228,0.656776607065847
Malignant,TIGD1,0.227456741638212,0.272102547714215
Malignant,ESYT2,1.0545987555137,1.09929245509014
Malignant,CSMD3,0.0100156457120328,0.0547915577759667
Malignant,LTN1,0.599394495120511,0.644242017815131
Malignant,MOGAT3,0.0203727088649659,0.0652224175207553
Malignant,ZNF329,0.129321941446275,0.174181778460161
Malignant,NPIPA5,0.0541139013121817,0.0990134218175158
Malignant,DNAAF6,0.00682167168239625,0.05182938612594
Malignant,ADIPOQ,0.00500887498809228,0.0500782350057284
Malignant,IL1RAPL2,0.00568072100930225,0.0507730092865392
Malignant,HAVCR1,0.011902915639287,0.0570347992277276
Malignant,ATXN2,0.997775642700659,1.04295357922444
Malignant,CYP2A6,0.000646804481968106,0.0458982025693477
Malignant,SPDYE3,0.0468024778856749,0.0921528142108063
Malignant,MCFD2,1.55633992849753,1.60176413333197
Malignant,DNAH2,0.0364932941531043,0.0819600308538817
Malignant,GAL,0.0898086922337052,0.135363442134212
Malignant,UTP11,1.15373157708803,1.19930264305019
Malignant,C8A,0.00201967956334749,0.0477083764981046
Malignant,LONRF2,0.138789445176903,0.184478580509314
Malignant,RIOK3,1.33433154877242,1.38002758875519
Malignant,TRHDE,0.0186470823911848,0.0644211989299119
Malignant,ONECUT3,0.00811982673314663,0.0539154108052638
Malignant,PBOV1,0.00522439169760014,0.0510820797696592
Malignant,PLA2G12B,0.00202268124980758,0.0479613492486436
Malignant,TRNT1,0.516507289491079,0.562457207337369
Malignant,IFT81,0.400537071693331,0.446753071995121
Malignant,MYL5,0.274330975474141,0.32054702747618
Malignant,ZNF254,0.381279826721746,0.427500442182137
Malignant,ABHD16A,0.322581143638063,0.368877015417063
Malignant,UPP2,0.00388946902920577,0.0503283809398466
Malignant,CPNE4,0.0294834628286884,0.0760249180163564
Malignant,HNF1A,0.0218622609172483,0.0686318880124759
Malignant,ZKSCAN7,0.0652968614055778,0.11217637217865
Malignant,SYNPO2L,0.0319646553826825,0.0788701723343189
Malignant,C7orf25,0.0343213517179024,0.0813170851204149
Malignant,ZNF286A,0.124951251064685,0.171977761220822
Malignant,MAPK8IP3,0.314086921253264,0.361192986438507
Malignant,CLPS,0.00305719615246314,0.0502682714454917
Malignant,FBXO15,0.0550085488160922,0.102295867434596
Malignant,UBR2,0.793139950450067,0.840447291587218
Malignant,GRIK2,0.0157038416409769,0.0632594895873083
Malignant,ZIC1,0.00473893493440412,0.0523428518728452
Malignant,FAM81A,0.0757095916333989,0.123745416398695
Malignant,BBS5,0.0933011726644267,0.14136553721209
Malignant,C1QL1,0.027561124540232,0.0756556542958839
Malignant,ICMT,0.747017524313682,0.79515543486671
Malignant,ZFP14,0.386976316599473,0.435160588702527
Malignant,SMIM11,0.140677490353713,0.188866732233441
Malignant,WDR38,0.00616020806372693,0.0543648687954209
Malignant,ACADM,1.282720218681,1.33109298942306
Malignant,YTHDC2,0.505782078687783,0.554223987295107
Malignant,NBPF12,0.287624888135639,0.33614729377252
Malignant,ANKRD36B,0.616733639614179,0.665354533210743
Malignant,WDPCP,0.232752719137193,0.28144653664905
Malignant,SMOC1,0.0909047908937952,0.139600174457561
Malignant,R3HCC1L,0.293358996701885,0.342131280453469
Malignant,LRRC74B,0.0184058914690029,0.067187911659804
Malignant,KPNA4,1.1402692594422,1.18907400675096
Malignant,BCHE,0.0969069570214563,0.14582556572181
Malignant,XPO4,0.32796635397875,0.377093348379908
Malignant,APBA1,0.0576863274142646,0.106858538696344
Malignant,CHD8,0.647771650744323,0.697058262417494
Malignant,ZNF773,0.136395959900244,0.185731429865635
Malignant,MCPH1,0.439051242639246,0.488480667217297
Malignant,AFP,0.00844769624398378,0.057926506130651
Malignant,ATG10,0.552314681610355,0.6018701225283
Malignant,STOML3,0.00404216277168083,0.0536132919504387
Malignant,MAGEA10,0.0218022930350828,0.0714931349502644
Malignant,STX1B,0.0347580467397487,0.0844647209166723
Malignant,SPIN1,0.950089126276477,0.999796682663244
Malignant,TRIM32,0.207403730942888,0.257149247706096
Malignant,ZNF665,0.113432815753376,0.163243916201538
Malignant,SLC34A3,0.00455451242154441,0.0543827188037547
Malignant,ALG11,0.15360557793396,0.203519619859069
Malignant,SLCO1A2,0.0344485655842086,0.084378141604544
Malignant,PPFIA1,0.801389924612586,0.851462387996666
Malignant,TP73,0.0650644127142855,0.115139013862847
Malignant,TRAK1,0.674576227534413,0.724707728619905
Malignant,RIBC2,0.0672890177196479,0.117447349196358
Malignant,TLK1,1.18772510028481,1.23793451278105
Malignant,PLA2G4E,0.0137748783914055,0.0640656200777097
Malignant,UNC13B,0.324796371437739,0.375176574339248
Malignant,FRRS1L,0.0135383283022709,0.0640049005844396
Malignant,ANKLE1,0.0534230191384843,0.10391139553579
Malignant,ZSWIM5,0.0624449145492936,0.112952286759435
Malignant,GRB14,0.124673227890523,0.175250756450092
Malignant,SUCO,0.810603255556501,0.861211123792715
Malignant,LY6G5B,0.0296917866595624,0.0806710230606415
Malignant,PI4KB,0.721923152135392,0.772972576063315
Malignant,NPAP1,0.00234075330280062,0.0534066594045025
Malignant,HSF4,0.177857556554727,0.229021993758317
Malignant,ANKS4B,0.100842467688335,0.15214439550448
Malignant,ZNF492,0.0429789967581054,0.0942914126075199
Malignant,NME9,0.0132364899698427,0.0645927664111996
Malignant,ACP7,0.0128295207460297,0.0642463132911667
Malignant,NCMAP,0.0800712319724342,0.131600265070983
Malignant,CEP95,0.64563843279344,0.697309333462316
Malignant,AGBL2,0.0445740647869967,0.096432121828533
Malignant,ZNF292,1.29139502208954,1.34329137476898
Malignant,SEMA4G,0.102476011507694,0.15448678849952
Malignant,FAIM,0.77253946477714,0.824568448032757
Malignant,TRMT2B,0.285048645274156,0.337243774319472
Malignant,PATE4,0.000370749354005168,0.0525682383709241
Malignant,PPP2R3A,0.432705255479713,0.485156710512015
Malignant,WDR83,0.464173132903457,0.51662673027384
Malignant,ZNF526,0.218673431349276,0.271364991826178
Malignant,RBL1,0.254077237899353,0.306801306901279
Malignant,CASK,0.461432465424646,0.514163437188184
Malignant,REG3A,0.00019637964861878,0.0529814299315884
Malignant,UGT2B4,0.00301320390512181,0.0559501442119991
Malignant,PECR,0.324321897708292,0.377306440593065
Malignant,ABCF1,1.40626701561205,1.45940006831086
Malignant,CLEC16A,0.288120709063744,0.341488022944049
Malignant,GALNT13,0.015472252157071,0.0688999692836505
Malignant,RAVER1,0.146645854534271,0.200151160923616
Malignant,TSTD2,0.282204362236656,0.335888665293935
Malignant,STRN3,0.842076082873779,0.895792456990863
Malignant,SLC13A1,0.00142473434084867,0.05518099220601
Malignant,DHRS4,0.723568721911533,0.777449971853649
Malignant,LRRD1,0.00718644761348593,0.0611448192100332
Malignant,GRIA2,0.00439473106544494,0.0585630112188406
Malignant,ECPAS,0.718759611235965,0.772941514930946
Malignant,AKAP14,0.00581323720000085,0.059998033834357
Malignant,SGSM1,0.145788708402382,0.199978354118663
Malignant,DNAH3,0.0196114460067867,0.073804649834051
Malignant,CHD3,0.934203528996257,0.988397082370229
Malignant,TXNDC16,0.230668619170329,0.285072419990053
Malignant,NXNL2,0.0579342923294964,0.112424259313741
Malignant,CFAP44,0.137350994157358,0.191948575599361
Malignant,TUBA4B,0.0101670779790814,0.064794135262646
Malignant,LRRC69,0.0908232912505146,0.145566296249898
Malignant,SNTG1,0.00255501021769644,0.0573413162092068
Malignant,NFX1,0.764422615892331,0.819385261941203
Malignant,HOXA13,0.00863728142802471,0.0636301001945636
Malignant,ASB16,0.0120329357690772,0.0670394729691936
Malignant,REG1B,7.9109274324009e-05,0.0551836219218376
Malignant,SIMC1,0.216943488045302,0.272107194058265
Malignant,PON1,0.00996729919628991,0.0651407054523537
Malignant,EFCAB10,0.0109297343315051,0.0661595482001053
Malignant,BOLA2,0.0542401552501836,0.10953887402666
Malignant,BRWD3,0.309462806234115,0.364879034433998
Malignant,GFRAL,0.000312504079368189,0.0557327184690947
Malignant,ADH4,0.00660376262096389,0.0622062048264282
Malignant,ZNF491,0.0284628527572838,0.0841691270409719
Malignant,IFT22,1.0814429345682,1.13714954909699
Malignant,C12orf60,0.0830052692785633,0.138782825833923
Malignant,ZNF557,0.272470558698311,0.328361313933377
Malignant,CTNNA2,0.0304972412304921,0.0865611647523968
Malignant,ABCB6,0.0322045034371227,0.0884769092414098
Malignant,CERS3,0.0102810640169098,0.0667347035525389
Malignant,GGA3,0.369061026824889,0.425601248261217
Malignant,ZNF556,0.0701840137289841,0.12676319788639
Malignant,RPA1,0.791244343901313,0.848055908180142
Malignant,TP53RK,0.714926043708197,0.771847913717315
Malignant,C2CD5,0.346552094612949,0.403660493980379
Malignant,GRM6,0.0105302344290623,0.0680817570341752
Malignant,SPTLC1,0.708956441226047,0.766602673501502
Malignant,RAD51B,0.211574123718659,0.269310877582887
Malignant,LHFPL3,0.00254793689320388,0.0605876445674892
Malignant,RIPPLY3,0.0522436300083146,0.11045918835251
Malignant,TMEM135,0.288295486804724,0.346620194207248
Malignant,B9D2,0.347694909611153,0.406182076641733
Malignant,SEPTIN14,0.00793842703169332,0.0665990019966266
Malignant,PDXP,0.0210335276067502,0.0797649433873635
Malignant,KMT2A,1.25702820649236,1.31587334504275
Malignant,CBS,0.0383715950590221,0.0972827628048323
Malignant,MRPL40,1.65903049525002,1.71795840888566
Malignant,PRTN3,0.004991907924701,0.0639833368731047
Malignant,TLCD4,0.259938315512624,0.319080343833685
Malignant,HOXC10,0.146717992581448,0.20632456342006
Malignant,OSCP1,0.271186501939267,0.331036743294309
Malignant,DCDC2B,0.0190897381412836,0.079128530982896
Malignant,UBE2Q1,0.811365034598039,0.87144566337009
Malignant,PLPPR3,0.0122824539450817,0.072444889864599
Malignant,CEP97,0.27857236282463,0.338803575807784
Malignant,CCDC190,0.0108660238321338,0.0712524040473115
Malignant,ASB6,0.357054751332768,0.417648294189196
Malignant,ZNF619,0.064780275577136,0.125539379929597
Malignant,KLC3,0.153928356547784,0.214704909630592
Malignant,SLC25A33,0.775984040745366,0.836883747563513
Malignant,KCNRG,0.0281404060209563,0.0890806406466923
Malignant,EIF4EBP3,0.194175468273398,0.255137070826592
Malignant,DLGAP1,0.0667778951381756,0.127832578658165
Malignant,PLA2G4B,0.00410046916028706,0.0653756342568778
Malignant,STPG2,0.0101736205428222,0.0715746562618355
Malignant,MFN2,0.550094792688667,0.611628562175993
Malignant,RBFOX3,0.019344643671254,0.0809472130593922
Malignant,PMS1,0.443720511366598,0.505366455310635
Malignant,PHYHIPL,0.0616331785931271,0.123298449923064
Malignant,GPR37L1,0.0219120211398192,0.0837358551696657
Malignant,ACAD11,0.0779892426613031,0.139982610419928
Malignant,CEMP1,0.00672469793274871,0.0687293598220496
Malignant,FADS6,0.0268604066303495,0.0890783542568655
Malignant,DMBX1,0.0206512481853384,0.0829563015888717
Malignant,ODAD1,0.0207248743635079,0.0834113894738256
Malignant,SMARCA5,1.46463376946594,1.52751700389759
Malignant,ABCA3,0.246739228453623,0.309652949315441
Malignant,SP1,0.603621047835056,0.66671599335258
Malignant,CFAP57,0.0236292409681538,0.0867525088680973
Malignant,NXPH1,0.00165594516153332,0.0650021880191461
Malignant,NAT8L,0.0149402753482346,0.0785458713438333
Malignant,FZD5,0.27910356007042,0.342730525808451
Malignant,MRPL53,0.590903705570883,0.654551089957933
Malignant,ERICH3,0.0172109485319626,0.0809275530887906
Malignant,FIBCD1,0.0304945708251396,0.0944233490488918
Malignant,UBR4,0.966257235673673,1.03037895068024
Malignant,PPARA,0.404981527348666,0.469434351273676
Malignant,NOX1,0.00656410684365056,0.0710866357081993
Malignant,CTCFL,0.0116942554805253,0.0765909825789547
Malignant,DUS1L,0.82326191976983,0.888200778961154
Malignant,ONECUT1,0.00874293681481455,0.073896718954177
Malignant,SPRR2A,0.0104525474798473,0.0758384720220484
Malignant,DEDD,0.519876014678412,0.585399827945297
Malignant,EFNA2,0.00862799314631627,0.0741560092805279
Malignant,ALAS2,0.00588830503402938,0.0715023997380279
Malignant,CLEC18C,0.00398770824783428,0.0697295006003089
Malignant,POPDC3,0.0299220393929599,0.0956683184572437
Malignant,CCDC78,0.0417809789786509,0.107941159377319
Malignant,COX16,1.00918159178478,1.0755307131
Malignant,RARS2,0.802574042018587,0.869125560830201
Malignant,MED18,0.219634183493275,0.286248676835504
Malignant,UGT2A1,0.0055279365079365,0.0722356288230214
Malignant,DNAH11,0.134454145657338,0.201262335231262
Malignant,FLG,0.000848232141928464,0.0677880608650086
Malignant,CNNM3,0.236094751479282,0.303109518156941
Malignant,TNNT1,0.335521600896497,0.40269481686229
Malignant,OBSCN,0.151962584910992,0.219147314276261
Malignant,TCF20,0.381556646013402,0.448853546652003
Malignant,SCGN,0.0167672640417075,0.0841445286739656
Malignant,POTEE,0.053898440201248,0.121698003958597
Malignant,RHBG,0.0212018251327431,0.0890817595091647
Malignant,INSYN2A,0.016962033254576,0.084875056805924
Malignant,LIN28A,0.00682791556265905,0.0748229192268903
Malignant,ZYG11A,0.0475492457980729,0.115579488378335
Malignant,ZNF713,0.109625820187376,0.177671779230763
Malignant,MAP3K19,0.00449034393876809,0.0726505781511698
Malignant,SMARCC1,1.34737522500969,1.41568615980855
Malignant,SLC25A10,0.348550373322654,0.416889112745521
Malignant,B3GNT6,0.0256865587479491,0.0942540316675047
Malignant,TTYH1,0.0538170457508558,0.122490045279355
Malignant,PTPRH,0.0959668014817941,0.164706042575504
Malignant,KDM6A,0.418779384690386,0.487534896531437
Malignant,SLC9B1,0.0462035709106672,0.114987721101614
Malignant,FABP7,0.0242190227615194,0.0931093052239758
Malignant,CDK18,0.317600295526995,0.386756519235523
Malignant,NDUFAF4,0.771703684623273,0.840887387472263
Malignant,HMGB3,1.13336498781605,1.20275457311853
Malignant,OLAH,0.0113535088212576,0.0809136252528999
Malignant,KCNJ11,0.0487551976147801,0.118364277289023
Malignant,GATAD2A,0.655743896570585,0.725449379039232
Malignant,ZNF805,0.140125791893463,0.210132594256217
Malignant,IGFBPL1,0.0210635746002147,0.0911743398692811
Malignant,XIAP,1.14208144320658,1.21221242619535
Malignant,FBXL18,0.203487726464852,0.273733712519224
Malignant,DYDC2,0.0221532996620021,0.0924603225786065
Malignant,ZNF716,0.0205379256025279,0.0909892442708422
Malignant,SERPINC1,0.00347529778765482,0.0741400116492819
Malignant,CYP4A11,0.00474999200126528,0.075631382726642
Malignant,RPL10L,0.0270991534466972,0.0980276476953695
Malignant,INSIG2,0.792686920511772,0.86373525660028
Malignant,TASOR2,0.625562215789925,0.696646855845564
Malignant,ARHGEF26,0.281190224937429,0.352335771413063
Malignant,LRP1B,0.00749260653703545,0.0787358623980619
Malignant,TTC29,0.0034027515725705,0.0747379196096784
Malignant,KLHL21,0.420785300666836,0.492295189136303
Malignant,CLGN,0.0956146363443054,0.167313793962455
Malignant,C14orf178,0.00409804382493018,0.0759178986554403
Malignant,MAGEB10,0.00489398566358419,0.0768355656808711
Malignant,DLK2,0.0381325363943647,0.110327824465016
Malignant,OXR1,0.977675737259215,1.04992791698588
Malignant,RIBC1,0.0666340333440204,0.139061303260809
Malignant,PBLD,0.212966940824645,0.285616010162744
Malignant,CCNC,1.33599218001176,1.4087035492894
Malignant,OSBPL3,0.406390914681583,0.47976675082079
Malignant,FBXL17,0.386810098615923,0.460322609763967
Malignant,PHIP,1.63037458905926,1.70399338403313
Malignant,UGT3A1,0.0036254678665148,0.0772609317494314
Malignant,PRAC2,0.0108531029477379,0.0847038515961589
Malignant,MAFG,0.707073080936492,0.78127089369341
Malignant,DPYSL5,0.0122248919279152,0.0866600342638236
Malignant,NKIRAS1,0.317945309395317,0.392514457459082
Malignant,PLEKHG4B,0.0822996519765706,0.156990581374268
Malignant,DIP2B,0.528190619016892,0.602975001561481
Malignant,MON2,0.603905150952792,0.678980229406304
Malignant,SLC22A7,0.00147782439945453,0.0771865617450156
Malignant,G6PC1,0.0116808769537397,0.087407884244575
Malignant,TFIP11,0.427577291966814,0.50384841084647
Malignant,C2CD3,0.247738162350624,0.324055246256467
Malignant,MDP1,0.344749988446014,0.421086267764258
Malignant,HOXB9,0.0366066747106045,0.113162172686276
Malignant,LRRC46,0.036970159451407,0.113725240549019
Malignant,TAT,0.00863855729024812,0.0853960996687604
Malignant,KIF18B,0.117829541725696,0.194741200746963
Malignant,SLC7A9,0.019818252002667,0.0967547054562087
Malignant,IQCD,0.0951339968163352,0.172233754076634
Malignant,SPEF1,0.0434202484435922,0.120664843373309
Malignant,SLC5A12,0.0213406611570248,0.0986621429721835
Malignant,EIF3CL,0.0723265768541616,0.14976962232244
Malignant,ZNF527,0.129716541727603,0.207400238448358
Malignant,MCCD1,0.000380312265568913,0.078648080276067
Malignant,C2orf83,0.00236091094451682,0.0807302162796801
Malignant,LMNTD1,0.0394266073230133,0.118350185703041
Malignant,MMD2,0.00895124305045631,0.0882071604938272
Malignant,FASN,0.808531263257652,0.887852094786839
Malignant,SPINK13,0.00991190776436678,0.0892366533287459
Malignant,TMEM38B,0.607790698656929,0.687122213973191
Malignant,NCLN,0.720795784393102,0.800255077448544
Malignant,RFX7,0.247014012472014,0.326481442459209
Malignant,SPDYE1,0.0265418500375499,0.10604648591392
Malignant,VEPH1,0.0802468522560593,0.159781048558017
Malignant,GUCA1B,0.0124311004444218,0.0926156874105984
Malignant,SLC16A12,0.0424990705363865,0.122747136214953
Malignant,CEACAM8,0.00539935155595476,0.0858662278736723
Malignant,HBM,0.00263513978353515,0.0831300167733815
Malignant,ATP6V0A1,0.854546244451105,0.935062184845112
Malignant,ACAT1,1.29289084946456,1.37340893023049
Malignant,FARS2,0.513995376068233,0.594796684685206
Malignant,C15orf61,0.906728293395106,0.988125205817909
Malignant,CTXN1,0.176190048504674,0.257679936105209
Malignant,AKR1C4,0.00555846579757418,0.0870995650945754
Malignant,DNMT3A,0.527764530452241,0.609608823468448
Malignant,CCDC74B,0.102534981838371,0.184401612172619
Malignant,APBB3,0.282270719314128,0.36438725771809
Malignant,AIPL1,0.014707973786463,0.0969098913650583
Malignant,BAIAP2L2,0.123281084057781,0.205840092198943
Malignant,TREX1,0.207882712682262,0.290441902901348
Malignant,ZNF793,0.217309483483243,0.29987760235885
Malignant,TENM2,0.0655078856342748,0.148083410370773
Malignant,SLC36A2,0.00708817886170305,0.0898729624244874
Malignant,STT3B,1.2728071367805,1.35605782342762
Malignant,NOMO2,0.0732084190454722,0.1568551454566
Malignant,EDC4,0.0935516994059882,0.177326479469466
Malignant,NRXN1,0.0221964050471496,0.106073424269536
Malignant,BSCL2,0.266107949232053,0.350113182665999
Malignant,AMACR,0.155119553009169,0.239327360893683
Malignant,ATP1B4,0.00585922800883637,0.0903979342834817
Malignant,MDM1,0.281509932544761,0.366221059087399
Malignant,WWOX,0.404526551148609,0.489238394731115
Malignant,FRMPD2,0.00960609329446064,0.0946259914273774
Malignant,CDHR3,0.141198703432489,0.226873572821804
Malignant,CFAP299,0.00773265709155563,0.093448377339318
Malignant,CCDC113,0.154435784382856,0.240230816842233
Malignant,TBC1D14,0.589969322088337,0.675779472104775
Malignant,TOMM34,0.583811181637775,0.669768743639593
Malignant,INA,0.0186667343681381,0.104674
Malignant,ZSCAN22,0.0759115246220294,0.162314601306835
Malignant,GSK3B,0.764293800705697,0.850783070500175
Malignant,EHHADH,0.186077811321871,0.272651399981013
Malignant,GCNT7,0.000972277877161598,0.0876140840768989
Malignant,MPL,0.00558317096596023,0.092296424416387
Malignant,FMR1,0.60436742522669,0.691201003918657
Malignant,SLC9A4,0.00817754396960302,0.0952522779143652
Malignant,C5,0.0905304433502331,0.1778358592268
Malignant,H1-5,0.117776690243409,0.205305152358781
Malignant,BCAS2,1.49386162210954,1.58231778600655
Malignant,MYLK3,0.0292232548274553,0.1182504652512
Malignant,ERVV-1,0.00169573674598183,0.0909608272138883
Malignant,CFAP100,0.00280730579709328,0.0921164671440673
Malignant,ABAT,0.256370673333336,0.345773717769956
Malignant,SNRPA,1.14003792878697,1.22951141189314
Malignant,AQP6,0.0187729303176681,0.108556685320484
Malignant,NRG3,0.0403522224261832,0.130223217511792
Malignant,SLC5A5,0.0335041604913641,0.123477198193027
Malignant,TRPV1,0.0685320641957044,0.158973968759986
Malignant,WDR91,0.29964023551879,0.39014320791272
Malignant,DUXA,0.00079843764976517,0.0916068954248366
Malignant,HES6,0.338346976210959,0.429703521507536
Malignant,NMU,0.226021995420097,0.317823604052705
Malignant,ARFGEF2,0.539009182953907,0.630916399819202
Malignant,RANBP17,0.201492888166974,0.293497221145593
Malignant,SMN2,0.182448538011157,0.274531496199081
Malignant,F2,0.00342568583758081,0.0955154154047656
Malignant,PTGES3L,0.0450878631967091,0.137310565482614
Malignant,CHRNB1,0.334175796025362,0.426727425077559
Malignant,PLG,0.00670335079311997,0.099702753461194
Malignant,PCDH15,0.00254200576062685,0.0956971809126682
Malignant,PCDH11Y,0.0305568103276345,0.123742678623257
Malignant,NEUROD2,0.0101022930009591,0.103398973846823
Malignant,SLC22A12,4.74607706884832e-05,0.0934783344619552
Malignant,TUBGCP6,0.240428063511712,0.333945134360455
Malignant,AHSG,0.00920693349171218,0.102735532343762
Malignant,RNF222,0.015281766718669,0.109188327197485
Malignant,GFAP,0.00537077915718341,0.099321091759634
Malignant,LDB1,0.262945327978401,0.357068449745727
Malignant,PARP16,0.243296678722115,0.33887520606481
Malignant,NANOG,0.0320814269954412,0.127847421184371
Malignant,ABCB5,0.0231097222495103,0.118906773782265
Malignant,ZNF850,0.132241468660434,0.228100832643791
Malignant,CENPV,0.402622074006895,0.499689387273524
Malignant,SIM2,0.0614071562948533,0.158519195822325
Malignant,C4B,0.0274583637422503,0.124698159665531
Malignant,C7orf57,0.0126165954246698,0.109857335275336
Malignant,CHGA,0.0231842302886547,0.120494005113691
Malignant,SMIM17,0.011226784852738,0.108709285330389
Malignant,SEC14L4,0.0549377960912908,0.152435135716645
Malignant,TEX2,0.320302126124084,0.417806606947029
Malignant,TBCCD1,0.247060120783444,0.344658129446026
Malignant,ARFGEF1,0.768952813445398,0.86667591014016
Malignant,TM9SF1,0.315297346604075,0.413103924781152
Malignant,ZNF460,0.18285091543682,0.280816220417828
Malignant,DYDC1,0.00670580053828153,0.104933395061729
Malignant,WFDC8,0.00530037477882256,0.103782472600151
Malignant,TMEM232,0.0384576960049791,0.137103720292159
Malignant,NMNAT1,0.267449233620938,0.366155428235712
Malignant,POLH,0.285174270301252,0.383903946742914
Malignant,SLC26A3,0.00206831269699377,0.101462855855137
Malignant,CSMD1,0.0269740388811023,0.126872745935649
Malignant,H2AC17,0.0733122834180368,0.174226676705392
Malignant,HNRNPH1,3.16424933891248,3.26541406981872
Malignant,CFAP77,0.00404777424495177,0.106612096380556
Malignant,TANC2,0.443324334708175,0.546337345077183
Malignant,CLTRN,0.0643227118655184,0.167454769575263
Malignant,HPX,0.0196233223217935,0.122991452609718
Malignant,DNAH9,0.0331033928728122,0.13748010522985
Malignant,ANKUB1,0.0160918126155506,0.121123334646932
Malignant,TBCK,0.305970869251971,0.411024615820455
Malignant,RDH11,1.15326889312138,1.25838291126459
Malignant,ACAA2,1.18959035299405,1.29535206438635
Malignant,DCX,0.00838410836528697,0.114282962625719
Malignant,STAG2,1.35093523067447,1.45729142960357
Malignant,MBIP,0.692325754168218,0.799039281381421
Malignant,BRAF,0.546611485816717,0.653406961590755
Malignant,NPHS2,0.000333356870371755,0.107307777777778
Malignant,UBA2,1.4667637067905,1.57386275557095
Malignant,MAT1A,0.0150647224008609,0.122294130537781
Malignant,SNTN,0.0176356098401936,0.124904301028523
Malignant,BTBD9,0.199687500920478,0.307007491441018
Malignant,PCDH9,0.205540777229242,0.313646305612803
Malignant,FOXL2NB,0.00143637001501207,0.109820484374433
Malignant,OTUD6A,0.0109565454960754,0.11942328761526
Malignant,OGDH,0.702823533773607,0.811307450680467
Malignant,RNF43,0.34668101198848,0.455548756362498
Malignant,SEC22B,1.32979170500271,1.43963771386436
Malignant,UGT2B15,0.0626806617407846,0.172617506996976
Malignant,HIPK2,1.17288262666317,1.28318101255706
Malignant,KCNA7,0.0181488885543489,0.128910407306629
Malignant,C18orf32,0.832855318517142,0.943696649315522
Malignant,ZNF609,0.516432997801181,0.627306146996135
Malignant,NYAP2,0.0436417680512669,0.154583075319052
Malignant,VPS13B,0.464637170187655,0.575991495753767
Malignant,DONSON,0.307307292996218,0.418925197207228
Malignant,FAM151A,0.00557026763990268,0.117921684030007
Malignant,PIPOX,0.0976983241909166,0.210146057272229
Malignant,SLC22A8,0.00198573757957626,0.114915795600592
Malignant,EXD1,0.00660717335818796,0.120026423278797
Malignant,XKR9,0.118519847529785,0.232501556029182
Malignant,TBC1D32,0.168558677980324,0.282759482384649
Malignant,SLC6A19,0.00111328467153285,0.115981154093513
Malignant,MTARC1,0.238226764381018,0.353180386232354
Malignant,PCOLCE2,0.122288042451003,0.237701365828673
Malignant,BOLA2B,0.554650105485232,0.670137208470071
Malignant,TUBA1C,2.21856679745052,2.33442211050989
Malignant,OGFOD1,0.568720492350718,0.684629221473277
Malignant,GNL3L,0.381326062639964,0.497739942782337
Malignant,CYP1A2,0.00332337884832255,0.120649725470227
Malignant,CANT1,0.771091201744761,0.888485171823934
Malignant,FTCD,0.0408289986469588,0.15825740248272
Malignant,IQCB1,0.577746037686838,0.695269212580711
Malignant,MAP4K3,0.406414192250367,0.52412132378405
Malignant,DDX47,0.126014472902104,0.24378679213831
Malignant,CFAP52,0.00513724590615624,0.123438043309875
Malignant,SPDYE2,0.00552993904378069,0.124647496251204
Malignant,BNIP3,1.6488984609662,1.76825221193608
Malignant,MAPT,0.0850621230255479,0.20459509723535
Malignant,MLANA,0.00736450875997388,0.127071802027062
Malignant,CTXN3,0.00133472710682602,0.121605788884023
Malignant,IAPP,0.0443909765606758,0.165366986003973
Malignant,PIBF1,0.470788357450463,0.592708104224897
Malignant,SPAG6,0.0516898117761065,0.173786103173829
Malignant,NBPF1,0.387385269355211,0.509743346280046
Malignant,AGMAT,0.184576086304474,0.307046461889757
Malignant,CRYZ,0.721534593417515,0.844257041158296
Malignant,HOGA1,0.0415123059425837,0.165283368486631
Malignant,CCDC181,0.0468515178306044,0.172123682953139
Malignant,CFAP251,0.185308108214858,0.31088635735422
Malignant,ANKHD1,0.48232122249795,0.608999809038706
Malignant,RIDA,0.808371961563338,0.935697847238777
Malignant,DMC1,0.079536024348545,0.207394341200314
Malignant,HOATZ,0.00740882329556748,0.136039217085879
Malignant,KLHL23,0.504035027889041,0.632869007754744
Malignant,KRT20,0.00415723921805052,0.133968266130801
Malignant,DRC1,0.0148807037345612,0.145027688752141
Malignant,CA9,0.255427674428738,0.385724231889625
Malignant,MRFAP1L1,0.941602367651521,1.07202584946088
Malignant,ZBTB3,0.100735521961076,0.231233465201885
Malignant,LPGAT1,0.852627442789107,0.983372127053455
Malignant,ORM2,0.00700518695531181,0.138097320867144
Malignant,ASL,0.909231793548494,1.04151096677787
Malignant,BRI3BP,0.517337396134832,0.64990316798187
Malignant,CLDN18,0.0110237517724982,0.14367361188645
Malignant,CCNL2,1.34493422716687,1.4784788417907
Malignant,ARHGEF18,0.0587184028546912,0.192983619164425
Malignant,ABHD4,0.261545598684235,0.395994918798514
Malignant,CCDC142,0.262520062147105,0.397670620737787
Malignant,GAL3ST1,0.0706739550478601,0.205855761019181
Malignant,HEPACAM,0.000794834248436069,0.136714358555104
Malignant,MBD5,0.458594523806435,0.595389110241228
Malignant,TRPM8,0.0526446190820744,0.189669146848493
Malignant,PRLR,0.0994646934153901,0.237419512809484
Malignant,BAAT,0.0203644326949579,0.158556385817184
Malignant,PUM3,0.894418635560923,1.03367644166227
Malignant,FOXJ1,0.101720624420921,0.241876366798414
Malignant,WDR72,0.15338643450912,0.293655250766963
Malignant,AMBRA1,0.2404154593142,0.381142717412641
Malignant,CDKAL1,0.402952930948921,0.545024808217673
Malignant,GPS2,0.669349157883218,0.811978601173563
Malignant,SLC6A13,0.00618582784261792,0.149225805041872
Malignant,TNKS,0.416953995279977,0.56052259351852
Malignant,BEX1,0.136695903077022,0.280503512901898
Malignant,AARS1,0.804443715300356,0.950138639998459
Malignant,PPIL6,0.169516311340827,0.318092533750916
Malignant,HABP2,0.0136033128526128,0.163102924259789
Malignant,CABP4,0.0736897586495698,0.223386140696669
Malignant,ONECUT2,0.124548560779061,0.274755247947748
Malignant,SERF1B,0.029483427965559,0.18060781502786
Malignant,C4A,0.0246525316455696,0.176201434843217
Malignant,L2HGDH,0.266764047467316,0.418456743099344
Malignant,GDPD1,0.111106708975433,0.263712930825859
Malignant,ARGFX,0.0052791328618938,0.15833914878572
Malignant,PON3,0.0576125825978487,0.213391789146416
Malignant,RBM4,0.984566996609255,1.14071955807104
Malignant,MOG,0.0106887596366037,0.16715913272423
Malignant,SULT2A1,0.0142827411237691,0.172498945549665
Malignant,CLASP1,0.527782315413142,0.686708204225549
Malignant,COX6B2,0.0677753204840234,0.226944702642479
Malignant,BICD1,0.48534192646758,0.646373242932783
Malignant,CTTN,2.05714577028858,2.21867846346272
Malignant,CPB2,0.00829700287097847,0.172610401172035
Malignant,CRX,0.0254633399524423,0.189854844773749
Malignant,PGC,0.00700463729988604,0.172170538260081
Malignant,ANKRD30A,0.0014370802919708,0.166787842901017
Malignant,STT3A,0.978086508112842,1.14351827774475
Malignant,TSPAN3,2.03811576594276,2.2039181791409
Malignant,GSG1,0.00772353118007529,0.173942975250869
Malignant,OR7D2,0.0086143228118682,0.175028417804203
Malignant,FGFR4,0.101440171864185,0.269164633116304
Malignant,SLC37A4,0.490870720385232,0.658675192285032
Malignant,HBG2,0.0119651023585453,0.180868677192881
Malignant,HOXB13,0.0457211414267927,0.216062835119026
Malignant,SYT13,0.0907001100574162,0.262303013557535
Malignant,MS4A10,0.00371481840113599,0.175406409205673
Malignant,POU5F1,0.167021302804331,0.338768334518186
Malignant,C1orf174,0.637575348595975,0.80934199096047
Malignant,UPK3BL1,0.0710688098550318,0.243185016469084
Malignant,TXLNA,0.679502857354963,0.852084762468904
Malignant,UMOD,0.000346563787980447,0.173424084678067
Malignant,NME2,1.3502589023317,1.52404536271093
Malignant,SPC25,0.387449625828795,0.561335624845355
Malignant,DAND5,0.0249216340929375,0.200758955556734
Malignant,EXOC4,0.768784086997026,0.946413067641586
Malignant,PRODH2,0.0018869792083457,0.179616180075654
Malignant,KCNJ3,0.128899203237198,0.306894842764181
Malignant,TIPIN,0.5045194635095,0.686014838704178
Malignant,CDH17,0.0158116539960697,0.198696986196234
Malignant,KLK7,0.0590562045333948,0.24237219309857
Malignant,ACBD7,0.0160751504403795,0.201788488964426
Malignant,ZKSCAN3,0.112844333995356,0.299029307520338
Malignant,SPDYE5,0.0197370999974664,0.211562262694966
Malignant,SLC3A1,0.0476769302349345,0.2401962092905
Malignant,ATCAY,0.0405713550554237,0.235576354324935
Malignant,ORM1,0.00715947471931663,0.202846112240051
Malignant,KNG1,0.00982372504321032,0.205946506445665
Malignant,REG1A,0.00779770127872472,0.207087357304645
Malignant,TRAPPC2,0.687834259887961,0.889289092833999
Malignant,PABPC3,0.0922571954596108,0.301682361255272
Malignant,APCS,0.000162790995139421,0.211574394222758
Malignant,DRD4,0.0245067334746731,0.239060574020857
Malignant,CCDC198,0.0370913610051862,0.252252114895913
Malignant,GLYAT,0.00234056131073119,0.230199047216882
Malignant,KIAA0825,0.0881753986448012,0.319257570456561
Malignant,C21orf62,0.0298253203287449,0.261505632741808
Malignant,CALB1,0.0281367883211679,0.264197891403911
Malignant,PDZK1,0.0576481077316582,0.296785343025327
Malignant,BHMT,0.00728764470699851,0.248374022873535
Malignant,NACA2,0.551726181470287,0.797211801829684
Malignant,PITX1,0.451202112562028,0.702609611195573
Malignant,SFTPC,0.00226054245666032,0.258752433977385
Malignant,SNURF,0.0818798224053045,0.338541507949965
Malignant,FGA,0.00413411579723389,0.266361287931837
Malignant,PRAC1,0.000570676213206046,0.263924022801284
Malignant,NPIPA1,0.256507412425798,0.523288110492807
Malignant,H2AC18,0.134933650793651,0.419669432607243
Malignant,NKX2-1,0.00280554401805869,0.290956790420667
Malignant,RBM34,0.333826855366856,0.693667643333502
Malignant,SCGB1A1,0.00758062664968252,0.375412592933226
Malignant,PRSS3,0.0755651843842049,0.46631549808614
Malignant,SFTPB,0.0283322625692568,0.428079250268891
Malignant,H2BC12,0.249085338516359,0.665524204623974
Malignant,SHISA9,0.109478291526886,0.534907016751536
Malignant,ASTN2,0.174186930588565,0.652042786612259
Malignant,PRAP1,0.0451849689353494,0.545108277584868
Malignant,PCSK1N,0.554527806435053,1.06071224068514
Malignant,TMEM212,0.00840550936632164,0.574533197282516
NK_cell,GNLY,7.79042643636855,1.69690047220208
NK_cell,NKG7,8.29079941621001,3.53089876648447
NK_cell,KLRD1,5.61138479026991,1.47579568293876
NK_cell,KLRF1,4.06971990884541,0.302022472987163
NK_cell,CTSW,6.00736631540003,2.31358915159929
NK_cell,PRF1,5.6249716073085,2.07645248203123
NK_cell,KLRB1,5.70813720751967,2.3784540968388
NK_cell,GZMB,5.62801291810753,2.44187345601013
NK_cell,HOPX,4.51759572523249,1.46666796801122
NK_cell,CCL4,6.02031786501301,2.99629768483837
NK_cell,CST7,6.13108476719543,3.23620835104528
NK_cell,CMC1,4.11993501048207,1.38720606903536
NK_cell,FGFBP2,3.03792178183743,0.368841396316342
NK_cell,GZMA,6.09405001323287,3.56090108388035
NK_cell,KLRC1,2.97151717114641,0.610172718685665
NK_cell,IL2RB,3.79608672628672,1.63670426200539
NK_cell,CD7,5.8598179993781,3.73665569108719
NK_cell,IFITM1,5.54148949854632,3.43749364830129
NK_cell,CCL5,6.98734658504842,4.92856932154545
NK_cell,MATK,3.01702828190161,1.15705157997243
NK_cell,GZMM,3.70553926174719,1.8987884331846
NK_cell,GZMH,3.53605859445183,1.77551184756566
NK_cell,SH2D1B,1.84007667102504,0.136160221187487
NK_cell,XCL2,2.47959476072939,0.803438437664461
NK_cell,CLIC3,2.92384674352796,1.35860036892582
NK_cell,HCST,6.0235056962943,4.46145830569323
NK_cell,TXK,2.18554510743062,0.63055550246118
NK_cell,S1PR5,1.70007534930589,0.176902450937461
NK_cell,XCL1,2.20126862446003,0.696284263155228
NK_cell,PTGDR,1.80324328634533,0.324791110274144
NK_cell,ADGRE5,3.66490011205703,2.21284952326966
NK_cell,NCR3,2.04223277777778,0.603086286648583
NK_cell,CD247,4.12636426062898,2.70318590955485
NK_cell,BIN2,3.44572354277404,2.13083227131676
NK_cell,SAMD3,2.34368058278867,1.07589226682964
NK_cell,DUSP2,4.33516607180624,3.11048617429191
NK_cell,CHST12,2.8608876233948,1.69409305951898
NK_cell,PLAC8,4.28295820001928,3.14063734657992
NK_cell,BTG1,7.54164961719343,6.41202846645033
NK_cell,APMAP,2.83576587301588,1.73451218080861
NK_cell,IRF1,3.95529629993328,2.85841906523143
NK_cell,CD160,1.35705865364065,0.273405207127617
NK_cell,TBX21,1.39632183673108,0.376233671500146
NK_cell,TTC38,1.52151762133975,0.521097320813154
NK_cell,TXNIP,5.72217336385086,4.73358677729987
NK_cell,MBP,2.55154864505874,1.58358185440351
NK_cell,PLAAT4,4.44663854133686,3.49938075064026
NK_cell,CCND3,3.34997482081043,2.40457122005561
NK_cell,AKNA,2.86434006845312,1.94161972822931
NK_cell,DOK2,2.92238784124206,2.00610545600156
NK_cell,PIK3R1,2.69886950473848,1.81759679205409
NK_cell,RAP1B,3.47613811281996,2.62315673689049
NK_cell,CEP78,1.31478346510688,0.466311044247323
NK_cell,ARL4C,3.22286794267316,2.42689422608565
NK_cell,MYO1F,3.05746224178228,2.27577177104562
NK_cell,KLRC2,1.14293578201498,0.366620881742134
NK_cell,NCR1,0.88264606987324,0.130846942003081
NK_cell,NR4A2,3.93111385601448,3.17951603860741
NK_cell,VPS37B,2.08380468893284,1.35054541370151
NK_cell,PTPN4,1.72812496881264,1.00284822147444
NK_cell,PRKACB,1.90652879523665,1.18865449528978
NK_cell,FCRL6,1.0411427764688,0.328779651352825
NK_cell,SPN,2.37216353510879,1.66052392914161
NK_cell,CDC42SE1,2.72856848404938,2.0291501337091
NK_cell,SUN2,2.37679137354393,1.68297713206276
NK_cell,PYHIN1,2.17255192419633,1.47939349522802
NK_cell,GNG2,2.49824107929157,1.82328935238371
NK_cell,JAK1,3.70584802031197,3.0545978725076
NK_cell,MAPRE2,1.7398051238368,1.11265288172014
NK_cell,CD244,0.887862723205918,0.262771483754708
NK_cell,TMIGD2,1.21042011856198,0.587701813467832
NK_cell,RASA3,1.15116207137847,0.547455744341437
NK_cell,SH2D2A,2.24188601083033,1.639844702168
NK_cell,RUNX3,2.48862047102736,1.90019167290222
NK_cell,RNF125,1.82062341794275,1.23957651866538
NK_cell,HLA-C,8.67279176994423,8.09989495703867
NK_cell,TPST2,2.25317834908599,1.68168599435102
NK_cell,IL18RAP,0.831009424111679,0.265934127407315
NK_cell,APOBEC3G,2.8514803817125,2.28999358753654
NK_cell,TNFSF14,1.14115027777778,0.583536612295919
NK_cell,ATM,2.07506509259259,1.53046835284304
NK_cell,SYTL1,1.64018068537285,1.10483531185941
NK_cell,CALM1,6.11451630340524,5.59123402788968
NK_cell,SYTL3,2.5200298715887,2.00357013755651
NK_cell,ARHGAP9,2.21846634777377,1.70258992626751
NK_cell,STARD3NL,1.66393315886456,1.15711128437467
NK_cell,DDX5,6.71918808255196,6.21447409442929
NK_cell,PAXX,2.70606711968262,2.21291840997347
NK_cell,KIR2DL3,0.569313843575355,0.0763596345305631
NK_cell,CBLB,1.94495862815885,1.4616372856368
NK_cell,GIMAP7,3.4042467363468,2.9337661270642
NK_cell,TMA7,5.78165476817971,5.31664114354405
NK_cell,ITGAL,1.84677068959801,1.38325293217544
NK_cell,RPL17,5.27835098858173,4.81615314142727
NK_cell,C1orf56,1.52431527935023,1.07101678315149
NK_cell,PRMT2,2.81083117343487,2.35888107329887
NK_cell,TSPAN32,1.01869785217525,0.572028317989928
NK_cell,BTN3A2,2.33195130363846,1.88640718740249
NK_cell,MYL12A,6.32712769771928,5.88181441175713
NK_cell,FASLG,0.957602008701569,0.514929527342272
NK_cell,PRKCH,2.46508825522879,2.0250212204015
NK_cell,RASSF1,1.60689503692008,1.16690795957788
NK_cell,STK17A,3.27547056438083,2.83742241236061
NK_cell,CAPN12,0.829278318454777,0.391774737841152
NK_cell,KIR2DL4,0.624084659024273,0.187199216092635
NK_cell,TAGAP,2.10308788985968,1.67887767465255
NK_cell,YPEL1,0.754531706373447,0.338465896705296
NK_cell,LPCAT1,1.12263538942595,0.708675660763032
NK_cell,PPP1CA,3.59088334175364,3.17824304109131
NK_cell,YWHAZ,4.72592842260491,4.31908038959443
NK_cell,RAB29,1.52336195982324,1.12964463858958
NK_cell,STAT4,1.83176073080147,1.43927413290841
NK_cell,STK26,0.819980011835339,0.428300141441639
NK_cell,PTGER2,1.12085330783336,0.730683273269758
NK_cell,KLRC3,0.534261972353203,0.146698373407527
NK_cell,CLEC2B,2.87989327622884,2.49602551406302
NK_cell,IER2,5.14333326125118,4.76543952033962
NK_cell,ZAP70,2.15908071360641,1.78134544154611
NK_cell,GABARAPL1,1.82786775515933,1.4515286165426
NK_cell,PARP8,1.80736812988118,1.4350809492982
NK_cell,ZNF800,1.26107273849619,0.889612431460822
NK_cell,HLA-E,7.16442240896359,6.7945592908234
NK_cell,PTPRC,5.89819219974158,5.53195964298054
NK_cell,LY6E,4.14103085058339,3.78887707766005
NK_cell,LIMD2,3.6022927975889,3.25193900086786
NK_cell,VAMP2,3.05805989417989,2.71328054318426
NK_cell,EVL,4.46332547061722,4.11900249979291
NK_cell,SLA2,1.40103763626748,1.06328668642146
NK_cell,SIGIRR,2.16970245487365,1.83257395892138
NK_cell,RBM39,4.56982542220846,4.23382257068251
NK_cell,PPP2R2B,0.725019033928362,0.391424587393676
NK_cell,EPC1,2.20564929429675,1.87284637641909
NK_cell,IFITM2,6.27145623174169,5.93953494371736
NK_cell,IDI1,2.16930759710528,1.83808617813409
NK_cell,PIP4K2A,2.13209330271722,1.80152377375289
NK_cell,ARAP2,1.310923924836,0.981692706922671
NK_cell,CLDND1,1.88865448957457,1.56806243628099
NK_cell,APBA2,0.739959826919161,0.423230360286897
NK_cell,KIR2DL1,0.361891736520536,0.0455432343029464
NK_cell,EOMES,0.842748995264732,0.530096830593634
NK_cell,USP28,0.671479417989418,0.360324739420126
NK_cell,GYPC,2.917948988604,2.60681066614444
NK_cell,HELZ,1.32051463071662,1.00995364210272
NK_cell,KRT86,0.627966535361254,0.319150211696958
NK_cell,PLEKHF1,0.95738101851852,0.654117187271226
NK_cell,RIPOR2,2.09488549812408,1.79612089629879
NK_cell,HLA-B,8.99579291374761,8.7006092123243
NK_cell,HSPA8,6.03549829621675,5.74367273051371
NK_cell,KRT81,0.429353249828746,0.139614374727489
NK_cell,TMX4,1.50817267997452,1.21850613126919
NK_cell,G6PD,1.22343520346279,0.940262578764144
NK_cell,TMEM71,0.765991266254688,0.485795754877484
NK_cell,TES,1.907240737434,1.62945272090123
NK_cell,EIF1,7.80096021738176,7.53290740250519
NK_cell,P2RY8,0.953451001153871,0.685856030086321
NK_cell,KIR3DL1,0.305199548411111,0.0386272994071099
NK_cell,JMJD6,1.502980971806,1.23848603439904
NK_cell,ARHGEF1,2.5613278801475,2.29703371773873
NK_cell,MBNL1,3.13273580551126,2.87037413716488
NK_cell,SIRT2,1.24773482918917,0.991153948269294
NK_cell,SACM1L,0.83922167101071,0.58316253150045
NK_cell,PATL2,0.673155251322751,0.420609603115892
NK_cell,EIF3G,3.74586162589398,3.49532052906738
NK_cell,IL27RA,1.39521918219923,1.15263642620378
NK_cell,DDX6,2.20641529254056,1.9666062937193
NK_cell,LAIR2,0.736693039215686,0.497443117081581
NK_cell,LNPEP,1.41161764248787,1.17729540089354
NK_cell,GPATCH8,1.46054019817532,1.22902024826551
NK_cell,MYBL1,0.572432320666079,0.341281988316525
NK_cell,ITGB2,4.96870168143752,4.73900603107943
NK_cell,ADGRG1,1.64426612745098,1.41542623738057
NK_cell,CORO1A,5.71872188388331,5.49007735874718
NK_cell,MAPK1,1.77660349536176,1.54871414484737
NK_cell,MCTP2,1.19664759182855,0.968999520590553
NK_cell,SLFN13,0.556863749174952,0.329653794046519
NK_cell,ZNF276,0.838590488606194,0.618815197419511
NK_cell,HERPUD2,1.25874690159826,1.04313358509045
NK_cell,MVD,0.886724467344123,0.672240015593904
NK_cell,SLC38A1,2.24946470534337,2.03501250718734
NK_cell,ZNF600,0.517566918141896,0.30513139658825
NK_cell,NMUR1,0.369178360892687,0.157484051791184
NK_cell,CLK1,2.90092019321943,2.68933769027991
NK_cell,ADGRG3,0.294915042382676,0.0833529563994276
NK_cell,CEMIP2,1.96553643299133,1.75630324002845
NK_cell,ZNF394,1.09250648896683,0.883800955972547
NK_cell,HENMT1,0.649142622316871,0.444315280913805
NK_cell,CX3CR1,0.901308368477005,0.699452445385589
NK_cell,ITGA4,1.7085571667462,1.5072837243471
NK_cell,AGK,0.664606799717278,0.463850941120828
NK_cell,PCSK7,2.03316627745838,1.83301425766534
NK_cell,MYOM2,0.309685900063628,0.110678465218225
NK_cell,CD226,0.741539275349106,0.544892717723534
NK_cell,ANXA6,2.74289260701552,2.55190263490603
NK_cell,SLA,2.71545051459053,2.52454117084303
NK_cell,LGALS9B,0.299296224753026,0.10845550280208
NK_cell,ADD3,1.94197645844196,1.75207722119197
NK_cell,KLHDC4,0.666477009626956,0.476792022753352
NK_cell,CYCS,3.55221923858223,3.36256124940481
NK_cell,SYNE1,1.45349455026455,1.26530062877654
NK_cell,SLFN5,2.03821301601242,1.85006506478602
NK_cell,CCNT1,0.827812528598218,0.639874011845555
NK_cell,HLA-A,8.46974113317448,8.28210443867651
NK_cell,RGS9,0.369651698753551,0.182973224976157
NK_cell,ZFP36L2,5.42829994143815,5.24261151526305
NK_cell,CRTAM,0.856033673377378,0.678029790330469
NK_cell,KIR3DL2,0.260673696964702,0.0886289019619202
NK_cell,RASA2,1.22268238221738,1.05200508766118
NK_cell,ZBTB1,1.07686529870091,0.906831376183914
NK_cell,C11orf21,0.611991095573544,0.446035233242776
NK_cell,TBC1D31,0.400394085282089,0.234664251937798
NK_cell,NCL,4.04495175740088,3.8795087983629
NK_cell,BZW1,2.77117414888945,2.60590570744809
NK_cell,SASH3,1.45352528279182,1.28836405865863
NK_cell,TTC14,1.33289684115087,1.16938772952044
NK_cell,SATB1,1.15616512352233,0.993845144947327
NK_cell,RORA,1.96950585580803,1.80805534899198
NK_cell,IRAK4,0.975957928690148,0.816379269103274
NK_cell,FUS,3.75151020380876,3.59279451801434
NK_cell,CD53,4.19435797981855,4.03873213324875
NK_cell,DNTTIP2,1.47654204438082,1.32190753083221
NK_cell,ATP8A1,0.723800648148148,0.570520224764583
NK_cell,WHAMM,0.862819506217899,0.709911259937054
NK_cell,RHOF,1.90009703451598,1.74744397569669
NK_cell,PRR5L,0.45130900845898,0.299557682792192
NK_cell,STK38,1.03357574302733,0.884070294804986
NK_cell,CREM,3.21525622809712,3.06763891715343
NK_cell,CNOT6L,1.92923378010316,1.78289551586742
NK_cell,DTHD1,0.482703629457281,0.336530063812877
NK_cell,CASP8,1.4431673917962,1.29930621389821
NK_cell,STK10,1.42568426594465,1.28190377861711
NK_cell,PLCL2,0.474552151955604,0.331283533799036
NK_cell,TMSB4X,10.3603854753309,10.2171171230437
NK_cell,C12orf75,1.90334456267813,1.76238954072249
NK_cell,CCNH,1.96787064239322,1.82692978650269
NK_cell,GK5,0.805902107843138,0.66517984526999
NK_cell,TINF2,1.21034891367929,1.07065411771238
NK_cell,IL12RB2,0.279632148672028,0.140457794038989
NK_cell,DGKD,0.734928916967509,0.597488271003336
NK_cell,DNAJB6,3.01423221822648,2.87772526539717
NK_cell,PRRC2C,3.45899456926006,3.32331113945242
NK_cell,SAMD9,1.24883366454668,1.11583658476355
NK_cell,BRD2,2.65873077617329,2.52674118949894
NK_cell,MLC1,0.404064114648341,0.273746415779934
NK_cell,LBR,1.37853041973984,1.24844754621822
NK_cell,RNF166,1.29324109102339,1.16448137857927
NK_cell,ZNF331,2.18776245937748,2.05910278828563
NK_cell,RNF44,0.801355689763286,0.672703657580473
NK_cell,TKTL1,0.175234652810236,0.0477044582756863
NK_cell,TRAF3IP3,2.57584977086372,2.44935036236965
NK_cell,NCAM1,0.831110203966482,0.706484007981136
NK_cell,ERCC5,0.623160246690734,0.501303635321709
NK_cell,ANKRD49,0.713680986568463,0.593986052589945
NK_cell,GATA3,1.44060601463759,1.32167344785466
NK_cell,ADAM8,1.42042395825485,1.30174076182997
NK_cell,CHD1,1.69995921040775,1.58587407816479
NK_cell,EMD,1.39340512555091,1.27979774590734
NK_cell,ARID4B,2.54937931818727,2.43683520511857
NK_cell,CENPC,1.03079464752376,0.918936898710583
NK_cell,OGA,1.82820231046932,1.71717743828196
NK_cell,FAM107B,1.89332250997406,1.78391944339003
NK_cell,MIB2,0.848592148385343,0.742167218271976
NK_cell,ST3GAL1,1.29640323050626,1.19459000006045
NK_cell,FGD3,1.11539018835267,1.01377731600785
NK_cell,STK4,3.28801597045049,3.18654883032398
NK_cell,SYNRG,1.45944141697397,1.35914156548268
NK_cell,CCDC97,0.552233527983447,0.452009219609269
NK_cell,SLC16A7,0.560740457358009,0.464556357822525
NK_cell,LYAR,1.34037569370709,1.24420385759406
NK_cell,NAA16,0.603561974396721,0.50785208954249
NK_cell,TFDP2,1.39997810738767,1.30614259525642
NK_cell,CCL4L2,2.02600659046796,1.93256023372154
NK_cell,ANXA2R,0.833674862386077,0.743030524522665
NK_cell,OSBPL5,0.596818231017642,0.506584285052729
NK_cell,PNKP,0.99519061857605,0.905228783593751
NK_cell,RASAL3,1.34068671150149,1.25115794866531
NK_cell,ITGB7,1.21877920258631,1.12960373865554
NK_cell,BTN3A3,0.686019053553354,0.597042945531486
NK_cell,DNAJB14,1.28628975377283,1.19748204995776
NK_cell,PIM1,1.65912747841013,1.57147567550268
NK_cell,FAM177A1,2.37630218746387,2.29011293155718
NK_cell,PILRB,0.997575444578153,0.911480707095524
NK_cell,CHST2,0.73114587607205,0.648837476741018
NK_cell,SYNE2,2.42178131153225,2.34050680281899
NK_cell,RPA2,1.4122316318177,1.33241911210215
NK_cell,TOGARAM2,0.190068492849186,0.111403345062529
NK_cell,NCALD,0.552541215485318,0.475395213305324
NK_cell,WIPF1,2.80677899540391,2.73069849770231
NK_cell,ISG20L2,1.00845810551506,0.932565176594311
NK_cell,SRSF5,4.63452455668612,4.55943842853373
NK_cell,CRACR2A,0.291639761109428,0.216711741688051
NK_cell,KDM5A,1.47195046900413,1.39791212865479
NK_cell,NCOR1,2.41086511493024,2.337894902705
NK_cell,JADE2,0.56175052560165,0.490043206195819
NK_cell,CCNJL,0.207055810806417,0.136253016188211
NK_cell,PLEKHA2,1.19096589271291,1.12123530562423
NK_cell,APOL6,1.44248553851092,1.37389351309921
NK_cell,SIPA1,0.902917945991859,0.836242596058563
NK_cell,CXCR1,0.0855487785980159,0.0189386959636947
NK_cell,LGALS9C,0.164757000966408,0.0992034644631893
NK_cell,TMC8,1.26588563775714,1.2008638863424
NK_cell,NLRC3,0.734135706778462,0.670053629844708
NK_cell,SH2D1A,1.80519887785923,1.74131781227505
NK_cell,RHEBL1,0.200438776667521,0.136904104490398
NK_cell,DGKZ,1.13490520782119,1.07226503750484
NK_cell,ZNF880,0.389930224649477,0.32761743326089
NK_cell,LASP1,1.52546009366728,1.46408554977912
NK_cell,CXCR2,0.155447485311814,0.0949878345862879
NK_cell,RICTOR,1.10495537765326,1.04505451910465
NK_cell,ZNF808,0.290349830628121,0.230467614628358
NK_cell,SP100,2.76849865253889,2.71003509452455
NK_cell,CCDC12,1.86186712204289,1.80587409078512
NK_cell,SKAP1,2.1892829427896,2.13382258345175
NK_cell,LIM2,0.0694002450980392,0.015509726339473
NK_cell,ABT1,0.947073295499139,0.893255424628812
NK_cell,DIP2A,0.890729229842162,0.836992613450442
NK_cell,SNAI3,0.280559624507843,0.227329561198324
NK_cell,TRANK1,0.508946592685425,0.45586668513724
NK_cell,IL2RG,4.23301277110243,4.18043976531761
NK_cell,TMEM120B,0.576700880988265,0.524982830111227
NK_cell,NFKBIB,0.846285617887283,0.795420968029158
NK_cell,SHFL,1.2689116990769,1.21851422081417
NK_cell,CELF2,2.81948110202021,2.76985520740686
NK_cell,PPP3CC,1.0511875,1.00216075795077
NK_cell,FGFR1OP2,1.7291717728477,1.68037118180492
NK_cell,CABIN1,0.700746867562621,0.652363709296485
NK_cell,DENND2D,1.72425108386987,1.67808675066806
NK_cell,TTC16,0.169815820604761,0.124436381066365
NK_cell,PGGHG,0.529693124867276,0.484441584740317
NK_cell,BIN1,1.75014277402068,1.70528273128602
NK_cell,TBCC,1.16928069767029,1.1246568003417
NK_cell,POLR3GL,1.66635659729158,1.62182359457182
NK_cell,MRPL10,1.06525842459785,1.02281797936401
NK_cell,B3GAT1,0.151061653298398,0.108679253039282
NK_cell,CNBD2,0.315857600117835,0.273575821742552
NK_cell,CA5B,0.528071700483884,0.485936435296045
NK_cell,HMOX2,1.46243679193146,1.42139760818998
NK_cell,NLRP1,0.884087973224992,0.843201574134343
NK_cell,KLF12,0.63806103819694,0.597465309798069
NK_cell,DHRS7,2.85048969336037,2.81072142563721
NK_cell,ZC3H18,0.725278012900161,0.685532584321516
NK_cell,ZNF431,0.617983274632741,0.578569390626563
NK_cell,DRAXIN,0.151269150657064,0.112291860832571
NK_cell,NAALADL1,0.488372484667515,0.449780284469776
NK_cell,CHD2,1.61912144075881,1.58067544654412
NK_cell,ARHGAP30,1.95648980812942,1.91926833629666
NK_cell,PAFAH2,0.465294527323565,0.428409145449797
NK_cell,IFNL1,0.0652670342512132,0.0284035790630011
NK_cell,PSTPIP1,1.32129447697158,1.28450825028348
NK_cell,PRPF38B,2.54182213598074,2.5057376620437
NK_cell,ARIH2,1.15072854887244,1.11571468794247
NK_cell,EHD1,1.14036320624835,1.10544140766762
NK_cell,STIM1,0.65868017601209,0.625841323210852
NK_cell,STN1,0.71865963491895,0.686096391105391
NK_cell,BDP1,1.37939528484243,1.34758304917792
NK_cell,UBLCP1,0.770544076014781,0.739155305149488
NK_cell,GTF3C1,0.699669830632315,0.668435373599406
NK_cell,GLMN,0.477710112465555,0.446807398337774
NK_cell,RAB27A,1.60568265236665,1.57482065611484
NK_cell,GOLGA8N,0.108680265489541,0.0779464756296656
NK_cell,ABCB1,0.797006951837953,0.766359446308151
NK_cell,PLEKHG3,0.431774800155109,0.403610097061449
NK_cell,S100PBP,0.62024612214721,0.593145744165342
NK_cell,POLR1H,1.12569367027678,1.09944374734945
NK_cell,ZNF708,0.405333243529108,0.379640731133401
NK_cell,PRPF18,0.674842870443915,0.649937695254525
NK_cell,LEXM,0.0347965357270788,0.0104087516580636
NK_cell,RPAP2,0.67861730457536,0.654631224215237
NK_cell,PRSS57,0.19111392595083,0.167861427822982
NK_cell,AK5,0.173240152266052,0.150032945194632
NK_cell,TMC6,1.46438502304102,1.44201140480203
NK_cell,ZNF184,0.295399312493809,0.273117860416362
NK_cell,RASGEF1A,0.132414253339426,0.110903763418607
NK_cell,CARNS1,0.0702556261753327,0.0490269837243435
NK_cell,ZNF430,0.738266875059985,0.717438073822222
NK_cell,SMIM27,0.866575451263538,0.846920604617015
NK_cell,CYB5B,1.43887399720731,1.41922291769091
NK_cell,ADGRG5,0.485752666391287,0.466432652014375
NK_cell,ZNF571,0.155572437593028,0.136449772962952
NK_cell,GSTM2,0.322211729488811,0.303385681352374
NK_cell,MED30,1.02426123098103,1.00588884124412
NK_cell,GOLGA8M,0.0324965356401517,0.0150153625062305
NK_cell,TTC13,0.338470094445842,0.321830026900054
NK_cell,CYP20A1,1.01597669252772,0.999456462204635
NK_cell,SLC25A53,0.251855466893711,0.235596456329067
NK_cell,AP4B1,0.303887476167752,0.287853718629464
NK_cell,HELQ,0.322143530289392,0.307206677336856
NK_cell,IQGAP2,1.38710275435476,1.37233519946967
NK_cell,PDZD4,0.114150746591108,0.0997590681040636
NK_cell,ESCO1,0.663690592862779,0.64945371335931
NK_cell,ZNF836,0.199762736577308,0.185700447120825
NK_cell,ABCA2,0.317741356627189,0.304491876501361
NK_cell,ASTE1,0.292857035297725,0.279791902382956
NK_cell,CYP2R1,0.296789243258904,0.284322733778735
NK_cell,MICB,0.295024075506094,0.282686600368441
NK_cell,SLC25A45,0.589665885334358,0.57760945184429
NK_cell,CNOT2,1.48419296932167,1.47226365824504
NK_cell,RNF167,1.59330151205002,1.58179510162662
NK_cell,CYB561D1,0.220831825776833,0.210156861862396
NK_cell,COLGALT2,0.0892126064881872,0.0791430814558489
NK_cell,DBF4,0.649330357470506,0.639721553561002
NK_cell,H3C1,0.0720179861535329,0.0628129475625558
NK_cell,CCDC174,0.745990031387924,0.737266347389067
NK_cell,CTC1,0.3186949218596,0.309973663055123
NK_cell,PLCH2,0.173869107785244,0.165612696048833
NK_cell,TMEM229B,0.17425048205384,0.166211733768622
NK_cell,VAV3,0.513170913385233,0.505197840704471
NK_cell,ZNF786,0.184820461550789,0.177186402204158
NK_cell,B3GNT7,0.661534033955396,0.653959332686014
NK_cell,HELB,0.567660000809185,0.560483472740042
NK_cell,MPHOSPH9,0.508563480342258,0.501394833166852
NK_cell,OSBPL7,0.208876656222356,0.201743004020779
NK_cell,UCP3,0.0341867979388715,0.0273614055517389
NK_cell,CTDSP1,1.15076336004711,1.14415865454627
NK_cell,ZNF570,0.171438535827364,0.164917888605709
NK_cell,ANKRD44,1.68259900525739,1.67626472216307
NK_cell,TSPOAP1,0.198607781024838,0.192936989081885
NK_cell,TSPAN2,0.377612941176471,0.371946189055465
NK_cell,ZRSR2,0.59177156993043,0.586311326434981
NK_cell,TRAPPC10,0.487486694865354,0.482070609822524
NK_cell,ZNF266,0.368265294825512,0.363100056844044
NK_cell,COLQ,0.11358110860395,0.108451523801799
NK_cell,VPS4B,1.33056636544936,1.32595190476679
NK_cell,FAM111A,0.815173184215979,0.810777841196262
NK_cell,AGTPBP1,0.617104338624339,0.613011098823454
NK_cell,PTPN22,1.48560050175433,1.48160304193004
NK_cell,KRT72,0.0227160232103238,0.0189925340142515
NK_cell,ITCH,0.838334228490967,0.835377461524344
NK_cell,LINGO2,0.0577308601949292,0.0562281967378891
NK_cell,KLRF2,0.013116962269946,0.0116506933784074
NK_cell,KLRC4,0.230460582508652,0.229301598398328
NK_cell,CDK11A,0.775594137868721,0.774690015812037
NK_cell,FSD1,0.193829995880461,0.193025908062673
NK_cell,KRT2,0.0123946346132808,0.0116715500352553
NK_cell,LINGO3,0.0339990039509338,0.0333385398366355
NK_cell,CSF2,0.0557498376403877,0.0551436645321664
NK_cell,UNC45B,0.0161891943274686,0.0156287829454464
NK_cell,DDHD1,0.609156995631454,0.608606186138039
NK_cell,MADD,0.426079414054198,0.425569743333538
NK_cell,ADGRF3,0.028808593401549,0.0285373411585613
NK_cell,PDK3,0.469992435974343,0.469738923462243
NK_cell,H2BC13,0.0183639801921526,0.0188034871281408
NK_cell,TRARG1,0.0029456678700361,0.0038443358075782
NK_cell,WDR37,0.471031941353934,0.472244621194818
NK_cell,FAM169A,0.138302926375193,0.139871537539252
NK_cell,ARHGEF9,0.42910442552131,0.430921244629713
NK_cell,MSL2,0.553389607902126,0.555215325989126
NK_cell,CARMIL3,0.016756302362559,0.0191366735869329
NK_cell,DDX43,0.0546079998814493,0.0571460748509556
NK_cell,FCHSD1,0.212463906725577,0.215345453315524
NK_cell,ZNF611,0.321290966611273,0.324251370025746
NK_cell,PAFAH1B1,1.4274914849187,1.43051057531506
NK_cell,ZNF569,0.142631206908124,0.146576066356002
NK_cell,GPR68,0.248727671096009,0.253058754916116
NK_cell,CALHM1,0.00296569390325976,0.00751254198560171
NK_cell,LRFN1,0.0569078743857624,0.0615406188742235
NK_cell,PRSS33,0.00404047814593487,0.00904249637759291
NK_cell,ZNF718,0.124836046335972,0.130021839851758
NK_cell,ZNF699,0.147098286262669,0.15276766509062
NK_cell,ITGAD,0.0324433527957291,0.0383409582715224
NK_cell,ZMAT4,0.0895541154599889,0.0955862054546008
NK_cell,KIF21B,0.24616062193363,0.252434228310715
NK_cell,PSD4,0.623496437293249,0.630113393022638
NK_cell,PLGLB2,0.00333470356433442,0.0100103688859016
NK_cell,PPP1R18,2.3658710394835,2.37260851241068
NK_cell,TLE4,1.2859600497799,1.29304760151647
NK_cell,DENND1C,0.775812548489467,0.783842094170875
NK_cell,ATP1A3,0.0859185223387389,0.0943058309083348
NK_cell,PRR4,0.343509079680453,0.352093114462406
NK_cell,GBP5,1.40168743307877,1.41068458327719
NK_cell,TRIM10,0.0038873576635398,0.0131976996166215
NK_cell,ZDBF2,0.203223283813145,0.212605032854585
NK_cell,TPR,2.10774226143709,2.11723145353399
NK_cell,DGKK,0.0268874933564745,0.0363993058673909
NK_cell,ZNF484,0.124510571554194,0.135002665037662
NK_cell,POC1B,0.433056980287334,0.443722293188016
NK_cell,BORCS6,0.472130822091303,0.483002832973775
NK_cell,KIAA0586,0.370903983044926,0.382033112632331
NK_cell,PGBD4,0.0923945848588268,0.103578606349069
NK_cell,H4C6,0.0140355283770937,0.0261726042445395
NK_cell,POLG,0.510645185538034,0.522887470975265
NK_cell,SBK1,0.223376784802275,0.23607123094444
NK_cell,BCO2,0.222518375936398,0.235297798237275
NK_cell,RPEL1,0.00912944090507774,0.0230257803082204
NK_cell,TFAP2E,0.0247070187362944,0.0387291912243892
NK_cell,HBQ1,0.0094299444003177,0.0235314881862025
NK_cell,GYPE,0.0128421082561089,0.0274541529519628
NK_cell,OFD1,1.54641225385389,1.56211303799505
NK_cell,EDRF1,0.342231677866016,0.358167945681254
NK_cell,GGACT,0.229630570730185,0.246395555924308
NK_cell,SLC1A7,0.0364586501026404,0.0533477954848805
NK_cell,ZNF564,0.0750814442202874,0.0921265002098039
NK_cell,CCDC65,0.181462758082868,0.198849566171963
NK_cell,SESN1,0.626825564137666,0.644472067019269
NK_cell,HEATR9,0.0246946591642555,0.0424878874100323
NK_cell,CSTF2T,0.437861417660944,0.455833000416636
NK_cell,ADHFE1,0.189550193777872,0.208148814789269
NK_cell,PKD2L2,0.0317996520790666,0.0504952036377088
NK_cell,IL16,1.50790004706598,1.52673625306192
NK_cell,CTRC,0.00828100048920206,0.0287680104496488
NK_cell,KCNQ5,0.10023172115075,0.120969765415256
NK_cell,ATG2A,0.588355905252612,0.609223545161555
NK_cell,EPB42,0.0935230780558508,0.114703539982381
NK_cell,ADAMTS17,0.0554318385028574,0.0766963721516579
NK_cell,SLC4A10,0.0568854351316246,0.0785516916009294
NK_cell,MRE11,0.48536670480032,0.507088903027382
NK_cell,GYPB,0.00241478127734033,0.0245216867400851
NK_cell,CDK11B,0.814595756115535,0.837006700173495
NK_cell,ARID3B,0.30851126153229,0.33107485145715
NK_cell,VAMP1,0.285079438197813,0.308091915597688
NK_cell,NFATC2,0.81219252421779,0.836563102384231
NK_cell,H3C13,0.0157623044708446,0.0405376771394421
NK_cell,IRGM,0.0257285169623405,0.0509609262178568
NK_cell,OGT,1.24566257965312,1.27102166480941
NK_cell,UTY,0.257963872985837,0.283434748900452
NK_cell,LRRC43,0.0392486885355783,0.064847039728336
NK_cell,SLFN12L,0.476917950754567,0.503976875477423
NK_cell,PLA2G6,0.221386051641986,0.248938489374382
NK_cell,MAT2B,1.59194123366512,1.61977531454387
NK_cell,CCNDBP1,1.62315002342022,1.651027419435
NK_cell,ZNF506,0.414050878374988,0.441979858282217
NK_cell,FAM13B,0.666705915930964,0.694736113390596
NK_cell,ANKMY1,0.19116156065823,0.21959774349562
NK_cell,CDHR1,0.0688264983980373,0.0976048226443367
NK_cell,PCNX4,0.746431522190585,0.775440360160213
NK_cell,MYT1L,0.0140443207123931,0.0431588593637701
NK_cell,ZNF675,0.227352650614316,0.256727739058657
NK_cell,ZNF141,0.268155957015219,0.297824246231474
NK_cell,NUP210,0.913081991180642,0.942915512228506
NK_cell,LGR6,0.0803881062845706,0.112771476591998
NK_cell,ING3,0.661084703307101,0.694316422142041
NK_cell,KCTD7,0.167629397073711,0.203102415431597
NK_cell,ZNF724,0.0584542175727958,0.0946836993845668
NK_cell,VCPIP1,0.507654642552459,0.545172991463587
NK_cell,SLCO4C1,0.163086802794431,0.201700869679822
NK_cell,IRF9,0.782582169312169,0.821483027667844
NK_cell,VIPR2,0.110685972476753,0.149890621856987
NK_cell,IL12RB1,0.807065946466145,0.84823279315848
NK_cell,KAT6B,0.790000119047619,0.832014471258733
NK_cell,ZFR2,0.021915994859638,0.0639595008816004
NK_cell,CCDC88C,1.11005942059148,1.15249255362533
NK_cell,RBM38,0.806900882147895,0.849998479668516
NK_cell,ZNF44,0.404922827475569,0.450215402795358
NK_cell,PHF12,0.437678070841833,0.484284051360103
NK_cell,RAB43,0.0397896962068594,0.0870137419560986
NK_cell,DPH1,0.126594288022211,0.175537317685272
NK_cell,CA5A,0.0198975298073783,0.0703051888651287
NK_cell,BTN3A1,1.00050616583577,1.05134132982176
NK_cell,HSH2D,1.54437173138702,1.59524456970741
NK_cell,RWDD3,0.190737608120975,0.242001606208693
NK_cell,RNF31,0.0880033364917797,0.139608349084138
NK_cell,ABHD15,0.523175364169998,0.574855035710869
NK_cell,C16orf54,0.943890367664907,0.995848070477748
NK_cell,DIAPH1,1.22779978289648,1.28034051726165
NK_cell,SLC7A14,0.0186091767281134,0.0715176744388689
NK_cell,KDM4C,0.467402757617785,0.521512437024959
NK_cell,FAM184B,0.116766176470589,0.174094333431344
NK_cell,PCNT,0.389787147007036,0.448579934347088
NK_cell,TMEM35B,0.336410699912511,0.396511343078086
NK_cell,FCRL3,0.498077119165461,0.559147508139575
NK_cell,GALNT4,0.0229358354178603,0.0846405419466876
NK_cell,PRORP,0.107286069673787,0.169979595519974
NK_cell,ELMO2,0.315217397768515,0.377945544170363
NK_cell,MOAP1,0.752343058873868,0.816181513734421
NK_cell,LIPC,0.0278295371004364,0.0925485394429376
NK_cell,KLRK1,0.592263285543167,0.658003364896244
NK_cell,SLC4A1,0.0242216019256014,0.0923576778822591
NK_cell,RALGAPA1,0.75929102871702,0.829982456267917
NK_cell,CYFIP2,1.34761094326106,1.41905753709643
NK_cell,DCAF5,0.753390133374059,0.824950088244589
NK_cell,MAST3,0.384218363026171,0.456037536314687
NK_cell,TRIM21,0.346162202266048,0.420022129814944
NK_cell,ZNF829,0.109256056182772,0.184929122826541
NK_cell,CYP51A1,0.371176465253245,0.449178115363819
NK_cell,ZGPAT,0.175903482193402,0.254397287766034
NK_cell,HLA-F,3.18667321637154,3.26704484671801
NK_cell,HMGN4,0.506969279571034,0.594969038203554
NK_cell,CA1,0.0178414368556254,0.107540383912138
NK_cell,USP20,0.345610457915985,0.437089562882278
NK_cell,MAP1LC3B2,0.29711097429516,0.390762950530518
NK_cell,RAPGEF6,0.561178312614399,0.65945065812683
NK_cell,UHMK1,1.15323470295253,1.25263118138598
NK_cell,HBA2,0.675191863349893,0.776658294782733
NK_cell,EIF5AL1,0.500924732168128,0.612144401780662
NK_cell,INPP5B,0.348027047899386,0.46282284472155
NK_cell,TRIM34,0.0278555895622649,0.149592169978637
NK_cell,GPR82,0.347070126938678,0.484120957008388
NK_cell,APOBEC3D,0.332572533857311,0.471465298853706
NK_cell,PIK3CD,0.662034436330487,0.801756588674047
NK_cell,MTG1,0.411056080783065,0.552118898141167
NK_cell,RBM23,1.18902185853507,1.33080453164252
NK_cell,WBP1,0.188357551075817,0.331786048902269
NK_cell,ZNF410,0.189051180386203,0.335043030961012
NK_cell,DFFB,0.129820375657325,0.277070786634449
NK_cell,GET4,0.103862982110987,0.259448277476118
NK_cell,TVP23C,0.118359608412412,0.285314604919848
NK_cell,DDX39B,0.721847253247703,0.906170156848142
NK_cell,SRCAP,0.22449667104112,0.410348626191975
NK_cell,ATP5MGL,0.26737968749621,0.463460358162101
NK_cell,PVRIG,0.156371531898742,0.35645408125795
NK_cell,HBB,1.00215218795097,1.20607829784279
NK_cell,ZNF490,0.133641434741687,0.348969918018577
NK_cell,HNRNPA1L2,0.622160058119179,0.857676795115158
NK_cell,HBA1,0.335846773310241,0.590191648936436
NK_cell,RNASEK,0.756094736983413,1.013523657843
NK_cell,H3-5,0.251646963688216,0.541401035226036
NK_cell,OVCA2,0.04789288365395,0.347052325235871
NK_cell,MRPS24,0.20934321959755,0.566074353598054
NK_cell,ATP6V0C,0.500246911764705,0.872881286645229
NK_cell,U2AF1,0.848095754825187,1.22615073315671
NK_cell,UBE2V1,0.46722228771195,0.923652006121339
NK_cell,LIME1,0.161158926348318,0.632913626191145
Plasma,MZB1,7.15991393697378,3.02536113149224
Plasma,JCHAIN,7.88673862369338,3.82477365712489
Plasma,DERL3,5.28623973936992,1.95727238515218
Plasma,FKBP11,5.36420670392823,2.10056562828761
Plasma,XBP1,6.61520463550104,3.37778973064707
Plasma,SSR4,8.28535954473494,5.09615009066268
Plasma,SEC11C,5.75250736398468,2.75636635514818
Plasma,SDF2L1,4.13488153186154,1.82108736264213
Plasma,PRDX4,5.11071502460851,2.80352598195113
Plasma,SPCS3,4.502906686291,2.30763243855305
Plasma,SPCS2,5.41729083263247,3.40708620096335
Plasma,HERPUD1,6.26632100084104,4.35818036071643
Plasma,HSP90B1,6.58861561127891,4.69818314579038
Plasma,TNFRSF17,2.98457724137931,1.11121133706047
Plasma,TXNDC11,2.91176632079616,1.10122381455477
Plasma,DNAJC1,3.26459940754455,1.51044159659413
Plasma,MANF,3.75079856678699,2.00496275342748
Plasma,SSR3,4.93178954502178,3.1977102841011
Plasma,CRELD2,3.01466098884779,1.29977957373327
Plasma,NUCB2,3.72125233990148,2.01214239295192
Plasma,PLPP5,3.41450373088279,1.73707113059511
Plasma,SPAG4,2.15076789248106,0.540725620607512
Plasma,FCRL5,2.95511426703253,1.34535383584981
Plasma,PIM2,3.75532122729011,2.15832966318419
Plasma,ERLEC1,3.58689702612932,2.0234895684598
Plasma,SEL1L,2.74810815297629,1.2009887951329
Plasma,SELENOS,4.40937311964823,2.87864662840105
Plasma,UBE2J1,3.87613340044743,2.37817263472518
Plasma,DNAJB9,3.21311427304544,1.84665915126411
Plasma,SLAMF7,2.55972170335296,1.25410512188574
Plasma,PDK1,1.90661727823665,0.608860182472237
Plasma,LMAN1,3.57023569348659,2.28541174292251
Plasma,FKBP2,4.91057818057981,3.66271640790155
Plasma,JSRP1,1.81483285094851,0.591547291950718
Plasma,TRAM1,3.91250949202835,2.7018623323137
Plasma,TXNDC15,2.77692006896552,1.57029158718248
Plasma,ZBP1,2.12945035230352,0.92857309067813
Plasma,CLPTM1L,2.43930341972457,1.26319638008236
Plasma,SPCS1,5.22801327409242,4.05561772534978
Plasma,ITM2C,4.69687839901478,3.58718674836127
Plasma,MEI1,1.83713258589115,0.79272181124107
Plasma,FBXW7,1.8140901730559,0.775300013645005
Plasma,H1-10,2.920015460943,1.89484163270143
Plasma,CREB3L2,2.3801670206289,1.35884557200298
Plasma,PDIA4,3.57037387964487,2.55340138205721
Plasma,BHLHE41,1.75244707657705,0.748417972429567
Plasma,KLF13,2.21818782665505,1.22007843646875
Plasma,TENT5C,2.76841049042146,1.78011583729444
Plasma,CD38,2.35780471201814,1.40491165038688
Plasma,MYDGF,4.18895925958189,3.25948184310826
Plasma,TMEM258,5.059486899729,4.15581170286786
Plasma,RPN2,4.09833931096197,3.19500067034836
Plasma,SRPRB,2.27313202168022,1.37403074374367
Plasma,PDIA6,4.55497200766284,3.66018003525834
Plasma,H1-2,2.78029839726195,1.89106106897962
Plasma,SPATS2,2.0285892398386,1.15120251237571
Plasma,CITED2,2.58153111281688,1.70726801815822
Plasma,HM13,3.22535705691057,2.40487256262567
Plasma,PRDM1,2.46038318773946,1.6444530729444
Plasma,KRTCAP2,3.66664904971725,2.85140481704042
Plasma,ST6GALNAC4,1.60560770731708,0.820564895618704
Plasma,ARSA,1.62417409843206,0.843470665675453
Plasma,SRPRA,2.18010831128826,1.40581703336728
Plasma,DERL1,2.3662781217892,1.59864471077028
Plasma,SEL1L3,2.43628943932086,1.67002823004134
Plasma,SDC1,2.58305632160013,1.81701805018015
Plasma,RRBP1,3.56711907045703,2.8056561237456
Plasma,ALG5,2.23183008092892,1.49008287404953
Plasma,IGLL5,2.15041620165338,1.40953819341204
Plasma,SIL1,2.02499304457527,1.28740948303452
Plasma,TP53INP1,1.60326131901388,0.902107629020888
Plasma,UFM1,2.60156849453323,1.90158100769548
Plasma,MRPS31,1.64424642802666,0.954982496547425
Plasma,CPEB4,2.08009494694396,1.40405830796943
Plasma,TOR3A,1.99842989122888,1.33009899344389
Plasma,TPD52,2.77965982655827,2.1196875328621
Plasma,POU2AF1,2.47677325203252,1.82967172497168
Plasma,GMPPB,1.37789100869551,0.733518085704261
Plasma,ISG20,4.59569382674517,3.96525327472236
Plasma,CPNE5,1.58228240090004,0.957718129060245
Plasma,IFNAR2,1.98323908972126,1.37315131510413
Plasma,HSPA13,1.27443272308846,0.681191924841839
Plasma,PAIP2B,0.938107535021764,0.349391380143098
Plasma,LMAN2,3.49953381609196,2.91119521290907
Plasma,FNDC3A,1.66212818044145,1.07499784510431
Plasma,EAF2,2.26034695345215,1.68288861292946
Plasma,GLCCI1,1.23990992206147,0.671162009651696
Plasma,ERN1,1.60603509906292,1.05283773827091
Plasma,COMMD3,2.27215269940961,1.7229722774784
Plasma,MANEA,0.983505986398427,0.435604970021675
Plasma,SRM,2.25245059003831,1.71127163387196
Plasma,LARP1B,1.34240864666328,0.807376859670358
Plasma,C2orf88,0.772206123582504,0.25666201698552
Plasma,H2BC8,0.941084093563025,0.425619612614309
Plasma,TXNDC5,0.910517886537871,0.400771025649448
Plasma,KCNN3,1.37379909263403,0.877408791094162
Plasma,TMED10,3.71798858895562,3.22237089114535
Plasma,CIBAR2,0.793788,0.298463122901048
Plasma,IFNAR1,1.99069632406591,1.4989111392024
Plasma,COPE,3.96570878889824,3.47697216861562
Plasma,DNAJC3,2.2925929321402,1.8065851430687
Plasma,REEP5,3.38786585907859,2.93230270084782
Plasma,AGA,1.07841804898264,0.623808975715811
Plasma,CADM1,1.69038747524073,1.24244876863431
Plasma,GNG7,2.05089161100413,1.61505178297121
Plasma,TMED9,3.74374682055749,3.31085643169975
Plasma,ST6GAL1,2.08260096336782,1.65308984397844
Plasma,BRSK1,0.55083423436761,0.136154308527185
Plasma,RASSF6,1.01954255665921,0.62086199135459
Plasma,PNOC,1.32074057909304,0.922975479039423
Plasma,RHBDD1,0.837119129455645,0.44052197299808
Plasma,TMEM19,1.24784279836395,0.852387047532802
Plasma,SSR1,2.72974328753726,2.34601833283183
Plasma,FICD,0.617313302681993,0.235570946243725
Plasma,TMEM208,2.45242533510513,2.07469645283964
Plasma,CCDC167,1.74287333027258,1.3674775404016
Plasma,TARS3,0.967624443523552,0.592980536465493
Plasma,GNL3,2.12006666508498,1.74794192253703
Plasma,CDK14,0.863871933683616,0.494990737590839
Plasma,PKHD1L1,0.774161618922901,0.408797338745791
Plasma,NANS,2.2477875638633,1.88264809079442
Plasma,MESD,2.09173811684071,1.72760497452071
Plasma,ZNF215,0.45846904667351,0.0948575899389092
Plasma,TRIB1,1.98170252945563,1.61984897356351
Plasma,HSD17B8,1.18429666105972,0.825921970913694
Plasma,RPN1,2.68376374928889,2.32561047230183
Plasma,FUT8,1.07322115139963,0.71827101856008
Plasma,ZBTB8OS,1.63137067767706,1.29162689982751
Plasma,ZNF706,3.29870516986063,2.96033606521686
Plasma,CASP10,1.11007424341831,0.772663194144146
Plasma,SRP54,1.74081570893392,1.40556336414459
Plasma,MCEE,0.926082134196013,0.596410409347497
Plasma,CCDC144A,0.540476703182877,0.211067449375934
Plasma,PREB,1.2183401643659,0.892854126923427
Plasma,SAR1B,1.81310462341537,1.48805306789476
Plasma,SLC1A4,0.844554322695521,0.531203782763659
Plasma,TMED4,2.49140476135936,2.17973521670272
Plasma,TAPBPL,1.1763024663347,0.866282883422023
Plasma,EHMT1,1.30042770743937,0.991532598825675
Plasma,TIFA,1.17430988546342,0.871427310466282
Plasma,KLHL6,1.15887400624753,0.862972903116886
Plasma,CD27,2.65223843566022,2.35686097137001
Plasma,ERGIC2,1.95380937127372,1.66200459865773
Plasma,EIF2AK3,0.734877382725808,0.447953949597026
Plasma,B4GALT3,1.32095830301784,1.04100573784937
Plasma,SLC38A5,0.826160475930537,0.546380612237699
Plasma,C11orf80,0.681747585034013,0.40255235147718
Plasma,COBLL1,1.19687416796823,0.921474916967681
Plasma,AKAP9,3.19385684340134,2.92380481297197
Plasma,ARFGAP3,1.68180042911877,1.41321751801946
Plasma,ABHD14A,1.06108929829121,0.793066274924638
Plasma,SEC61B,5.21131318594105,4.94366143016742
Plasma,EBAG9,1.45202633708656,1.18519229402202
Plasma,TBCEL,0.45351251484463,0.187287431062646
Plasma,NXPE3,0.749648174936922,0.484392570184094
Plasma,ZBTB38,1.880693073527,1.62037745756552
Plasma,UBXN4,3.31486498045264,3.05828117906261
Plasma,STARD5,0.482967867532723,0.227532058485405
Plasma,DNAJB11,2.12447986062718,1.87234929497914
Plasma,SLC17A9,0.657807523705535,0.407134154335325
Plasma,SRP72,2.24870922232694,1.99821089713286
Plasma,CCPG1,1.94562868677717,1.69734517887198
Plasma,H2BC4,0.678736047098403,0.430923253049498
Plasma,USP48,1.53233104351832,1.29037350536629
Plasma,ATF4,3.76182430155918,3.51998850875161
Plasma,SYVN1,1.28577712792434,1.04502294135426
Plasma,CCDC69,1.71949702678423,1.47876603684458
Plasma,EIF2AK4,1.2961338445156,1.05990934496112
Plasma,NUGGC,0.443045472936281,0.207299461287034
Plasma,SMPDL3B,0.61265317287665,0.378935583618735
Plasma,NGLY1,1.34073362868904,1.108810894833
Plasma,CEP128,0.616982514089572,0.385082781618116
Plasma,H2AC8,0.604968413514877,0.373249662688552
Plasma,ACOXL,0.292456621795648,0.0640434326781245
Plasma,CCR10,0.508053218390804,0.284566217251212
Plasma,MAN1A1,1.21367612848662,0.991639867946603
Plasma,RAB30,1.23183534099617,1.01165003345582
Plasma,NUDT22,1.45553493140438,1.23724314505635
Plasma,IFI27L1,0.917724275043748,0.700323781376354
Plasma,CUTA,3.86105482600992,3.64480612665006
Plasma,PPCDC,0.747349237568277,0.537879562973086
Plasma,ERO1B,0.880842013902096,0.671639029753168
Plasma,PGLYRP2,0.306485871328451,0.0975324370290819
Plasma,SUB1,5.32607645320517,5.11902510731619
Plasma,GORASP2,1.69087294206274,1.48853141572968
Plasma,QPRT,1.10774779199882,0.910285340915918
Plasma,IRF3,1.38984848275862,1.19376069888761
Plasma,ZRANB2,1.99919556034483,1.80694888278201
Plasma,RBM33,1.11762735639907,0.927189976725612
Plasma,NMRK1,1.3213241532567,1.1326309682769
Plasma,CDV3,2.03919602039061,1.85138373859577
Plasma,USO1,1.50915077812223,1.32259473006171
Plasma,RPS6KB2,1.27025639888583,1.08698603269747
Plasma,H2AC11,0.350783702806187,0.167531426485668
Plasma,LSM10,1.862457100271,1.6798108444803
Plasma,TCF3,0.813504522101365,0.633760639318592
Plasma,TAS1R3,0.257237044255453,0.0782714378885557
Plasma,MIA3,1.31683452586207,1.13859254127718
Plasma,SEC61A1,2.11447045546698,1.93639303493637
Plasma,PARM1,0.801489769115016,0.62515581820244
Plasma,BEX5,0.600275593624537,0.424472501308451
Plasma,FBH1,0.928669677292522,0.755911892122072
Plasma,DEF8,1.12498646675274,0.953672111968754
Plasma,UBE2G1,1.28740630815302,1.11617698862075
Plasma,FBXO16,0.379848505668934,0.208751359242149
Plasma,SEC24A,0.704619950035436,0.533615400369906
Plasma,SCNN1B,0.566188086075054,0.395606446196236
Plasma,ARPC5L,2.32788928201644,2.15982132015376
Plasma,WNT10A,0.367520264949989,0.200989249814095
Plasma,SEC63,2.07330715662998,1.90836253642634
Plasma,AMPD1,0.248004442434561,0.0858248592877756
Plasma,MIXL1,0.270970280730766,0.109995952033674
Plasma,MAN1A2,1.37442981352415,1.21428876820198
Plasma,B4GALT7,0.904534894892237,0.746672962990614
Plasma,TCF25,2.98222415002087,2.82484627363572
Plasma,CISD2,1.90955500574849,1.75568894847838
Plasma,HYOU1,1.03844902365704,0.88639488332048
Plasma,UFL1,1.22315677041019,1.07336295714379
Plasma,TMEM107,1.18277400542006,1.03473443511411
Plasma,MEF2C,3.25085200123153,3.10389089165895
Plasma,BOD1L1,1.3780702105994,1.23232224744379
Plasma,XRN1,1.16739912533215,1.02224241295459
Plasma,CASP3,0.960845507798604,0.816071190755122
Plasma,PIF1,0.29976943536248,0.160201194411812
Plasma,GFER,0.905114612466125,0.766411912696619
Plasma,BET1L,0.848258997547646,0.710346606869759
Plasma,MGAT2,1.05617564216121,0.919761655559187
Plasma,PAOX,0.472920861865985,0.337114602067477
Plasma,ANTKMT,1.41191270803101,1.27775442527573
Plasma,CHAC1,0.276927804878049,0.144022519021187
Plasma,E2F5,0.518065941373337,0.389349863222395
Plasma,NRDC,1.73344203730288,1.60742518514593
Plasma,KDM5D,0.452565365853659,0.326722967551938
Plasma,DDOST,2.69333569105691,2.57139117346822
Plasma,HERC5,0.642090358161829,0.521604690772452
Plasma,DIPK1A,0.552821564039409,0.433627401988851
Plasma,ANKRD37,1.13579359224093,1.01724957684971
Plasma,UBA5,0.957598240855779,0.84291882550187
Plasma,CCDC32,1.11379290022676,1.0008350751585
Plasma,ICAM3,2.9402282561619,2.83056704957174
Plasma,GAB1,0.677945876212264,0.570731236589034
Plasma,BFSP2,0.254858416684401,0.148837574372685
Plasma,RAD9A,0.758807225318545,0.654626241109277
Plasma,CHAC2,0.387750248358504,0.284574130093053
Plasma,AVEN,0.380780097168325,0.283181807926058
Plasma,H2AC20,0.472397922087635,0.375778421527781
Plasma,ORMDL3,0.940128137755103,0.846136398336209
Plasma,TXLNB,0.238121034482759,0.146048815382867
Plasma,DERL2,1.40431580913367,1.31332476091505
Plasma,MIA2,0.471340520697479,0.381848503549922
Plasma,LMF1,0.491048952419733,0.402826152345595
Plasma,DUSP28,0.377627802118648,0.292476259464675
Plasma,BTD,0.521978531645608,0.436867732708509
Plasma,TSHR,0.16572066995313,0.0835487098931401
Plasma,DNAAF1,0.324036155012206,0.243749045448116
Plasma,GTF3A,2.77313169890665,2.69291018421219
Plasma,WIPI1,1.24942594579946,1.17112718583286
Plasma,ZFC3H1,0.906970318942611,0.828889649523955
Plasma,HDDC3,0.837148912698414,0.759093642589586
Plasma,H2BC15,0.363342195121951,0.288244183583846
Plasma,PIP5K1B,0.380691164750958,0.306338872557687
Plasma,IRF4,1.49658770192086,1.42346610304019
Plasma,PET100,2.5717773537415,2.49978331678011
Plasma,MYL2,0.115934482758621,0.0459024703194018
Plasma,WDR74,1.20357268334809,1.13381294782344
Plasma,PGRMC2,1.29141079492916,1.22184249625403
Plasma,MARS1,1.12082259882254,1.05193787178941
Plasma,SERPINI1,0.709210681660166,0.640769388648484
Plasma,ANKRD36,0.967766116608954,0.900993291744186
Plasma,COX18,0.453545309387765,0.38856521496813
Plasma,C16orf74,0.623944692303408,0.559776717189798
Plasma,SLC38A10,1.12396941218245,1.05987494031925
Plasma,GNB3,0.14012889146031,0.0781701923800157
Plasma,ALG14,0.682828514536386,0.625014734028368
Plasma,SCAMP5,0.544645714165725,0.486986829969933
Plasma,CDNF,0.107189064755709,0.0498248214476865
Plasma,DENND6B,0.500355467596693,0.443029746606946
Plasma,STX5,1.13924993869732,1.08296368010607
Plasma,H2BC7,0.140291775295787,0.0843636277750134
Plasma,TPTE2,0.0945044532778956,0.0389032993057113
Plasma,MLEC,2.28689231089646,2.23251965394441
Plasma,LMTK3,0.364020264264265,0.31062276757119
Plasma,PLCG2,1.35843040581335,1.30538776910295
Plasma,ANKRD12,2.93487243462161,2.88211465770729
Plasma,ISL2,0.106496708402236,0.0543459024289861
Plasma,GTF2A1,0.547946865763548,0.495994814496877
Plasma,C11orf24,0.994778390898671,0.943356893733675
Plasma,PMM2,0.581282216149895,0.530993593112223
Plasma,BRCA2,0.357605447483063,0.307448721574797
Plasma,DCC,0.187378214630637,0.137442876429191
Plasma,PTCH2,0.342155846896447,0.29414188540259
Plasma,INO80B,0.25215762755102,0.204469781664466
Plasma,ESR2,0.182873795110071,0.135963659229259
Plasma,ASNS,0.654822632464256,0.607923073824001
Plasma,CDKN2C,0.6911513372582,0.648563368851279
Plasma,NUS1,0.762468400551127,0.720816954681751
Plasma,TGFBR3L,0.161915147495437,0.1212620600809
Plasma,HMCES,0.986914949069972,0.946443097595721
Plasma,FAM117A,0.510782328619368,0.470960004989244
Plasma,EIF1AY,1.17936128698971,1.13966897105899
Plasma,PRDM15,0.200525320667144,0.161457598649884
Plasma,GMPPA,0.790195909750912,0.752076465938108
Plasma,CARMIL1,0.659755023893973,0.624269211281452
Plasma,TRIP11,1.10232830049261,1.07060002538192
Plasma,TMEM39A,0.661028627050909,0.630430074801049
Plasma,IDH2,2.20811260503135,2.1780162136943
Plasma,SLC25A42,0.270711717100633,0.24091292046418
Plasma,ATG4A,0.49748561406188,0.468472575151921
Plasma,H2BC11,0.315418034164396,0.286727564160457
Plasma,CCM2,1.22741649366145,1.19919177129972
Plasma,MOGS,0.58986145195613,0.562271570104921
Plasma,CCL25,0.0619750470809794,0.0347465621244417
Plasma,KNTC1,0.348919554915855,0.322737397263708
Plasma,SCFD1,1.29300452346958,1.26764233353349
Plasma,FBXO10,0.119101645999409,0.0951346753887409
Plasma,ZNF852,0.100186589011738,0.0781757561000111
Plasma,H4C2,0.0557354654056745,0.0343464308307392
Plasma,ETV2,0.164706856351523,0.143354084841438
Plasma,TESK2,0.216396175478066,0.196520081083577
Plasma,CCDC163,0.139334692660079,0.12049378325161
Plasma,PRADC1,0.750081138587967,0.731292132859479
Plasma,WDR64,0.0385672115123541,0.0197861731898572
Plasma,PARD6A,0.275006141540873,0.257721299061466
Plasma,RNF113A,0.7996435277536,0.782382701851834
Plasma,IDUA,0.340817710161546,0.323796771705209
Plasma,KCNK12,0.113979374388486,0.0970235348343262
Plasma,ZBTB40,0.285266205765743,0.268670322550889
Plasma,B9D1,0.595306921626498,0.579351170846296
Plasma,C1GALT1C1,0.920174063582422,0.904719779814597
Plasma,BMP8B,0.158110404636921,0.143180748606514
Plasma,GEN1,0.272919176525792,0.258315036600454
Plasma,ASPHD2,0.150083349602894,0.13550787065845
Plasma,ANGPTL6,0.0843070427717566,0.0706366061756416
Plasma,H1-4,0.75275044780754,0.739152052389391
Plasma,PIGK,0.80044246707704,0.786892464785466
Plasma,SLC2A11,0.38753983274987,0.374347499183668
Plasma,H4C1,0.0656740528718911,0.0530620817317486
Plasma,GOLGA1,0.360127575898721,0.34853957719267
Plasma,KIF19,0.176850916736754,0.165517736521171
Plasma,GH1,0.0222666666666667,0.0109435276845751
Plasma,FBXO48,0.195371096059114,0.18408794524766
Plasma,TCEANC,0.12593526510427,0.115004151342336
Plasma,PLEKHN1,0.196558651587491,0.185661566625818
Plasma,OVOL3,0.0282167346938775,0.0175265363536055
Plasma,NLRP7,0.0978111187739462,0.0871564240830286
Plasma,PSMA8,0.0386553478474382,0.0283496539838235
Plasma,CIP2A,0.278939647587633,0.269435126276514
Plasma,UGT3A2,0.0277711111111111,0.0184091075046881
Plasma,FCRLB,0.147933170731707,0.138947607224179
Plasma,DENND5B,0.485118156788679,0.476941975813187
Plasma,CBY2,0.0161694346028934,0.00941219409573955
Plasma,BET1,1.06314939514911,1.05673515938017
Plasma,H2AC13,0.0532724432177654,0.0470078268100373
Plasma,FSCN2,0.0163098254109851,0.0111377981507419
Plasma,CLDN14,0.12383724137931,0.119800434819353
Plasma,CHST15,0.629478666666667,0.625572911243834
Plasma,H2BC6,0.0909003260328522,0.0876301534403801
Plasma,NKX6-3,0.00865826771653542,0.00578173184013425
Plasma,SAMD7,0.0152506024096386,0.0142817681420964
Plasma,PUS7L,0.743293043051236,0.742499617970273
Plasma,H2AC12,0.0827071187383133,0.0821709981825482
Plasma,MGAT3,0.135703073668492,0.135288198074368
Plasma,BHLHA15,0.0157847389558233,0.0160471878521963
Plasma,NLRP14,0.00876535433070866,0.00930598853711864
Plasma,KISS1R,0.153046222222222,0.153674150694089
Plasma,CCDC110,0.0767947585379679,0.0781773052088514
Plasma,H2BC3,0.0256106513409962,0.0269980992189293
Plasma,PRKCG,0.0229004444444445,0.0245083795872008
Plasma,TEX12,0.00972163265306123,0.0114516539434031
Plasma,FDXACB1,0.119707303977738,0.121542017760207
Plasma,ACTR8,0.282482614356087,0.284646255566931
Plasma,PAQR6,0.156348965517241,0.158528476334993
Plasma,EML5,0.0792355936293437,0.0816201497698765
Plasma,C5orf47,0.00345549010209239,0.00589716971605285
Plasma,SETDB2,0.535243171182266,0.537928149249563
Plasma,UGT2B17,0.0810289688164422,0.0837250743277922
Plasma,HTR4,0.00533751396195944,0.00820565216289017
Plasma,H1-3,0.69680838406653,0.700134847485252
Plasma,PRH1,0.178291745869819,0.181621415259705
Plasma,SOX30,0.0154517135207497,0.0188679686148245
Plasma,VWC2L,0.00130371267150929,0.00494182705586943
Plasma,MROH8,0.0874157887352152,0.0914496221940593
Plasma,DPEP1,0.370053065413327,0.374100061222332
Plasma,DCPS,0.911388664753672,0.915683292119098
Plasma,H3C7,0.0191259842519685,0.0234626583610514
Plasma,TUT4,1.2564522836031,1.26083022647785
Plasma,ZFP69B,0.0594768376250099,0.0638865984977245
Plasma,TECTA,0.0215549122181763,0.0259824422370894
Plasma,RHAG,0.00998255102040815,0.0146631226914081
Plasma,CLVS1,0.0222902222222222,0.0276909750447189
Plasma,GOSR2,0.759187336983574,0.76532356275915
Plasma,TLL2,0.0304658536585366,0.0367170751269908
Plasma,MXD3,0.305207758721369,0.311695973200756
Plasma,AANAT,0.011685799600836,0.0181741799928803
Plasma,RWDD2A,0.225951607764984,0.232556719699352
Plasma,CALHM3,0.0108277551020409,0.01750862796935
Plasma,H2AC16,0.0701639968053417,0.07685744840802
Plasma,SEPTIN3,0.033445737436569,0.0402922657921757
Plasma,MC4R,0.0156466666666667,0.0225891565751934
Plasma,LNP1,0.111021919630736,0.118495432742778
Plasma,MYH15,0.0281934568071048,0.0357684922213126
Plasma,GABRR2,0.00908779527559055,0.0171606221139058
Plasma,CCDC117,0.545766038185218,0.554044192127396
Plasma,CRYBA4,0.0302427586206897,0.0386067493948596
Plasma,GPR55,0.0425958390424443,0.0512671308647589
Plasma,NPAS1,0.0508558393423675,0.0602554377618533
Plasma,TIMD4,0.0970160517526497,0.10644714941018
Plasma,H4C5,0.197489728670343,0.207384188870595
Plasma,PRSS21,0.181165745113745,0.191285544429456
Plasma,H2BC14,0.0138094127626123,0.0243104197327748
Plasma,TRIM61,0.0748325547988934,0.0853893091004731
Plasma,ARX,0.0457124137931035,0.0564918752155654
Plasma,CDH15,0.0444820422867943,0.0553805617461008
Plasma,NOL7,2.30052848876379,2.31290008525377
Plasma,PQBP1,1.65090112252933,1.66423539037531
Plasma,ENPP7,0.00681443755535872,0.020197195396574
Plasma,TRIM55,0.0838777059217261,0.0973096583360554
Plasma,AMER2,0.0119056047720293,0.0264686278426269
Plasma,LRP2BP,0.119150879030938,0.133852565723489
Plasma,SRP19,1.64028086733589,1.65499497377397
Plasma,OBP2A,0.0103204157215177,0.0255044028568216
Plasma,FBXL8,0.212078345855859,0.227763569571598
Plasma,ANKRD53,0.0373675862068966,0.0538477337621062
Plasma,DUSP26,0.15468275862069,0.171248014455866
Plasma,CCDC134,0.117202528735632,0.133956529277051
Plasma,H3C8,0.0425926125496726,0.0597645898483562
Plasma,H2AC4,0.0248120402000157,0.0423225592830829
Plasma,KCNA2,0.0315504502509596,0.0490898814472951
Plasma,COL11A2,0.0433817777777778,0.0617404930040817
Plasma,UBE2QL1,0.0518094541391786,0.0706262038730946
Plasma,RAB2B,0.51624737244898,0.535075081324734
Plasma,C2orf92,0.0477495570866142,0.0683680590213538
Plasma,SLIT1,0.0247915485680543,0.0456835151828129
Plasma,ABCB9,0.254479396874922,0.27709070622917
Plasma,NTNG1,0.0539615262651246,0.0773166210000394
Plasma,COL9A3,0.296980532438479,0.320396967858577
Plasma,H2BC9,0.120079542682927,0.14370268776709
Plasma,CCDC180,0.0834187283885904,0.10707722774822
Plasma,DDN,0.0106804915854739,0.0353852547889761
Plasma,H2AC21,0.0254696850393701,0.0507569050389843
Plasma,GIPR,0.0767772106831241,0.102740015939126
Plasma,LRRC24,0.113415172413793,0.139808394166585
Plasma,C9orf43,0.0262264653359788,0.0538517078278766
Plasma,SWT1,0.170111169950739,0.198285638892725
Plasma,ZNF841,0.147381628335523,0.177308092495865
Plasma,ASCC3,0.774340363364123,0.805525931318259
Plasma,H4C9,0.0253935581954948,0.0575239010166153
Plasma,ZNF775,0.0966940050397669,0.129321185426144
Plasma,H4C8,0.303154266890614,0.336150974787796
Plasma,TRPV3,0.0515279955725539,0.0852312087526771
Plasma,PPOX,0.432792571543947,0.467261422394964
Plasma,STBD1,0.0456361832304746,0.0808939319269776
Plasma,SRBD1,0.368687295699945,0.406269721498347
Plasma,COL4A4,0.18875928009261,0.228345923679055
Plasma,EML6,0.0919589109819285,0.133316956177947
Plasma,ZNF275,0.363747800290799,0.405585676425821
Plasma,MEF2B,0.0300669291338583,0.073541461015095
Plasma,CDR2,0.369099852640348,0.414424668927713
Plasma,TEN1,0.322694482758621,0.36938592577945
Plasma,YIPF1,0.571540892857143,0.618791688992913
Plasma,GPRC5D,0.0286531707317074,0.0767446435448044
Plasma,PAEP,0.0300308509485094,0.0794757245137065
Plasma,NEB,0.112978925046415,0.163064854873533
Plasma,ALDH1L2,0.298059984130886,0.348352090725055
Plasma,CCDC57,0.867653595741166,0.918576821894668
Plasma,LTK,0.0796394301741953,0.132195480613055
Plasma,ALG9,0.187260888888889,0.241884734097348
Plasma,GALNT2,1.01869295576424,1.07462266219247
Plasma,HBG1,0.00252179176755448,0.060348430178709
Plasma,CHODL,0.0477045294945287,0.106595047820215
Plasma,GRK6,0.852279523114468,0.912173297454008
Plasma,RGPD2,0.053487755102041,0.113919621298562
Plasma,ACBD3,1.16264935316392,1.2257748924192
Plasma,RSPH4A,0.0398642785158942,0.103836504836816
Plasma,DMGDH,0.0715751513555038,0.135700338085014
Plasma,ASCL1,0.0184427586206897,0.084391823324409
Plasma,IGLL1,0.209011603532666,0.280461122102472
Plasma,TMEM214,0.803667524235646,0.875239561750067
Plasma,MAN2A1,0.755279607553279,0.829598511709933
Plasma,PIK3CG,0.551458362369338,0.626590705227111
Plasma,ACSS1,0.523506260563981,0.599008258866031
Plasma,KCNA3,0.341553658536585,0.417140301416518
Plasma,PGM3,0.848879796181405,0.926499239243963
Plasma,APOBEC3F,0.266420988740324,0.347680253586935
Plasma,SLC22A31,0.0465309244822427,0.13048923723387
Plasma,XKR6,0.13835967816092,0.223478435786291
Plasma,ENTPD4,0.595840586907926,0.688653983496965
Plasma,TRAM2,0.674680844211794,0.776809392876797
Plasma,NXPE4,0.0616316345340026,0.169745683500499
Plasma,RALGPS2,1.37904950712184,1.48799216723101
Plasma,CLCC1,0.559210784489188,0.672697774328487
Plasma,MSI2,1.48275035418395,1.60076217092751
Plasma,CCDC39,0.0508326114365745,0.180668584595873
Plasma,ODAPH,0.0170626530612245,0.148214458745437
Plasma,IGF1,1.00358374913215,1.13877191583548
Plasma,HBD,0.142885714285714,0.288083119575055
Plasma,QPCTL,0.165188666666666,0.312140463433004
Plasma,CCR2,0.409911724137931,0.57538668784544
Plasma,KHK,0.236038259663303,0.451405743073045
Plasma,RBM6,1.4539192020642,1.67523113272362
Plasma,VOPP1,1.95761155574292,2.19976996586926
Plasma,TEX14,0.154599944285411,0.507941085423778
Plasma,ENAM,0.110285859078591,0.711110133745462
T_cell,CD3D,5.35886903152772,1.54573382162067
T_cell,CD3G,3.52278899410192,1.11041342310294
T_cell,CD3E,4.81149171384405,2.47364269654679
T_cell,IL32,6.48026513968753,4.25302359979403
T_cell,CD2,5.19709287937915,3.19701783479214
T_cell,IL7R,3.56398962565918,1.93739277106643
T_cell,SPOCK2,3.01800556601662,1.46476934290901
T_cell,CD6,1.74009282806589,0.495790130364371
T_cell,CD8B,1.67267595138956,0.445223644482233
T_cell,CD52,6.28543234618523,5.08302973453152
T_cell,CLEC2D,3.02009241663116,1.82383704332231
T_cell,CD8A,2.16386490046709,1.06917389839737
T_cell,TRAT1,1.74801332116668,0.692739285529501
T_cell,ICOS,1.30627886803359,0.280560985482279
T_cell,CTLA4,1.1233849160899,0.188134027860222
T_cell,CD5,1.1895214744183,0.256926569470821
T_cell,LEPROTL1,3.28065683593517,2.38141066845623
T_cell,GPR171,1.55066742463648,0.652337981769507
T_cell,LCK,3.92202409988811,3.02417919578342
T_cell,CXCR4,6.02968679876267,5.14985880738269
T_cell,SIRPG,1.1379067216216,0.26747764426944
T_cell,SIT1,1.74521340476786,0.877235030795461
T_cell,RPL27A,8.32300680003568,7.50111963998329
T_cell,PBXIP1,1.86291708348174,1.06858195048305
T_cell,CXCR6,1.31185858843982,0.546356213571405
T_cell,PDCD1,0.877485066266457,0.124513154275035
T_cell,CYTIP,3.80128535298144,3.07857054059414
T_cell,RPS20,7.70195281841171,6.98834709684417
T_cell,CD28,0.891381891470226,0.197588260826014
T_cell,RPL13A,9.01605180655392,8.32367068388679
T_cell,PIK3IP1,2.56066123423806,1.88027006379378
T_cell,RPS29,8.70611219350296,8.04907729977841
T_cell,BCL11B,1.36406992094858,0.720665024598285
T_cell,LAG3,1.06061843634296,0.439103968044388
T_cell,CD40LG,0.717293524965405,0.111471288026481
T_cell,CAMK4,0.98821099387315,0.390937065957685
T_cell,OXNAD1,1.46900639555189,0.91088466567634
T_cell,THEMIS,0.782258626460642,0.234603379203387
T_cell,RCAN3,1.21740622162805,0.673528057007911
T_cell,TNFRSF25,0.977148017252309,0.43614059719107
T_cell,SEPTIN1,2.29759984458138,1.76624419794287
T_cell,TTC39C,1.46424684016375,0.936368004700591
T_cell,RPL13,9.19649520944803,8.68103953837651
T_cell,INPP4B,1.06180335175374,0.578138449909909
T_cell,TNFAIP3,4.00604981173164,3.54719831954109
T_cell,ITK,1.42601104400854,0.97711534440956
T_cell,STK17B,3.48775116793241,3.04160027634971
T_cell,TIGIT,1.72841632131138,1.28993471890196
T_cell,DNAJB1,4.12900931517005,3.69053336809497
T_cell,RPL23A,8.39832042808951,7.98633700956044
T_cell,PDE3B,0.882512646382351,0.47553959968286
T_cell,RESF1,2.15195763746148,1.74873133412859
T_cell,SUSD3,1.1103510941216,0.70755365019
T_cell,SRSF7,4.03594226662153,3.65180527346306
T_cell,CXCL13,0.617623842078278,0.233886507582723
T_cell,UBASH3A,0.551459445586353,0.170887206378532
T_cell,PPP2R5C,3.09965453091582,2.7232618430911
T_cell,HMGB2,2.89116423827069,2.51765357252991
T_cell,GALM,1.3717291904902,1.01548582913807
T_cell,ACAP1,3.3400059882974,2.98559661637036
T_cell,DGKA,0.876007029937771,0.523203501295029
T_cell,RPL18A,8.46593411775245,8.11516196021423
T_cell,PBX4,0.485726310795612,0.141189644190175
T_cell,RPS12,8.90867305925243,8.57370570170155
T_cell,RPS3,8.57263418401829,8.24211535535034
T_cell,RPL10A,7.5252502533299,7.19499441528459
T_cell,DEF6,1.72045124943094,1.39880504836966
T_cell,RPLP2,8.59854393071806,8.27810608816507
T_cell,RPSA,7.34585916898393,7.02957877052718
T_cell,HNRNPA1,6.39868743906945,6.08312015697489
T_cell,FOXP3,0.349119700701159,0.0371254456959073
T_cell,SARAF,5.6996383465006,5.3914993040723
T_cell,FLT3LG,0.948611359614006,0.650057699891111
T_cell,DUSP4,1.80524873059898,1.50840793378457
T_cell,RPS25,8.09238519061337,7.81148002326239
T_cell,EML4,1.98981457891496,1.70933726779702
T_cell,FYB1,3.90801929890496,3.63138092573321
T_cell,BICDL1,0.526747110331096,0.254073700176396
T_cell,CDKN1B,1.76112779555296,1.49339345727643
T_cell,RASGRP1,1.15922865201018,0.892896194270831
T_cell,RPS7,7.64123389009688,7.37580374077686
T_cell,RPS15A,8.75044093091786,8.48662567215353
T_cell,TERF2IP,2.62370411895163,2.3657734657684
T_cell,RSBN1,1.17562848143889,0.927268959088686
T_cell,RPL3,8.38508465895827,8.13829200757845
T_cell,P2RY10,1.06469940192881,0.823604164084795
T_cell,GBP2,2.04758305834712,1.80679934613315
T_cell,RPS19,8.78450517024183,8.54607975549307
T_cell,RPLP1,9.39215178088103,9.15868446592164
T_cell,EEF1D,6.36464277273498,6.13256364614634
T_cell,UBC,6.84630982647963,6.61654086784982
T_cell,NAP1L4,2.11123856494398,1.88422702486163
T_cell,RPS3A,8.36134599106271,8.14232490996765
T_cell,RGL4,0.823745172013476,0.608035057674065
T_cell,JAKMIP1,0.443380377703465,0.229784044813945
T_cell,TC2N,1.39273200847402,1.18157367361971
T_cell,RPL19,8.45301131006592,8.24273452409406
T_cell,CD96,2.5052514818822,2.29973648647405
T_cell,RPS27,9.57284029256413,9.37196961395336
T_cell,CXCR3,1.35502444936605,1.15420314697474
T_cell,MAP4K1,1.08081150542669,0.886047278401864
T_cell,ZBTB25,0.564731032166778,0.370687674708369
T_cell,SLF1,0.63077041750116,0.43754057946321
T_cell,PASK,0.489886689350642,0.302419259361605
T_cell,G3BP2,2.11125219586915,1.92548438915582
T_cell,ZC3HAV1,2.20419843945631,2.01846524420136
T_cell,ZNF101,0.630562790023206,0.450111625748131
T_cell,CEP85L,0.701905336763582,0.522895763326057
T_cell,GMFG,4.21574241708111,4.03826545135706
T_cell,PPP1R2,2.6701757501717,2.49396703473227
T_cell,RGS14,0.873015148552289,0.697892915262993
T_cell,CPNE7,0.364124439690573,0.189244912859022
T_cell,NELL2,0.562227484232947,0.392622773065958
T_cell,TACC3,0.695861053102166,0.53176796877697
T_cell,DDX24,3.07572351700056,2.91203808454648
T_cell,RPL27,7.30813223493403,7.15045848256834
T_cell,TNFSF8,0.427060478272527,0.272360152361021
T_cell,NSMCE3,0.865602565090932,0.711301660496118
T_cell,APOBEC3H,0.559408523279297,0.40518562155541
T_cell,CDC14A,0.562176809065777,0.408414243612322
T_cell,RPS14,8.68710706395667,8.53352102976232
T_cell,AAK1,1.95566686680617,1.80352492524076
T_cell,TNIP3,0.352957335989912,0.201662300627851
T_cell,LTB,3.90283365498494,3.75205060049959
T_cell,PCED1B,0.782326075897383,0.634211754115484
T_cell,BUB3,2.33133837209915,2.18846682593
T_cell,EMB,2.19454060648898,2.05404012448391
T_cell,IPCEF1,0.828212692843139,0.692082382972317
T_cell,LPIN2,1.01242757230724,0.876316694811048
T_cell,RTKN2,0.362724422778527,0.228017652210985
T_cell,THEM4,0.787502300248321,0.653189823790883
T_cell,TBC1D10C,2.64627443307313,2.51632307095606
T_cell,FNBP1,2.80239793472375,2.67659942961548
T_cell,LDLRAP1,0.586446214026951,0.462966218044388
T_cell,DUSP16,0.601308143907571,0.47996930132255
T_cell,CCR4,0.186259274905799,0.0651157996538299
T_cell,LINS1,0.499537932171729,0.378489910975312
T_cell,ORAI1,0.963007422753698,0.842989808334657
T_cell,RPL41,9.14749189617696,9.0314751353115
T_cell,HNRNPLL,0.819949407107684,0.704981784852511
T_cell,ASB2,0.328023277137262,0.215208731896112
T_cell,ZBED2,0.220629945075016,0.107947728906002
T_cell,OASL,0.753666518565528,0.642838057102672
T_cell,NSD3,1.93654698017289,1.82804062635176
T_cell,FYN,2.71078099654085,2.60302861608984
T_cell,ZFYVE28,0.435163308067042,0.328034529311957
T_cell,JAK3,1.07558919346849,0.968922129990532
T_cell,RPL6,7.57599335177787,7.46987180714616
T_cell,SARDH,0.230068539402174,0.128607331484411
T_cell,SRSF2,3.65975594813541,3.55914587520851
T_cell,DDB2,0.773109930277684,0.673796107710815
T_cell,PTPN7,2.15768810940132,2.06442767002853
T_cell,RPS6,8.50295926509333,8.41188255156034
T_cell,ARID5A,1.7242718853193,1.6334648700552
T_cell,TUBA4A,2.55530898737066,2.46598202136254
T_cell,IL2RA,0.532065635514588,0.445155738617535
T_cell,EED,0.602932830880284,0.518570464344573
T_cell,ARHGAP15,1.94952515885317,1.86540131602314
T_cell,ZNF831,0.316798932089169,0.232798859263228
T_cell,GSTK1,3.39779793461363,3.31416198477374
T_cell,PDCD4,2.46607395691764,2.38644554704077
T_cell,ITGAE,1.22910354083433,1.15030045852685
T_cell,RPS16,7.77500314096476,7.69787243432964
T_cell,IKZF1,2.05348438140008,1.98289845496373
T_cell,CISH,0.569303439850142,0.500343871802767
T_cell,GFI1,0.327487653004047,0.259590418091397
T_cell,CPA5,0.0944752719782754,0.0266268036234629
T_cell,SS18L2,1.39860550784758,1.33132598479664
T_cell,S1PR4,1.29307735928086,1.22703496334674
T_cell,RNF19A,1.65610132323361,1.59495624282868
T_cell,CCR8,0.070611654478761,0.0144949669178313
T_cell,TBC1D4,0.921275090336735,0.865841899649281
T_cell,CD48,3.60535427228381,3.55232356380453
T_cell,IL2,0.06887832412437,0.0169444750304582
T_cell,CYLD,1.51123715937958,1.45951536327473
T_cell,ITPRIPL1,0.195624469034579,0.146057611516596
T_cell,ARHGAP11B,0.215495600676819,0.166365923015249
T_cell,PMCH,0.0748576956069823,0.0267880658993744
T_cell,CRLF3,0.817390779013118,0.769940038777743
T_cell,IL23A,0.183111740516066,0.136051350294645
T_cell,ZC3H12D,0.374480469684515,0.328461917557717
T_cell,GIMAP2,1.12305303899555,1.07707585093383
T_cell,CCDC66,0.768007936468343,0.72223750756477
T_cell,BCL2,0.951808605515081,0.907114436568694
T_cell,LPAR2,0.443045035721422,0.400073785808172
T_cell,FBLN7,0.339951292217283,0.299374960718459
T_cell,PDE4D,1.03196959865436,0.993210808800734
T_cell,TCF7,1.13438706503008,1.09589566594051
T_cell,TRMO,0.358306122474013,0.320640349269744
T_cell,ASF1A,0.833448991183271,0.798948890130788
T_cell,PRPS1,0.774230813090459,0.740415158390207
T_cell,CDC42SE2,2.68366784509725,2.65175649004608
T_cell,RLN2,0.104834236587175,0.0735757544886395
T_cell,ACSL6,0.215272199795838,0.184435018403566
T_cell,B2M,10.7597643351897,10.7300325897418
T_cell,GPRIN3,0.94788722078616,0.918519212501779
T_cell,PPWD1,0.667052902165541,0.639039061902297
T_cell,TDP1,0.340403340130926,0.31258940240408
T_cell,RNF213,3.1194098458283,3.0916215921528
T_cell,ABCD2,0.171800193584994,0.145102661067713
T_cell,INSL3,0.0423165356709336,0.0186465243583127
T_cell,IL26,0.0316417544512452,0.00804570726791003
T_cell,DAPK2,0.292045716727727,0.268673695699568
T_cell,LDHB,4.42046270203125,4.39785513852133
T_cell,PTGER4,1.62395475924,1.60159356486655
T_cell,AKAP7,0.370402134813663,0.348186471007739
T_cell,ETV7,0.287837667784101,0.265868664250896
T_cell,EPB41,1.08054247547433,1.05917146659969
T_cell,GOLGA8B,0.744113755822025,0.722952229585593
T_cell,DPP4,0.377801516979392,0.357127158260136
T_cell,CXorf65,0.100943545878693,0.0819321492240053
T_cell,C9orf78,2.17270594595023,2.15477671303649
T_cell,IKZF4,0.210254284319453,0.19264370394042
T_cell,B3GALT2,0.0793126723079683,0.0623194525878532
T_cell,BAK1,0.630964079989835,0.614584437059456
T_cell,ADAT2,0.235659621240748,0.21972816980694
T_cell,EXOG,0.457873395894643,0.442092120593376
T_cell,ASXL2,0.710831820783927,0.695540189182072
T_cell,MTFP1,0.496558536548008,0.481824191248365
T_cell,GNG8,0.0497085650572751,0.0357501963885732
T_cell,IL21,0.0155882912701696,0.00241643168075179
T_cell,TPRG1,0.157115837302915,0.144737948875406
T_cell,CARMIL2,0.139031584147292,0.126751209292037
T_cell,CRIP1,3.22950529833001,3.21774686560541
T_cell,WHRN,0.261166171779556,0.249553671344173
T_cell,RINL,0.53364687569651,0.52224645818782
T_cell,OTOF,0.025679062714839,0.0144347968666508
T_cell,IL17A,0.0170510511023757,0.00589380312140412
T_cell,SYNGR3,0.0880037597613843,0.0769316297475914
T_cell,CCND2,1.83327392790212,1.82266097206792
T_cell,ATP6V0E2,1.02330014814222,1.01277888270614
T_cell,SLAMF1,0.738477789555984,0.72820406564402
T_cell,STAM,0.534686910877078,0.524695984868273
T_cell,EIF4E3,0.310756562589147,0.30162689638385
T_cell,ANKS1B,0.129695604002646,0.120918921640887
T_cell,OPRM1,0.0398240577644343,0.0317618886057754
T_cell,TSPAN5,0.685620517551079,0.677568847174807
T_cell,RTP5,0.0291763789792229,0.0217196875017937
T_cell,SSTR3,0.0239028942643428,0.0171565210810962
T_cell,KLHL28,0.555344623640375,0.548654684312957
T_cell,HUS1B,0.030624247836033,0.0246261979942184
T_cell,LTA,0.32307611050348,0.317176577524546
T_cell,AGAP2,0.323855453551233,0.318117842655858
T_cell,NLRP6,0.0149781725888325,0.0101536157037525
T_cell,ZNF80,0.0898644283505451,0.085094149239667
T_cell,TOX,0.779105458582736,0.774499210938953
T_cell,NEMP2,0.167607999310208,0.163498843489424
T_cell,CBX7,0.386336709784413,0.382504905909971
T_cell,CD177,0.054077593875388,0.0516496696190469
T_cell,IL22,0.00585090488856868,0.00389830235002168
T_cell,GTSF1L,0.0106054471809245,0.00923595801479229
T_cell,GCNT4,0.0820974486525247,0.0808950591513217
T_cell,IL17F,0.00318802488335925,0.0020034383858376
T_cell,NAP1L2,0.0729440185719032,0.0724453600552055
T_cell,RFFL,0.395992032519631,0.395891427475845
T_cell,TMEM244,0.0250472996069048,0.0260874148975381
T_cell,KLHL10,0.00357701131308886,0.00476227500697507
T_cell,HASPIN,0.047121704257486,0.0483543852556603
T_cell,STAMBPL1,0.36746738838377,0.369026011973322
T_cell,PNMA3,0.0227674228154554,0.0243297204128843
T_cell,MORN3,0.1353990310909,0.137203771353859
T_cell,OCM,0.0109225439576481,0.0128105947286683
T_cell,ATP8B3,0.0470779524359146,0.0489706064713185
T_cell,SFI1,0.659920104775334,0.661977528160757
T_cell,KRT85,0.00344834660884026,0.00565794741493469
T_cell,CCR3,0.0106301898537193,0.0128831224915642
T_cell,FOXB1,0.0125236807275371,0.0147931258773589
T_cell,RLN1,0.0510843305098895,0.053495061553104
T_cell,FNDC7,0.0053163012574457,0.00774878314737791
T_cell,ACER1,0.00954950148649885,0.0120993214648767
T_cell,CTAGE6,0.00158154750823744,0.00420444444444444
T_cell,MAF,1.13536292033618,1.13813956757452
T_cell,IL4,0.00838957181415211,0.0114321181951764
T_cell,GPR52,0.00217622812250535,0.00538798292845287
T_cell,GAL3ST2,0.000479955596514745,0.0037728792026432
T_cell,LGALS14,0.00277993978791637,0.00611831616461429
T_cell,NT5C1B,0.000978608327429166,0.00441393216685156
T_cell,SLC7A6,0.531833876114536,0.535346692898912
T_cell,CCDC136,0.0669170483488248,0.0706555996487945
T_cell,THEM5,0.00247667185069985,0.00633049992936125
T_cell,TRIM39,0.217952752632818,0.221955166071306
T_cell,TMEM272,0.00369520042690775,0.00789617299877313
T_cell,KLHL34,0.0121939734563102,0.0164124677089645
T_cell,FGF22,0.0268986767100977,0.0315063475353178
T_cell,SLC35G3,0.00247202597419574,0.00720990481266291
T_cell,NPAT,0.530411718851847,0.535591224804811
T_cell,MCF2,0.00609822564045745,0.0113161452645607
T_cell,IL21R,0.505114353627084,0.510429457816613
T_cell,CAMKV,0.00298517674512276,0.00838797152354575
T_cell,KRTAP16-1,0.00152377548318772,0.00712889557307663
T_cell,GOLGA8G,0.000977178381588368,0.00679245066086977
T_cell,GP5,0.00585151655061483,0.0117413470407256
T_cell,ARF6,2.71611356620655,2.72214970299244
T_cell,EDAR,0.00790359382478685,0.0141584299400212
T_cell,RAB39B,0.20637630477313,0.212741817030829
T_cell,PAGE5,0.0170597849462366,0.0234876600327965
T_cell,KCNH4,0.00476884855146577,0.0112996584788193
T_cell,TUBA3D,0.0210516063275302,0.0276246988643088
T_cell,HPCAL4,0.0231016969961874,0.0296894808825234
T_cell,VSTM2B,0.00184458430214705,0.00858137271487456
T_cell,ASMT,0.025191005267426,0.0320828316182203
T_cell,CYP2F1,0.00604528686782389,0.0129393583173913
T_cell,CCDC42,0.00435687998100961,0.0112820335019558
T_cell,SLC7A10,0.000944817269454395,0.00788121156913051
T_cell,GPR19,0.0511388447744668,0.0581241778440765
T_cell,KRT73,0.00510113655785335,0.012335534683945
T_cell,HSF5,0.0147167889784284,0.0221102712491203
T_cell,KIF20B,0.571211235430264,0.579659647766213
T_cell,WNT1,0.00226970928284182,0.0108301792336721
T_cell,C12orf40,0.0067617950754567,0.0154373250649228
T_cell,SLAIN1,0.120216483091283,0.129126849128363
T_cell,RFPL2,0.00614467812580282,0.0151943761512673
T_cell,RGPD3,0.0149450299117214,0.0240188310107277
T_cell,CUL9,0.263862392984824,0.273367696344572
T_cell,SEMA4D,1.24409739739566,1.25366653945422
T_cell,MTMR8,0.0300664175786311,0.0397775287641141
T_cell,ADTRP,0.201542706233578,0.211320411517935
T_cell,RAB19,0.00812711700214472,0.0181654728798608
T_cell,EPHA1,0.163710917259506,0.174048019748504
T_cell,KRT83,0.00281669416704304,0.013611145641435
T_cell,SP4,0.385987195146872,0.397066637244384
T_cell,USP9Y,0.173619247786937,0.185110495759431
T_cell,TNFSF4,0.138256133969647,0.149934773634976
T_cell,CGA,0.0147684450509791,0.0267174762161183
T_cell,DSC1,0.00683613615742476,0.0190033699794633
T_cell,CHRNA6,0.0163785217142359,0.0288523743687025
T_cell,ITM2A,3.105152208946,3.11817750210784
T_cell,CCR5,0.47130374586167,0.484438025435342
T_cell,SCML4,0.902206107559886,0.915622483652084
T_cell,OR52N4,0.00153516781755389,0.0161017217190587
T_cell,FAM78A,0.376808093673349,0.3915507274075
T_cell,CA6,0.00706774463806971,0.0222716678149393
T_cell,CRYGD,0.000512027628926025,0.0157210823917297
T_cell,TLCD3B,0.00814074326873871,0.0234944515951644
T_cell,CCSER2,1.28689732091713,1.30396600764797
T_cell,BRDT,0.0187554745327481,0.0361399395228269
T_cell,ATF7IP,1.21120230830568,1.22866319109496
T_cell,ZFP57,0.0397719089934665,0.0577624414593197
T_cell,H2AC15,0.0426226255883341,0.0610255647479723
T_cell,BTNL8,0.0194528705494343,0.0379298929532872
T_cell,BLM,0.209997752679273,0.229137503478874
T_cell,ZNF14,0.155256211449015,0.174452536040083
T_cell,GCNA,0.0629433092601242,0.0822639289352827
T_cell,ERAP2,0.937435014311293,0.957014349198715
T_cell,THADA,0.411215645956882,0.431114758551521
T_cell,IL23R,0.0690971776123334,0.0892928059327776
T_cell,ASB15,0.011253767015439,0.032542918961421
T_cell,DNAJB7,0.00680828591270231,0.0281367748452831
T_cell,ABHD3,0.783452618086689,0.805008853235926
T_cell,FXYD7,0.157987454114066,0.179643121275118
T_cell,CHMP7,0.666204690210523,0.688096796953428
T_cell,PCNX2,0.293256475978115,0.315453553206126
T_cell,TAFA1,0.0181665752308463,0.040762119859854
T_cell,FNDC9,0.0116155152245668,0.034263681393907
T_cell,SP140L,0.836219112001912,0.859620555388359
T_cell,MLLT3,0.744958650571706,0.768463003279515
T_cell,APOBEC3C,1.79742707768378,1.82122516884362
T_cell,H4C15,0.0133688081243339,0.039107025451259
T_cell,PKIA,0.200228819186313,0.226475618463483
T_cell,PANK4,0.22727171905363,0.254589656825159
T_cell,ATXN7L1,0.275300053751126,0.303023439055599
T_cell,ADORA2A,0.051250904291643,0.0797924433710847
T_cell,IKZF2,0.38343793940955,0.41207456063708
T_cell,PRKCQ,0.554242521826829,0.583030407408572
T_cell,F5,0.183846121903097,0.212664462853079
T_cell,PTTG2,0.0164478687121586,0.0459761445526092
T_cell,LRRC7,0.0583963804601178,0.0894949951581635
T_cell,CCDC7,0.178346573235344,0.209644694059858
T_cell,DBH,0.00952309954065367,0.0410539531108319
T_cell,IKBKE,0.434260740739837,0.467042905068762
T_cell,GALT,0.534331328269234,0.567285385003087
T_cell,SUPT3H,0.640665155536474,0.673775987978543
T_cell,DZIP3,0.485895914925182,0.520040225813194
T_cell,LPIN1,1.07980147631879,1.11434523424536
T_cell,NLRC5,0.893925162087006,0.930314461204633
T_cell,CA10,0.00559902236899214,0.0429400462795245
T_cell,RBL2,1.52103609597803,1.55877373787805
T_cell,GPA33,0.0631286581379893,0.101808291724039
T_cell,PPIAL4G,0.0425635667711865,0.0823214240146002
T_cell,IKZF3,1.56912225560455,1.60895492124658
T_cell,ATXN1,0.871147958395432,0.911580446860418
T_cell,ATP6V1G3,0.000849799891199602,0.0424040379314331
T_cell,PPEF2,0.00593289204525471,0.0478258698405089
T_cell,PHTF2,0.761063707294437,0.803341035746028
T_cell,LRRC37A,0.0269147699060884,0.0730036400009663
T_cell,FAM166B,0.0258355835107819,0.0720760470416377
T_cell,CREB3L3,0.0130929044131671,0.0608641315001466
T_cell,MCF2L2,0.0889506930968764,0.137146813576474
T_cell,ADARB2,0.0241751836121396,0.0723917590287559
T_cell,ZNF586,0.201727218269243,0.250910522046311
T_cell,TCAF2,0.222082918455811,0.271370108018945
T_cell,HEMGN,0.0256354940671621,0.0776070382759131
T_cell,CD70,0.376795080829893,0.429086332304098
T_cell,HAUS3,0.560544483414804,0.61697319440893
T_cell,EDN3,0.00439516348467755,0.0616682643208471
T_cell,FAM184A,0.129468333018966,0.186816092004486
T_cell,IFNG,1.04673528036073,1.10446076836057
T_cell,LRRN3,0.138422919921318,0.19763162699829
T_cell,CENPK,0.39247233811067,0.45655473644268
T_cell,CCDC141,0.206554409440899,0.272138834777189
T_cell,SEC31B,0.124348370614605,0.190471954264229
T_cell,LRRC2,0.0782262552047954,0.144535342331917
T_cell,KIF5C,0.138446470334767,0.205243975556089
T_cell,SLAMF6,0.709571890402778,0.779508843043691
T_cell,ARHGAP45,1.75112805968093,1.82190714819675
T_cell,ARG1,0.00625225254806486,0.0881838722203513
T_cell,SLC4A7,0.829760321895862,0.914052729959747
T_cell,NCK2,0.602692080854073,0.690644785941165
T_cell,SLC17A3,0.00442898465362391,0.0958799097255356
T_cell,TNFRSF9,0.677403099670707,0.769856673701072
T_cell,L1CAM,0.0253312952351558,0.129946654807299
T_cell,AHSP,0.0376492458714669,0.142388403285819
T_cell,PTTG1,1.11767296598003,1.22255880114042
T_cell,TRIM59,0.281323818424994,0.388317350372565
T_cell,MAL,0.679354329787223,0.786807161553166
T_cell,CEP120,0.256078614158169,0.36417387980374
T_cell,GOLGA8A,0.456158496321694,0.567321162122899
T_cell,ZNF683,0.487354493255609,0.599987423878018
T_cell,SLC14A2,0.0291681198380253,0.144074806472447
T_cell,REG4,0.0168866449209015,0.13966483747916
T_cell,VSIG1,0.102626034190407,0.226720479313026
T_cell,GPR174,0.126653991547782,0.30424875896231
T_cell,TNFRSF18,1.03986077055025,1.22903100273388
T_cell,GZMK,1.9994270947282,2.24828877920934
T_cell,FXYD2,0.108205903298154,0.606263239158546
T_cell,PTPRCAP,1.00187558909187,1.90264804477685
Epithelial,SLPI,4.66738153640822,1.79481252346405
Epithelial,KRT7,4.21657736260972,1.46240223155697
Epithelial,ELF3,4.66677081044081,2.19991061177099
Epithelial,AGR2,3.73977593984963,1.31676834173031
Epithelial,KRT19,5.26313672566372,2.91300422378075
Epithelial,FXYD3,4.52547630446406,2.31879129469813
Epithelial,PIGR,2.78088026315789,0.628769735925853
Epithelial,WFDC2,3.80667130568455,1.73970543534042
Epithelial,TACSTD2,3.92255395575274,1.9551187940959
Epithelial,CLDN4,4.23036992481203,2.26806063353746
Epithelial,TSPAN1,3.00635767901883,1.10829235094354
Epithelial,KRT18,5.54472644239717,3.69586172635019
Epithelial,SMIM22,3.33664115040824,1.55359395883392
Epithelial,KRT8,5.13036118421053,3.35613527606004
Epithelial,LCN2,2.77138445945946,0.997595546662815
Epithelial,PERP,4.39920132743363,2.77399601519697
Epithelial,SPINT2,4.86114794968895,3.37342694537205
Epithelial,MUC1,2.558,1.19037842449569
Epithelial,CLDN7,3.05664107660097,1.71291269655542
Epithelial,ATP1A1,4.26899816363626,2.96201484077919
Epithelial,DEFB1,2.23371150442478,0.933614992115057
Epithelial,ATP1B1,4.14530257699951,2.90438863165769
Epithelial,MGST1,3.67497440026881,2.43617461655232
Epithelial,SDC4,2.95550743243243,1.76346507723934
Epithelial,PRDX5,5.50552781954887,4.32652879065366
Epithelial,CD24,4.52539050867881,3.35473360697717
Epithelial,EHF,1.98388144769163,0.852056295923974
Epithelial,C19orf33,2.60036182233483,1.47683029438154
Epithelial,EPCAM,3.40416081081081,2.2856940967835
Epithelial,SLC44A4,1.73693975761454,0.657292635308797
Epithelial,TSTD1,3.81549239250276,2.7494528181279
Epithelial,KLF5,2.22029628363403,1.16704791738361
Epithelial,MMP7,1.79876061946903,0.778600671098553
Epithelial,PDZK1IP1,2.29477763157895,1.27597475869102
Epithelial,UQCRQ,5.47393524149724,4.45636750327544
Epithelial,RAB25,2.24703938053097,1.24557623446385
Epithelial,DSP,2.6003110356727,1.59921286104567
Epithelial,BAG1,2.84621203007519,1.86605468606007
Epithelial,CP,1.65022995993543,0.720657346147024
Epithelial,PLPP2,2.22960585107487,1.31014965682791
Epithelial,TFF3,2.09906722803367,1.18162068291505
Epithelial,ZG16B,1.43242401337728,0.529872347422555
Epithelial,CYSTM1,3.53977042722179,2.63898107639374
Epithelial,SAA1,1.40046797220991,0.502606508768544
Epithelial,PPDPF,6.02527398015436,5.13575497459141
Epithelial,GSTP1,6.42731047619048,5.57047593810323
Epithelial,ATP5MK,4.79250676691729,3.94254397038514
Epithelial,MUC4,1.17895482189648,0.335473759456657
Epithelial,CAST,3.52654169718595,2.68738681527758
Epithelial,ANXA3,1.59954969154029,0.791928137850709
Epithelial,HEBP2,2.83388100995667,2.02738971470083
Epithelial,CLDN10,1.34816582948909,0.552333222572433
Epithelial,SH3YL1,1.99408716814159,1.22346546821329
Epithelial,ST6GALNAC1,1.10002642451436,0.336685751489266
Epithelial,SCNN1A,1.43999619047619,0.676678201958957
Epithelial,CRACR2B,1.33048261337388,0.571550604197495
Epithelial,CLDN3,2.3953879202743,1.63711128890989
Epithelial,GSTA1,1.24457443609022,0.490804539841283
Epithelial,FOLR1,1.23198552631579,0.488088742663587
Epithelial,AZGP1,1.81573768386725,1.07192443736616
Epithelial,ASS1,1.86202507242277,1.1391423376959
Epithelial,ATP5ME,4.77274594594595,4.06010699733661
Epithelial,DMKN,1.70377841054327,1.00051925218151
Epithelial,CXCL1,1.55027960526316,0.848157753595712
Epithelial,AGPAT2,2.25970263157895,1.56514134452144
Epithelial,DHCR24,1.95106015037594,1.26028637672468
Epithelial,MYH14,1.33237091564038,0.641943310999436
Epithelial,UQCR10,4.70290065789474,4.01438362318229
Epithelial,ATP5IF1,4.31210198524536,3.63852893073303
Epithelial,SCP2,3.32103082706767,2.65479475962714
Epithelial,GDF15,1.90942303021635,1.2439206724488
Epithelial,MAL2,2.42187142857143,1.75705291920745
Epithelial,CEACAM6,1.5266610619469,0.871146482407193
Epithelial,SPINT1,2.02213584070796,1.37248581648977
Epithelial,KRTCAP3,1.70833601368287,1.06506855911706
Epithelial,FAM3B,1.24708285714286,0.605680180898454
Epithelial,IRX3,1.08450657894737,0.447154810164181
Epithelial,BICDL2,1.12479949226798,0.487891465639289
Epithelial,LGALS3,4.80493129291696,4.16987482849496
Epithelial,AQP3,1.73468580197872,1.10111621104845
Epithelial,SERINC2,2.17557062973328,1.55376977868672
Epithelial,TMC4,1.25761238095238,0.648857940187962
Epithelial,S100P,1.39965526315789,0.793617524588185
Epithelial,BIK,1.37461110597593,0.771565169753261
Epithelial,VSIG2,0.865675939849624,0.264900077527054
Epithelial,NDUFS5,4.86394557522124,4.26451657680602
Epithelial,CDH1,1.82033317041679,1.22164703777679
Epithelial,TMC5,1.41408646616542,0.824736676655017
Epithelial,CIB1,3.74577199558986,3.15858521876345
Epithelial,EPS8L2,1.5494052631579,0.962262300963707
Epithelial,PNKD,2.71873428571429,2.13273298713354
Epithelial,MT1X,3.1036651454618,2.52196161035892
Epithelial,IRF6,1.28612180451128,0.705725660737767
Epithelial,PNPLA2,1.6265180952381,1.04992635529996
Epithelial,TMEM30B,1.04630328947368,0.470881701955977
Epithelial,SHROOM3,1.23395497589174,0.660281770653227
Epithelial,PCBD1,2.92796238938053,2.35536787758293
Epithelial,MRPL41,3.09616460176991,2.52706721014334
Epithelial,HSBP1,3.95344321810961,3.38804644181991
Epithelial,MRPL54,2.58855789473685,2.02536242797166
Epithelial,NET1,1.76611422439005,1.20386646435594
Epithelial,AGR3,1.17563909774436,0.614194358237621
Epithelial,SOX4,3.84638362831858,3.29006748042597
Epithelial,CYB5A,3.09482190476191,2.53872483096488
Epithelial,SELENOP,3.25124436090226,2.6951840085484
Epithelial,NDUFB7,4.15937610619469,3.60705075593455
Epithelial,PTPRF,2.12312946536428,1.57201303483403
Epithelial,NDUFC1,3.56006380952381,3.01015716632918
Epithelial,SAA2,0.78955834840646,0.24069407067385
Epithelial,EZR,3.88702120423182,3.34602814370237
Epithelial,ECHDC2,1.61962302631579,1.07925422484278
Epithelial,TUBB4B,3.6477468015339,3.1076478138239
Epithelial,TXN,5.44235444539931,4.90663484771963
Epithelial,UQCR11,4.90928770241371,4.37556757351463
Epithelial,ERBB2,1.38310959206174,0.85223147541941
Epithelial,CHMP2A,3.53269301021038,3.00198332736293
Epithelial,DHRS3,1.84359557522124,1.31330796512169
Epithelial,GPRC5A,1.65284734513274,1.1240797049376
Epithelial,UBL5,5.12579252432339,4.60192828202498
Epithelial,NDUFA3,3.50112666666667,2.97806120166744
Epithelial,HSBP1L1,1.55070226140759,1.03313002373848
Epithelial,S100A6,7.97996905749613,7.47047017803592
Epithelial,CHCHD10,3.17094135338346,2.66145067248488
Epithelial,ELOB,5.1974451826553,4.68942848271044
Epithelial,LIPH,0.958937168141592,0.452875552093977
Epithelial,ERRFI1,2.09323200121364,1.58948072722896
Epithelial,AURKAIP1,3.47928947368421,2.97652371852899
Epithelial,SCGB3A1,0.935332968780953,0.437776022598214
Epithelial,MUC5B,0.711414895250955,0.215572338780659
Epithelial,TOB1,2.52220592105263,2.02985607044764
Epithelial,CD46,2.82151045245457,2.33359051312123
Epithelial,PLAAT3,2.12232618001076,1.64550972405078
Epithelial,CKB,2.84617585919487,2.37114255309636
Epithelial,AP1M2,1.31684778761062,0.841896618094097
Epithelial,PSCA,0.727853080551734,0.253930211753492
Epithelial,ACADVL,2.82895024742056,2.35709721962195
Epithelial,SELENBP1,1.50621598676957,1.03839547112523
Epithelial,ECHS1,2.86341094525882,2.3977340804013
Epithelial,DYNLT1,3.46308392761067,2.99779947894689
Epithelial,MICOS13,3.02089473684211,2.55611244612185
Epithelial,CCL28,0.850386466165414,0.386479845150969
Epithelial,SCAND1,3.2877302631579,2.82753650852464
Epithelial,NDUFV2,3.57390263157895,3.11501972681427
Epithelial,TCEA3,1.57253998591996,1.11843634040028
Epithelial,ATP5MF,4.54476238938053,4.0907253165111
Epithelial,S100A14,2.0773389380531,1.62535205960107
Epithelial,C6orf132,1.05604772141991,0.608430925833481
Epithelial,MSLN,1.113875,0.666759758560066
Epithelial,NDUFA2,3.38424513274336,2.93839217150437
Epithelial,SLC4A4,0.825573748332561,0.379815410804051
Epithelial,ADGRF1,0.694851456706833,0.250668356214615
Epithelial,PRSS8,1.37264910350605,0.933164971784039
Epithelial,NDUFA1,4.58498938053097,4.14830367122503
Epithelial,GTF2H5,2.15080761904762,1.71475397716272
Epithelial,FAM133B,2.46791515564756,2.03389799771379
Epithelial,MMP24OS,2.21939196777051,1.7856551337032
Epithelial,PRRG4,1.19970369775703,0.768498948073283
Epithelial,SLC12A2,1.50799728299438,1.0810217660209
Epithelial,IMPA2,1.25466415929203,0.836428586439246
Epithelial,AKR1C3,1.59992826711714,1.1866597637879
Epithelial,POLR2L,4.70834101433297,4.29517339788295
Epithelial,F11R,1.64637831858407,1.23482343737751
Epithelial,TXNDC17,3.03984297954526,2.6287213953293
Epithelial,RASSF7,1.59766149231876,1.18938075915122
Epithelial,MRPL20,3.13268813531903,2.72592384113681
Epithelial,CARHSP1,2.46817389380531,2.06159625090925
Epithelial,TJP3,0.748149980591292,0.342716075039084
Epithelial,ST14,1.3675185840708,0.962360324738515
Epithelial,GLUD1,1.83589431449122,1.43086128600515
Epithelial,COX14,2.74769323308271,2.34639633833406
Epithelial,CAPN2,2.52245619469027,2.12302008415961
Epithelial,PRSS22,0.881109084600441,0.483366552063273
Epithelial,DDT,3.39943609022557,3.00229690304929
Epithelial,TPI1,5.61391710526316,5.21820246074263
Epithelial,NDUFB3,3.10931902654867,2.7147896922741
Epithelial,TMEM125,0.827538157894738,0.43552964680411
Epithelial,NDUFC2,3.70117596471885,3.30973171064624
Epithelial,NDUFB1,3.9127326422387,3.52341671313987
Epithelial,IL20RA,0.728297744360902,0.34301039259677
Epithelial,MAOA,1.21173729152909,0.828272398470669
Epithelial,STARD10,1.64115197368421,1.25793959637967
Epithelial,DEGS2,0.701307559444433,0.319494169995683
Epithelial,LMO7,1.4816690085056,1.10313568597981
Epithelial,KRT10,2.95003109151047,2.5725089237178
Epithelial,GALNT3,1.11187893465923,0.739012481927498
Epithelial,NDUFB4,4.26138716814159,3.88883125119177
Epithelial,COPS9,3.23914603569946,2.86679671732213
Epithelial,FAM3D,0.678947782180815,0.309052461615971
Epithelial,SMIM26,3.04334812030075,2.67405791310005
Epithelial,EDF1,5.14163947368421,4.77589007213361
Epithelial,KRT23,0.684668243243243,0.319535594538198
Epithelial,LAMB3,1.33837126441608,0.976034746186886
Epithelial,MICOS10,3.3012099091594,2.93896535751189
Epithelial,EPHA2,0.965411373930938,0.612544901866831
Epithelial,COX6C,5.33864380530974,4.98919838473901
Epithelial,KIF9,1.1425223953019,0.793412017145313
Epithelial,GPRC5C,1.17115714285714,0.823099650229514
Epithelial,MRPS36,2.10386513157895,1.75633344535802
Epithelial,GGT6,0.619387610619469,0.276560291647296
Epithelial,LSR,1.92402621682232,1.58185388501645
Epithelial,SSU72,2.6583556840408,2.32171369366243
Epithelial,RASEF,0.820654678079815,0.484565244045175
Epithelial,RALBP1,2.07633619047619,1.74083356410201
Epithelial,GIPC1,1.61438539823009,1.27940437599894
Epithelial,EBPL,1.83582631578947,1.50164685674522
Epithelial,TRAF4,1.55548849557522,1.22205524091174
Epithelial,BSPRY,0.687722074575873,0.354794262969694
Epithelial,GRB7,0.849790187431091,0.516955110130178
Epithelial,PHLDA2,2.09424215836167,1.76737395314573
Epithelial,TMEM141,2.30705263157895,1.98093695971979
Epithelial,MSRB2,1.56827700033055,1.24488024604753
Epithelial,ARSD,1.05494392860258,0.731977771400819
Epithelial,P4HTM,1.26215157069246,0.939365952795655
Epithelial,MPST,2.04995187969925,1.72813376293822
Epithelial,PSENEN,2.23479934210526,1.91423371313247
Epithelial,ZBTB7A,1.37872635135135,1.05886771013391
Epithelial,NDUFA6,3.06455714285715,2.74519850702552
Epithelial,CLMN,1.10802976846748,0.788722583032751
Epithelial,MYO6,1.88023815789474,1.56226681196401
Epithelial,FOXA1,0.838482894736842,0.520933160026388
Epithelial,ADI1,2.72070676709122,2.40460487245396
Epithelial,CXCL17,0.769019622900778,0.453880677591497
Epithelial,AKR1C1,1.04874705616557,0.735365232166547
Epithelial,ABO,0.542423451327435,0.231657811155082
Epithelial,JUND,3.61510003291112,3.30441275436617
Epithelial,COMTD1,1.33415611907387,1.02420408965981
Epithelial,CYP4B1,0.499704413837654,0.191182122044718
Epithelial,TST,0.990515307569187,0.682443789351529
Epithelial,SDR16C5,0.746068571428571,0.438132589008961
Epithelial,SUCLG2,1.54159097744361,1.2337451147268
Epithelial,CHPT1,1.42423299061571,1.11709967688413
Epithelial,TMEM54,1.45100796460177,1.14423565853084
Epithelial,CDS1,0.804703528114663,0.498090432059249
Epithelial,LDAF1,1.19961877660878,0.893076566647267
Epithelial,H2AJ,2.94031471336966,2.63470959768742
Epithelial,SMIM19,1.77641898762512,1.47106417888072
Epithelial,ATP6V1G1,4.57452857142857,4.27106382391153
Epithelial,PATJ,1.23778684447545,0.9347012636711
Epithelial,CLTA,3.80775037593985,3.50487884275839
Epithelial,SLC6A14,0.455965789473684,0.155586121015434
Epithelial,GOT1,1.17734867256637,0.87758247921818
Epithelial,FAM174A,1.22415238095238,0.925180952320922
Epithelial,NTN4,0.97933587717572,0.680425147421858
Epithelial,HOOK2,1.65517566371681,1.35638920666319
Epithelial,EPHX2,0.792581415929204,0.495168081909247
Epithelial,TBCA,4.07801061946903,3.78077664790101
Epithelial,SNRNP70,2.19292476190476,1.89835441320435
Epithelial,ANXA4,2.59584354608068,2.30163093015936
Epithelial,SEPHS2,1.17611654135338,0.882104160683203
Epithelial,PLEKHS1,0.403459360730594,0.109453420980503
Epithelial,SNRPG,3.67814068357222,3.38529668006685
Epithelial,DPM3,2.1234656688575,1.83063603836538
Epithelial,LLGL2,1.11549614112459,0.824286079945186
Epithelial,EIF6,3.10432879247566,2.8133048761979
Epithelial,ATP5PD,3.76492256637168,3.47481354287116
Epithelial,CD47,2.8465052631579,2.55957963498065
Epithelial,SGMS2,0.757966216216219,0.472330181234253
Epithelial,KCNJ15,0.454490707964602,0.170147709166477
Epithelial,ALCAM,1.65832894736842,1.37475898742974
Epithelial,EMC10,2.00147763157895,1.71848140031296
Epithelial,SLC44A3,0.623496240601504,0.340742687180617
Epithelial,STAP2,1.19164424778761,0.909479012155522
Epithelial,HSP90AA1,6.43769722094991,6.15742684444479
Epithelial,SFN,1.88402351148624,1.60476186457073
Epithelial,ABHD14B,1.46834210526316,1.18979862503966
Epithelial,SYT8,0.512563422119031,0.234432390677481
Epithelial,COX7B,4.31983533834586,4.04296396667942
Epithelial,ATF3,3.00309206174201,2.73070213200693
Epithelial,CLTB,2.38592831858407,2.11375169806434
Epithelial,KIF5B,2.81304047940636,2.54133156357978
Epithelial,H1-0,2.16601644736842,1.89496418900779
Epithelial,TFCP2L1,0.590202071121656,0.31942293980893
Epithelial,MRPL52,2.64272565789474,2.3741068771706
Epithelial,ORMDL2,1.76007647089969,1.49214198956721
Epithelial,MUC15,0.358648077216563,0.092118572566731
Epithelial,CHMP5,2.75265904761905,2.48858534143062
Epithelial,CHMP2B,1.68122288108996,1.41729191205535
Epithelial,CNKSR1,0.592417293233083,0.331837666339793
Epithelial,PPL,0.829944268463976,0.569810523487819
Epithelial,ERBB3,1.51003716814159,1.25152278301537
Epithelial,TMEM14B,2.73980992282249,2.48419059273013
Epithelial,NDUFA5,2.83257669172932,2.57861050475767
Epithelial,TMPRSS2,0.781546017699116,0.528598450547698
Epithelial,ALDH1L1,0.507697142857143,0.255140071681532
Epithelial,SH2D4A,0.708053333333333,0.456191834038169
Epithelial,DNAJB2,1.15262894736842,0.900881526647574
Epithelial,DSC2,1.00933429739976,0.75799469954375
Epithelial,PRRG2,0.50548454423528,0.254599394193832
Epithelial,FGGY,0.86186361631753,0.613701935369967
Epithelial,TNFRSF21,1.10364100497844,0.85627586004672
Epithelial,HINT1,5.71899407894737,5.47417855876814
Epithelial,STEAP3,0.581467763157895,0.337990261730634
Epithelial,PROM2,0.580152973681755,0.337031139540943
Epithelial,RAB3IP,1.2007203539823,0.958242942084632
Epithelial,CHCHD5,1.85578315417226,1.61335100322171
Epithelial,HIGD1A,2.01864078947368,1.77847925185135
Epithelial,OCEL1,0.887258179375656,0.647565691647691
Epithelial,MRPL23,2.14997883131202,1.91252933749073
Epithelial,DDAH1,1.03846194690266,0.801612875419472
Epithelial,PRR15,0.521167916207277,0.286558328777465
Epithelial,RIPK4,0.587095819308506,0.353145045179907
Epithelial,TGIF1,1.90495001977472,1.67351771426895
Epithelial,TMEM45B,0.716808780217998,0.485493721683749
Epithelial,EPS8L1,0.721692477876107,0.490693504589354
Epithelial,NDUFB2,4.33277828947369,4.10261677525189
Epithelial,ALKBH7,2.52758434733551,2.2982988030124
Epithelial,SMDT1,3.13375799799264,2.90452710069014
Epithelial,SURF1,1.89904719154149,1.67053978330703
Epithelial,MUC20,0.542399342105263,0.314149584540585
Epithelial,AFF4,1.95831554054054,1.73209348153124
Epithelial,RHOV,0.58566460859978,0.360044111636928
Epithelial,NR2F6,1.13310316622156,0.908296561762159
Epithelial,MTIF3,1.89692246088865,1.67223402102285
Epithelial,SRRM2,3.24838165039953,3.02452005233222
Epithelial,ELMO3,0.554569517052715,0.332503404732962
Epithelial,SPAG16,1.25915162335156,1.03786951081731
Epithelial,CLIP1,1.41877716149016,1.19841095382035
Epithelial,TNFRSF12A,2.50409367178407,2.28420214189416
Epithelial,HYI,1.2476690767207,1.02858603398956
Epithelial,ODF3B,1.5273677631579,1.31013214149537
Epithelial,WWC1,0.72140635700321,0.504337634719877
Epithelial,BMP3,0.292044247787611,0.0756510928647844
Epithelial,CAPN1,1.87184758827921,1.65549201326819
Epithelial,D2HGDH,0.722534241026722,0.506716362082807
Epithelial,AIMP1,2.00299342105263,1.78826644096203
Epithelial,COX7A2,5.00471526308776,4.79263527703533
Epithelial,JUP,1.84227254391146,1.63111521107418
Epithelial,NEDD4L,1.32573420448862,1.1154894763154
Epithelial,ZNF428,2.0122321345216,1.80259352566805
Epithelial,OCIAD1,2.70987518796993,2.50038700232291
Epithelial,DDR1,1.66367820356355,1.4555133068886
Epithelial,HMGCS2,0.417576277251981,0.20989688077366
Epithelial,HOOK1,0.796811923114825,0.589573854013968
Epithelial,PPCS,1.95313233082707,1.74660553074585
Epithelial,GCC2,2.04364564159153,1.83726801860811
Epithelial,PGRMC1,2.50941047619048,2.30310606570885
Epithelial,SORD,1.20219523809524,0.99602978852179
Epithelial,NIBAN2,1.37595530973451,1.16993562375629
Epithelial,TECR,2.78767619047619,2.5834169335059
Epithelial,DHRS1,0.876919047619048,0.673139201908818
Epithelial,PHYHD1,0.76810575221239,0.56570793547753
Epithelial,PPP1CB,3.11086857142857,2.90907515205237
Epithelial,CMPK1,2.60507522123894,2.40328448638648
Epithelial,MT1F,1.26911714285715,1.06841671636503
Epithelial,MACROD1,0.937285178651531,0.73736727160608
Epithelial,MMAB,1.28474285714286,1.08508346431748
Epithelial,PPP1R13L,0.687873347302321,0.489401881199826
Epithelial,DCDC2,0.572458891219619,0.374218558764434
Epithelial,CRB3,1.03914961869893,0.841028489686427
Epithelial,ZNHIT1,3.22517969924812,3.02743610446561
Epithelial,SNX7,0.998509261300993,0.801208380519412
Epithelial,ISOC2,1.76394380530973,1.5670120294566
Epithelial,NECTIN4,0.697447149252784,0.500823513612141
Epithelial,IGFBP2,2.14310639166761,1.94699115832314
Epithelial,TMEM87A,1.81706688950225,1.62114552037849
Epithelial,TMEM63A,0.811767105263158,0.615914790880881
Epithelial,MT1E,3.13126235629541,2.93561507124525
Epithelial,UBXN6,1.31681297976281,1.1228345818256
Epithelial,ADH1C,0.386124056362157,0.192181677390281
Epithelial,RASD1,1.18713907420236,0.99335772683734
Epithelial,SLC22A18,0.973113815789474,0.780247645438519
Epithelial,NDUFB10,3.51178230088496,3.31922047593324
Epithelial,NT5DC1,1.00127604931755,0.808843865275893
Epithelial,MFSD4A,0.390533847850055,0.19824362666852
Epithelial,C9orf152,0.422090789473684,0.229861012188423
Epithelial,TSPAN6,1.33883191076311,1.14773571609649
Epithelial,PARD6B,1.12600530973451,0.935244307013798
Epithelial,CRYM,0.453009868421053,0.26232944898411
Epithelial,HINT2,1.98187303249616,1.79142059834483
Epithelial,PFDN6,1.53315755237045,1.34302383472639
Epithelial,ESRRA,0.923111504424779,0.733211832142544
Epithelial,DST,2.08876315789473,1.89898719381079
Epithelial,RNF39,0.339140281936569,0.15091546366357
Epithelial,COMT,2.78184867256637,2.59429262675957
Epithelial,SLC34A2,0.579713817871241,0.393223886264293
Epithelial,PLXNB2,1.54597565789474,1.35960482645353
Epithelial,MB,0.339151973684211,0.153612052608073
Epithelial,TP53I3,1.15989605263158,0.975687552335204
Epithelial,PIGP,1.50905909592062,1.32554029051124
Epithelial,CCL15,0.29935604493949,0.115948787096241
Epithelial,TMED3,2.16094129263413,1.979033661559
Epithelial,METTL27,0.491049937733499,0.31017309569456
Epithelial,RPAIN,1.68361984564498,1.50377679239456
Epithelial,LDHD,0.30158407079646,0.122016015421656
Epithelial,MACC1,0.726579395129088,0.547105629955245
Epithelial,KRCC1,1.22568684210526,1.04629112330502
Epithelial,XAB2,0.891707894736841,0.713828983811599
Epithelial,CD2AP,1.27397475192944,1.09682440236692
Epithelial,MT1G,1.09239427437331,0.915500130354985
Epithelial,ARHGEF28,0.558451127819548,0.382362604677293
Epithelial,IVD,1.03244000533232,0.857107040721974
Epithelial,AP1S1,1.80594451716245,1.63193392909691
Epithelial,MAP3K13,2.30211534626055,2.12844125645076
Epithelial,RAB14,1.84782761904762,1.67420149605905
Epithelial,ABCD3,0.988974926344924,0.815756354924918
Epithelial,PI3,0.452806913131094,0.279662151858882
Epithelial,STX19,0.27874587852174,0.105992654546685
Epithelial,PWWP2B,0.45122972972973,0.278504103426742
Epithelial,CASZ1,0.651799588966532,0.479420223789416
Epithelial,ASPH,2.10723072869456,1.93505035008625
Epithelial,ACADS,0.663311471361285,0.491223236211292
Epithelial,PTPN3,0.600219864580744,0.428139386303473
Epithelial,ARHGEF35,0.744274329832904,0.572484943076847
Epithelial,BARX2,0.368403771817006,0.196653672671742
Epithelial,AMN,0.593228761061947,0.421696776684194
Epithelial,ALDH3A2,1.33960793705169,1.16833132696069
Epithelial,RAB17,0.702716053439527,0.532521838363316
Epithelial,CLIC6,0.341281578947368,0.171174064294059
Epithelial,MRPL57,2.80836080966954,2.63842291875759
Epithelial,FAM200B,1.39515142857143,1.22535188132423
Epithelial,ABCC6,0.357374074551821,0.187737055350427
Epithelial,GTF2A2,2.33744987924198,2.16834996180934
Epithelial,CHCHD1,1.70678081787433,1.53813294466707
Epithelial,ZBTB43,0.936182119319002,0.767673781416982
Epithelial,GHITM,3.02755653243415,2.85990726891124
Epithelial,TSPAN13,2.09748652612637,1.93001115796134
Epithelial,RER1,2.45405884955752,2.28683320658327
Epithelial,RDH10,0.796319897926541,0.629235500885965
Epithelial,ARHGAP5,1.42096297461156,1.25462956989305
Epithelial,SSH3,0.592255238095238,0.426271144028132
Epithelial,NDFIP1,2.62125237673456,2.45538278901995
Epithelial,SH2D3A,0.636967763157895,0.471484399754721
Epithelial,SEMA4B,0.816936825516816,0.651589922268208
Epithelial,PRR15L,0.621101973684211,0.456861534749186
Epithelial,DDRGK1,1.90542149944873,1.74176372740192
Epithelial,GSTZ1,0.783619758109209,0.621548658388051
Epithelial,CBR1,2.13307920353982,1.97207145459966
Epithelial,PRDX1,5.04114511278196,4.88034341804413
Epithelial,ELF5,0.230467211609931,0.0699516318199869
Epithelial,TMPRSS4,0.76820472972973,0.607800646980702
Epithelial,CITED4,0.685849275610512,0.525598859619632
Epithelial,EIF1AX,2.99338401209045,2.83350505350792
Epithelial,ENOSF1,1.02357123893805,0.864279919116722
Epithelial,BCL2L1,1.38463259427122,1.22595152592471
Epithelial,MRPL42,1.69480110333141,1.53643346459468
Epithelial,GBP3,0.77462217916544,0.616402538894089
Epithelial,TLE5,2.68669440795566,2.53020542272133
Epithelial,UPK1B,0.435491729323308,0.280770928336384
Epithelial,TAF1D,2.3063482300885,2.15291974837045
Epithelial,ESRP1,0.944351327433628,0.79151960798611
Epithelial,NARS1,2.06766710526316,1.91494217499121
Epithelial,TAX1BP1,2.92993047619048,2.7785632159974
Epithelial,PTS,1.53523515995024,1.38402739618804
Epithelial,SPDEF,0.554905607572396,0.404405213974263
Epithelial,FAM210B,1.30235238095238,1.15326386211495
Epithelial,MVP,2.13408618421053,1.98507020872644
Epithelial,CMTM4,0.570114186776857,0.421281550049982
Epithelial,ST13,3.68824342105263,3.53984681837374
Epithelial,TOP1,2.40192499794904,2.25421125241915
Epithelial,LENG9,0.339875187969925,0.192295807475276
Epithelial,LRG1,0.575529523809524,0.428386712283708
Epithelial,EBP,1.74373947368421,1.59665773545085
Epithelial,PPP4R2,1.34008246977267,1.19322845221058
Epithelial,GMDS,1.21915982257525,1.07249203227448
Epithelial,TRPV4,0.27417107248765,0.128062471094572
Epithelial,PRKCI,1.12111594627145,0.97506016752454
Epithelial,KIAA1522,1.24751353383459,1.1015893269494
Epithelial,LNX1,0.398452480705623,0.253333196573607
Epithelial,TMBIM6,4.94227199558986,4.79748341977508
Epithelial,FBXO3,0.941040707964602,0.79628705703854
Epithelial,DMAC1,1.86783783783784,1.72321981354366
Epithelial,CHST9,0.376971327107008,0.232401628304037
Epithelial,TSPYL1,1.62388778374413,1.47948719007613
Epithelial,CAPS,0.850110068983452,0.705761052390202
Epithelial,ERMP1,0.445614553472988,0.301740217407985
Epithelial,ZDHHC12,1.50447210648864,1.36088353678683
Epithelial,PAK4,0.740477287761852,0.597549689817783
Epithelial,SLC35A3,0.979183756110643,0.836560454053035
Epithelial,OVOL1,0.407544704302782,0.265169202612575
Epithelial,IFT172,0.667052563161343,0.524902156399662
Epithelial,ABCA5,0.762801322581491,0.620751809019845
Epithelial,ITGB6,0.647433333333333,0.506235903145048
Epithelial,RFC1,1.51708132230657,1.37665392811481
Epithelial,C1orf210,0.51275939849624,0.372728184466714
Epithelial,CTBP2,1.45905257247183,1.31908308175977
Epithelial,ERG28,1.5418512528426,1.40249241838615
Epithelial,RAB5B,1.16946590018483,1.03025998176006
Epithelial,CLDN8,0.226817705040905,0.0876649189751566
Epithelial,ATP2C2,0.327076996623048,0.188133014332277
Epithelial,GRAMD2B,0.773924761904763,0.635106145588863
Epithelial,TMEM61,0.265526315789474,0.126944261001513
Epithelial,TRAPPC6A,1.49991533168301,1.36136514716291
Epithelial,ANAPC16,3.53761954887218,3.39913628175288
Epithelial,HSDL2,0.933347619047619,0.795474857749523
Epithelial,DHX29,1.32170011025358,1.18400005784106
Epithelial,MRPL2,1.18082171052632,1.04314010197975
Epithelial,DTX4,0.373373448492356,0.235777788900626
Epithelial,PRXL2A,2.10843511876511,1.97088787495813
Epithelial,CLSTN1,1.45963984962406,1.3222685216063
Epithelial,SMIM30,1.71131358947659,1.57417182353917
Epithelial,ACOT11,0.408411061946903,0.27132341984
Epithelial,CYP4X1,0.334433618234439,0.197664337026327
Epithelial,CCDC6,1.11690597952552,0.980285122644813
Epithelial,ZMAT2,1.78891523809524,1.65233123695449
Epithelial,FGFR3,0.450563680923908,0.314645315206721
Epithelial,TPD52L1,1.02898666666667,0.893854426925746
Epithelial,TJP2,0.990743329658214,0.85567949916746
Epithelial,SYNE4,0.476476548672567,0.341528589097727
Epithelial,PSME4,1.0264515572763,0.892346138620879
Epithelial,BLOC1S4,0.875101440282211,0.740997703717245
Epithelial,MAP7,0.929798429504202,0.796199355024806
Epithelial,NDUFS6,3.48323458646616,3.34964242364845
Epithelial,HTATIP2,1.45129336283186,1.31830676067542
Epithelial,BCAS1,0.455370782800441,0.322580806133644
Epithelial,CERS4,0.964118584070797,0.831803276750344
Epithelial,FLRT3,0.528640341591431,0.39788239809605
Epithelial,NFE2L1,1.41592613009923,1.28560683075799
Epithelial,GPR108,1.24609885094596,1.11580922815819
Epithelial,SNRPD3,2.59955871082298,2.46965548049222
Epithelial,ERN2,0.263041136379391,0.133138131563323
Epithelial,IL17RC,0.641075657894737,0.511744918354431
Epithelial,POLR2J3,1.69130462677898,1.56266832601597
Epithelial,YME1L1,1.86489778761062,1.73640378362461
Epithelial,MED31,0.89628761904762,0.767893140995179
Epithelial,COQ4,1.47625226408285,1.34793766906657
Epithelial,RAB9A,1.20035183207288,1.07210976073654
Epithelial,TMEM59,4.7511904948968,4.62314320933943
Epithelial,TMEM134,1.93523759398497,1.80721291497773
Epithelial,ITGA2,0.902009161050106,0.774206983473688
Epithelial,NDUFB11,3.75284056187287,3.62512221249838
Epithelial,MAGIX,0.390348571428572,0.262630928618013
Epithelial,PLIN5,0.334628571428572,0.206945280663746
Epithelial,RORC,0.365622189914559,0.238106797221075
Epithelial,ATP5PF,4.22203458646616,4.09492421519711
Epithelial,YWHAE,4.43978421052632,4.31300694083978
Epithelial,FAM98C,0.700306174200662,0.573749618696061
Epithelial,CAPN13,0.214198180705405,0.0877649738870705
Epithelial,SH3GLB2,0.785109868421053,0.658904726480791
Epithelial,CLDN23,0.354423552634786,0.228313711184665
Epithelial,MPDU1,1.1548833590701,1.02887200442396
Epithelial,ACADSB,0.634381629982941,0.508371118502587
Epithelial,FAM174C,1.73751946902655,1.61155537248921
Epithelial,SRSF8,1.26023310361991,1.13574065680383
Epithelial,HDHD3,0.949653477429683,0.825386574994834
Epithelial,LDLR,1.25471061946903,1.13107062589566
Epithelial,GALE,1.09781064209794,0.974883462403251
Epithelial,TUSC2,1.32197192785634,1.19928716019674
Epithelial,MTURN,0.645375675675675,0.522841518588311
Epithelial,ROGDI,0.886492865157508,0.764370183590903
Epithelial,RHPN2,0.609777427809098,0.487818071372975
Epithelial,ANXA7,2.16678304726489,2.04493268432124
Epithelial,LRP11,0.591569078947368,0.469725710459715
Epithelial,NFATC3,1.36360761904762,1.24194384037983
Epithelial,CYP2J2,0.318299080076166,0.196663098141264
Epithelial,TIPARP,1.24692610619469,1.12531521660239
Epithelial,WIPF2,1.01178097345133,0.890413924237011
Epithelial,SECISBP2,1.30648929739584,1.18522679201587
Epithelial,SREBF1,0.761239572784466,0.640312882808676
Epithelial,AFDN,1.71080444464204,1.59001685359125
Epithelial,MARVELD3,0.637713815789474,0.516940549447029
Epithelial,LTF,0.318038741283123,0.197940355232405
Epithelial,KLHL36,0.663290707964601,0.543207643333649
Epithelial,SORBS2,1.44334593282351,1.3242947410702
Epithelial,USP53,0.860804867256636,0.741824927918994
Epithelial,SCGB2A1,0.322537820895077,0.203630173324424
Epithelial,STK16,0.79690497264759,0.678171469710907
Epithelial,PPP1R37,0.557359982542513,0.438784690782478
Epithelial,CMTR2,0.600687610619469,0.482849621613932
Epithelial,FARP1,1.29195915190029,1.17413133227933
Epithelial,KCTD1,0.660244777197623,0.542759163359261
Epithelial,SPSB3,1.53316644736842,1.41578431936344
Epithelial,EML2,0.730064344498731,0.612744280987623
Epithelial,FAM83F,0.323876548672566,0.207495170660855
Epithelial,VEGFA,1.42214778761062,1.30587291296232
Epithelial,ZNF688,0.654907497904078,0.538994942423305
Epithelial,METTL5,1.63583164462282,1.51993632518415
Epithelial,PNPLA4,0.866137758985217,0.750444857863996
Epithelial,VTCN1,0.297575939849624,0.182789982294529
Epithelial,FYB2,0.204674751929438,0.0900227559188802
Epithelial,DNPEP,1.30648952590959,1.19189203889345
Epithelial,CHMP4B,2.26912648995268,2.1548382122564
Epithelial,SMIM20,1.31687433628318,1.2026776260486
Epithelial,RAP1GAP,0.452011061946902,0.338175912730434
Epithelial,SOX9,1.17404135338346,1.06022189041927
Epithelial,PLXNB1,0.780899830157426,0.667222074614759
Epithelial,MGMT,1.75728604555157,1.64434412798596
Epithelial,ARHGEF38,0.302049523809524,0.189279503193788
Epithelial,ELAPOR1,0.603348026315789,0.491120731931575
Epithelial,ARHGEF5,0.462959210526316,0.350803972727178
Epithelial,CISD1,1.77295309734513,1.66104509142935
Epithelial,GSTO2,0.708172180451127,0.596437103752524
Epithelial,CROT,0.589420796460177,0.477870027802763
Epithelial,PGAP6,0.619119047619047,0.508116807476955
Epithelial,ESRP2,0.375688053097345,0.265277947278833
Epithelial,RPA3,1.88778905349778,1.77747921539766
Epithelial,RDH14,0.86423579644455,0.754267903345737
Epithelial,MRPS33,2.01749671052631,1.90757061974648
Epithelial,SMARCA2,1.34760930066902,1.2384996924996
Epithelial,AAMDC,1.50408203326994,1.39561132428015
Epithelial,EPHB6,0.372197744360903,0.263806790484306
Epithelial,RAB40B,0.793005182912986,0.685035100052307
Epithelial,SAP18,4.03169802631579,3.92420212864626
Epithelial,LAMTOR3,1.16625523809524,1.05909287750228
Epithelial,EPN3,0.308974285714286,0.201903376807595
Epithelial,MARVELD2,0.535684312053142,0.428621527071859
Epithelial,TACC2,0.832795238095238,0.725767326293776
Epithelial,INAVA,0.585691951488423,0.479369537407136
Epithelial,SGSM3,0.864181088387483,0.758873019126332
Epithelial,LRIG1,0.624300755270967,0.519456051479015
Epithelial,SLC2A1,1.19768289473684,1.09374293795685
Epithelial,PITPNM1,0.437894736842105,0.334179562662741
Epithelial,EXPH5,0.515609022556391,0.411979534885345
Epithelial,CPTP,0.550713006598202,0.447347358880308
Epithelial,STEAP4,0.587315789473685,0.484228446376355
Epithelial,IL17RE,0.340305309734513,0.237430822362447
Epithelial,RAB11B,1.87877296507882,1.77600341491435
Epithelial,C8orf82,0.825240628290148,0.722543639964098
Epithelial,THNSL2,0.469512831858407,0.366903229452746
Epithelial,ILDR1,0.259892380952381,0.15769825942742
Epithelial,PROM1,0.563084868421053,0.46133612278342
Epithelial,FRK,0.369108849557523,0.26757023212857
Epithelial,SLC12A7,0.746631428571428,0.645140915601524
Epithelial,RNF7,2.82659248120301,2.72524788538334
Epithelial,NEBL,0.803186817671021,0.701848285762269
Epithelial,FMO5,0.428196992047617,0.327018326380005
Epithelial,GRTP1,0.516442035398231,0.415295208413627
Epithelial,BTC,0.242667619047619,0.141743736066144
Epithelial,F3,1.30116460176991,1.20031637265431
Epithelial,LARP7,1.52582428377607,1.42506590548829
Epithelial,LRRC8B,0.48573351345506,0.385060195983447
Epithelial,ZBTB7B,0.492429774418578,0.391758497859108
Epithelial,CNFN,0.481882857142857,0.381446556416417
Epithelial,GALNT12,0.323761170251991,0.223620469815851
Epithelial,DLST,0.730618085814955,0.631336799590888
Epithelial,TOB2,1.35794641271814,1.25872133710052
Epithelial,LRIG3,0.48609899718007,0.386967603617944
Epithelial,HNF1B,0.294576655993274,0.195709615048529
Epithelial,TCN1,0.267392477876107,0.168667516046918
Epithelial,TMEM123,2.80081061946903,2.70221889095311
Epithelial,MYO5B,0.521532894736842,0.423453213038283
Epithelial,ANK3,0.769353947368421,0.671299375530628
Epithelial,DECR1,1.80145338345864,1.70365249982403
Epithelial,TSGA10,0.422859746143403,0.325092460218353
Epithelial,POLR2I,2.67764,2.58000418543832
Epithelial,SLC5A1,0.224424082521403,0.127133266994973
Epithelial,SYS1,0.93373238095238,0.836553792392864
Epithelial,CCDC160,0.175636072197651,0.078460881930862
Epithelial,CHDH,0.506417906521105,0.409289598174516
Epithelial,SLC49A4,0.412524917309813,0.315399688029569
Epithelial,PPP2R2A,1.47573609022557,1.37885001196565
Epithelial,TMEM205,2.51565789473685,2.41882457093531
Epithelial,YIPF2,1.19175612879002,1.09519909234346
Epithelial,RNF10,1.48105844831238,1.38485848616995
Epithelial,MRNIP,0.692571925855259,0.59653348040276
Epithelial,NEURL3,0.154746762756575,0.0588028189752618
Epithelial,MPZL3,0.486251949592387,0.390523578335993
Epithelial,PLS1,0.604332236842105,0.508763467370197
Epithelial,WDR83OS,3.61034168625209,3.51485715609413
Epithelial,TMEM256,2.31773903775861,2.22252355667092
Epithelial,PTP4A1,2.07611293537076,1.98143095291119
Epithelial,ESPN,0.413546052631579,0.318902686012676
Epithelial,GABRP,0.323273225404732,0.228960135165091
Epithelial,SLC16A11,0.205229751163937,0.111737777021901
Epithelial,SLC15A2,0.35105170893054,0.257877891903964
Epithelial,SLC25A36,1.56038631947451,1.46777903319277
Epithelial,TEX264,1.64192666666667,1.54942390917333
Epithelial,DPY30,2.43600367964101,2.34352240642197
Epithelial,HSPH1,2.3068599633337,2.21463646445057
Epithelial,CHP1,1.99409485410395,1.9020724896975
Epithelial,CRLS1,1.22410574503858,1.13273586994308
Epithelial,EIF4EBP2,1.26506824324325,1.17390657348882
Epithelial,TMCO1,2.87410857142857,2.78335895190603
Epithelial,CST6,0.38053980154355,0.289947338579904
Epithelial,CETN3,0.850858199250508,0.760308300138781
Epithelial,CCDC60,0.150005263157895,0.0598009177713762
Epithelial,ARHGEF16,0.417498125689085,0.328030738465036
Epithelial,ECHDC3,0.469301073064172,0.380236675309756
Epithelial,CGN,0.48967897207117,0.400664220125081
Epithelial,ZNF91,0.976897353914001,0.888584457973906
Epithelial,TUFM,3.18901879699248,3.1008888452468
Epithelial,MFSD10,1.66509398496241,1.57733593715776
Epithelial,CIR1,1.59014476190476,1.50258087611683
Epithelial,FOXP4,0.448946017699115,0.361761308251487
Epithelial,SERTAD3,0.923381477398016,0.836373797882071
Epithelial,SRSF11,3.08947206665262,3.00322005918541
Epithelial,FBXL15,1.052975,0.967304879886554
Epithelial,ETFB,2.55297082758179,2.46763960204115
Epithelial,JTB,3.50183152336363,3.4165177673872
Epithelial,CEP170B,0.430635897817444,0.345326702702809
Epithelial,SMIM31,0.259372270498463,0.174564775150496
Epithelial,PTPRU,0.293535852556859,0.209043532495801
Epithelial,DHRS12,0.505422465376586,0.421154912809687
Epithelial,ARFGEF3,0.735505258248066,0.651341861992015
Epithelial,LAMA3,0.598814936158687,0.514718198652262
Epithelial,ACSM3,0.337321275461277,0.253396529008645
Epithelial,TM9SF3,1.97946824324324,1.89567106126463
Epithelial,TXNDC9,1.08851047619048,1.00534324333706
Epithelial,GLTP,1.35237321116835,1.26947362822964
Epithelial,FOXQ1,0.253727702702702,0.170934114237937
Epithelial,MTHFS,0.950020196610072,0.867232222548401
Epithelial,ZNF444,0.650025578831312,0.567277941451649
Epithelial,NPEPL1,0.572767699115044,0.490054367499459
Epithelial,FAM110C,0.341840361069081,0.259299156500294
Epithelial,TLR3,0.236498015435502,0.153972641750521
Epithelial,MISP,0.569898496240602,0.487504566343571
Epithelial,ERP27,0.231250995125777,0.148922948791375
Epithelial,CLN5,0.912848230088497,0.830823745523408
Epithelial,TENT5B,0.176702654867257,0.0948197098312818
Epithelial,ZC3H6,0.638935501653804,0.557221025926682
Epithelial,FAAH,0.491913844133869,0.41020333257525
Epithelial,EI24,2.06287831858407,1.98137388482886
Epithelial,NOXA1,0.350197020002439,0.268769593788869
Epithelial,PEX11G,0.285172780443785,0.203823977197996
Epithelial,SLC25A29,0.686245945945946,0.605316350655325
Epithelial,ZDHHC1,0.392909780733403,0.312089489002109
Epithelial,KLHDC2,1.53518383388703,1.45468789499367
Epithelial,OCLN,0.907558073046899,0.82717428009157
Epithelial,OSER1,1.37247342888644,1.29236102039857
Epithelial,TRIM29,0.673123893805308,0.593390757369803
Epithelial,PLLP,0.774179646017699,0.694915818726469
Epithelial,RHPN1,0.439798004118338,0.360785865767493
Epithelial,MED11,0.840348120300752,0.761535122751391
Epithelial,RPP25L,0.946837584668642,0.868197432177277
Epithelial,MICALL2,0.63406097192744,0.555982097991726
Epithelial,TLCD2,0.459428445424477,0.381391715805021
Epithelial,ARL6IP1,3.00577850055127,2.92793790610904
Epithelial,GMPR2,1.00792923502448,0.930101251500086
Epithelial,LAMC2,0.831409820225336,0.753756448474823
Epithelial,ZFAND2B,0.925639097744361,0.848578403008719
Epithelial,PEX11A,0.405967253806281,0.329442265294424
Epithelial,ACVR1B,0.51596946902655,0.439450877515604
Epithelial,ALS2CL,0.361780957695108,0.285447085332371
Epithelial,ANG,0.735047267085299,0.658866007793337
Epithelial,AKR7A3,0.431475676197885,0.355388588501728
Epithelial,ZCCHC10,0.973246857772877,0.897193697403268
Epithelial,SH3RF1,0.778477876106194,0.702428437661896
Epithelial,EFNA4,0.528743412168132,0.452799960426826
Epithelial,MRPL47,1.65190352811466,1.57597369177413
Epithelial,HSD17B4,1.31869523809524,1.24276661129041
Epithelial,CGNL1,0.477744905500811,0.402250544771922
Epithelial,ECI2,1.2900284695233,1.21499693179424
Epithelial,UGP2,2.24253223684211,2.16843450846378
Epithelial,GTF2IRD2B,0.434088796525786,0.360113376668776
Epithelial,TMCO4,0.402349115044248,0.32862604197573
Epithelial,CAPN8,0.454067699115044,0.380389788023134
Epithelial,FUT6,0.264419217031969,0.191261881865422
Epithelial,NUMA1,1.30065047619048,1.22768197811296
Epithelial,PPP1R7,1.60403047619048,1.53132636399778
Epithelial,DCAF11,1.03176681415929,0.959855635920633
Epithelial,MUC16,0.287946764605803,0.216198267477432
Epithelial,TTC36,0.160506040935358,0.0887875063233055
Epithelial,KCNQ1,0.462561061946903,0.391592621744512
Epithelial,SMIM15,1.48036165413534,1.40945255405873
Epithelial,NIPAL1,0.24211600610677,0.171244244016629
Epithelial,MAGI3,0.576492300411113,0.505660795424663
Epithelial,PEX7,0.426607850163199,0.356194115009292
Epithelial,NUDT2,0.878292105263158,0.808447673315646
Epithelial,MS4A8,0.194416541353384,0.124743492975942
Epithelial,SRD5A3,1.00237654867257,0.932942026872519
Epithelial,DNAJA2,1.40842481203007,1.33902081386391
Epithelial,PER2,0.771127753144647,0.701805808265749
Epithelial,HOMER2,0.548979775172363,0.479726017772888
Epithelial,C22orf39,1.05506802646086,0.985871377148714
Epithelial,NTF4,0.138845132743363,0.0698934307978612
Epithelial,ENPP5,0.338527978443972,0.269605475019678
Epithelial,RNF11,1.39084095238095,1.3220350720952
Epithelial,COX6A1,5.08579091406891,5.01702697522286
Epithelial,IRX1,0.105750496141125,0.0375856608605866
Epithelial,CCDC186,1.60837055304739,1.54091175770302
Epithelial,C3orf52,0.323951321877399,0.256537377066732
Epithelial,LYRM2,1.05979502509169,0.992503800948369
Epithelial,SULT2B1,0.325238495575222,0.257957925281165
Epithelial,ARFIP1,0.82430840645081,0.757108287481593
Epithelial,DNAJC17,0.572829412059567,0.505992246050605
Epithelial,FAM149A,0.192602857142857,0.125826367308388
Epithelial,PRKAA2,0.413820353982301,0.347456238298027
Epithelial,SLC25A23,0.584238346481683,0.51789316106556
Epithelial,SLC25A26,0.870167332983604,0.803947548593198
Epithelial,YPEL3,1.41587662624035,1.34989433445729
Epithelial,PPP2CB,1.33759813128268,1.27187949828766
Epithelial,MLYCD,0.360310761864738,0.294632184353392
Epithelial,KCNK1,0.79367302631579,0.728384155831077
Epithelial,SLC45A4,0.29302027027027,0.227836852043949
Epithelial,SCEL,0.273570353982301,0.20856713031029
Epithelial,SLC1A1,0.326318767103896,0.261321062525902
Epithelial,AKR1C2,0.719008700384923,0.654019767600059
Epithelial,YBEY,0.837200010239088,0.772679177070304
Epithelial,PLAAT2,0.209613725204502,0.145895877554472
Epithelial,FAM13A,0.787760431182616,0.724816573025923
Epithelial,CETN2,1.72369156508325,1.66115430477298
Epithelial,ATP2A2,1.70003069088656,1.63757263771006
Epithelial,ARFIP2,1.09899671052632,1.03658485254091
Epithelial,ALDH9A1,1.44513097345133,1.38293406746336
Epithelial,CASP7,0.682739380530973,0.620816834843198
Epithelial,CLYBL,0.35389527027027,0.292285027353802
Epithelial,UBE3A,1.46962920353982,1.40844017570696
Epithelial,ATP6V1B1,0.163661842105263,0.102518153739743
Epithelial,SEMA3B,0.687247099282845,0.626515722633162
Epithelial,HMGCL,0.979673026315789,0.919116339461091
Epithelial,NEIL1,0.573600000000001,0.513071849996966
Epithelial,HERC6,0.360173504460377,0.299675174978369
Epithelial,COBL,0.49759619047619,0.437120056597801
Epithelial,KLK11,0.653394736842105,0.593069236103166
Epithelial,KBTBD3,0.392721352216635,0.332416724283109
Epithelial,ETFRF1,1.04439601769912,0.984173244167665
Epithelial,SF3B2,2.56189714285714,2.50173838233689
Epithelial,CFTR,0.199463157894737,0.139659192773248
Epithelial,SLC13A2,0.0795977443609023,0.0198463075164988
Epithelial,SCNN1G,0.10149088006579,0.0417854276002677
Epithelial,GRAMD1C,0.287901881817147,0.22833120281671
Epithelial,MAGOH,1.79305821389195,1.7335531919183
Epithelial,COQ7,0.709472932330827,0.649984118570442
Epithelial,PICK1,0.463430530973452,0.404176490401507
Epithelial,SLC16A5,0.283647619047619,0.224458380336766
Epithelial,SLC35E1,0.802734285714286,0.743551620891487
Epithelial,NIP7,0.770782524680604,0.711686851642001
Epithelial,KDF1,0.405123008849558,0.346125356338118
Epithelial,SH2B1,0.528971052631579,0.469979514518584
Epithelial,RBBP6,1.76215884424413,1.70322780546338
Epithelial,CHTF8,0.96616814159292,0.907268195671381
Epithelial,DMRTA1,0.197102080746013,0.138214880453899
Epithelial,ATP12A,0.0858464505444113,0.0269604970432821
Epithelial,MRPL50,1.28632105263158,1.22749219960089
Epithelial,ATG101,1.45973335399532,1.40171893388785
Epithelial,SUMF1,0.804616888811606,0.746660291667244
Epithelial,ACADL,0.142832203640842,0.0856752529203994
Epithelial,PI4K2B,0.386174336283186,0.329409659752554
Epithelial,FAAH2,0.351402881808924,0.294702925428199
Epithelial,METTL25B,0.536079582087391,0.479473961267142
Epithelial,ABHD17C,0.562416541353383,0.506125129958909
Epithelial,PBDC1,1.12041780391145,1.06427817778242
Epithelial,PGPEP1,0.60589426263512,0.549990243265803
Epithelial,CACFD1,0.488718823082605,0.432947620287364
Epithelial,MAFF,1.72416842105263,1.6686746391788
Epithelial,SELENOO,0.404169523809524,0.348706879173449
Epithelial,PGAP3,0.318133185840708,0.262765427742583
Epithelial,PITPNM3,0.149615287002239,0.0942994934957041
Epithelial,DLG1,1.10357714285714,1.04834466280299
Epithelial,NUDT7,0.317655908325588,0.262584390687399
Epithelial,GABPB2,0.445946902654867,0.391204160679499
Epithelial,MARCHF5,1.03115142857143,0.976792136560672
Epithelial,VPS13D,0.670122414610333,0.615849882048999
Epithelial,FMO4,0.186287610619469,0.132188868782184
Epithelial,DYNLRB2,0.20433165350026,0.150270397431898
Epithelial,KDM5B,1.25099881372757,1.19697096794129
Epithelial,BAG6,1.28503343640904,1.23101993795856
Epithelial,GADD45G,0.761782673430837,0.707795731768103
Epithelial,ARRDC1,1.21993695432528,1.16600458889159
Epithelial,ACOX1,0.880835868847428,0.826909977760785
Epithelial,DMTN,0.377433963437886,0.323578016726106
Epithelial,AMOT,0.257108068901646,0.203317556685158
Epithelial,MKKS,1.39747442617675,1.34368891271754
Epithelial,GTPBP6,0.765783227606154,0.712144663454391
Epithelial,PPP1R14C,0.477075187969925,0.42363657895992
Epithelial,TMEM87B,0.724653474304437,0.671439383599033
Epithelial,DYNLL2,0.941433958103639,0.888278606181518
Epithelial,HADH,1.17726997981958,1.12412633799123
Epithelial,TRIM8,1.05840359974501,1.00556501170546
Epithelial,DNAH5,0.256261446307326,0.203471356121259
Epithelial,DALRD3,0.860405292171995,0.807683270066973
Epithelial,PPP1R10,1.47735082690188,1.42465904659213
Epithelial,DUOX2,0.186145252578683,0.133572515964516
Epithelial,MTHFD2L,0.828534985657421,0.776092432858122
Epithelial,SECISBP2L,0.920861303159402,0.868465395299934
Epithelial,DTX2,0.597585058744587,0.545855398316576
Epithelial,ASPG,0.10729619047619,0.0558026226141216
Epithelial,UQCC3,1.64837432064967,1.59690595825032
Epithelial,OVOL2,0.283971756648083,0.232531223177471
Epithelial,DHRS11,0.338756356815795,0.287338768358489
Epithelial,CCDC47,1.84683230088496,1.79548198630714
Epithelial,NAV2,0.626575657894737,0.575484837715838
Epithelial,RBM42,1.43078070562293,1.37985348976086
Epithelial,PER3,0.423119058140159,0.372296108668932
Epithelial,LRRC8E,0.171911151150524,0.121485464220837
Epithelial,MRPL34,1.79694661654136,1.74656141796971
Epithelial,SERPINB3,0.190322177545329,0.140077957046221
Epithelial,GALNT5,0.271980451127819,0.221775734344857
Epithelial,CCDC127,0.541064498346197,0.490883272641099
Epithelial,CHKA,0.743539380530974,0.693487024794352
Epithelial,RAB18,1.76892494941417,1.71899290257544
Epithelial,DAAM1,1.42395451579131,1.37410873704845
Epithelial,PLA2G4F,0.101189473684211,0.0514953259826541
Epithelial,CMBL,0.974384955752212,0.924703286972422
Epithelial,ZBTB42,0.196823008849558,0.147463526163525
Epithelial,IFT74,0.591674661591096,0.54235610750312
Epithelial,MZF1,0.498216085613916,0.448898783164764
Epithelial,RGL3,0.315254867256637,0.265989962220235
Epithelial,AQP5,0.281526909069786,0.232450268345969
Epithelial,ZFYVE19,0.539475221238938,0.490494725293092
Epithelial,POLL,0.448848401323043,0.39990702437639
Epithelial,EMC2,1.24835218647638,1.19968515202338
Epithelial,CDC42EP4,1.08849272282731,1.03988155471607
Epithelial,FANK1,0.261224255788313,0.212829732881324
Epithelial,EPB41L5,0.723848571428571,0.675534130043487
Epithelial,GIN1,0.236389007361965,0.188076114822238
Epithelial,MAPK10,0.409157381670833,0.360961021328816
Epithelial,ZNF599,0.26299149138568,0.214852445540154
Epithelial,ZNF511,1.19555518174467,1.14742258418048
Epithelial,CCDC28A,0.931274778761061,0.883223472946295
Epithelial,RAB1B,1.45441427007053,1.40649009925661
Epithelial,AHCYL1,1.64693065049614,1.59905554714691
Epithelial,DNALI1,0.569691686632007,0.522145776408529
Epithelial,SMARCD2,0.751372180451128,0.703962404200345
Epithelial,ENTPD3,0.1484875,0.10113581684787
Epithelial,ALDH7A1,1.04345619047619,0.996141454154327
Epithelial,SLX9,0.91674748895008,0.869794758178339
Epithelial,MFSD2A,0.387458604020851,0.340682584216775
Epithelial,PLEKHG6,0.237922491730981,0.191254882065803
Epithelial,CCNO,0.231006174200661,0.184351351609753
Epithelial,IRX5,0.204528571428572,0.157957473226532
Epithelial,KIAA0232,0.722461169167691,0.676216805543368
Epithelial,SREK1IP1,1.40871115762736,1.36253450595011
Epithelial,NAALADL2,0.476981904761905,0.430844769670897
Epithelial,THAP4,0.891698570103266,0.845611949121535
Epithelial,ALKAL1,0.081672568914644,0.0357318757922472
Epithelial,CES4A,0.235632236842105,0.189740179262464
Epithelial,TMEM40,0.24478343953639,0.19889619440175
Epithelial,SNRNP48,0.481831428571429,0.43596473425447
Epithelial,SIAE,0.446219911504425,0.400426580585967
Epithelial,KIF13B,0.668828094249519,0.623080693886617
Epithelial,ZNF524,0.841796992481203,0.796083537224403
Epithelial,GGCT,1.83328787210584,1.78762581684193
Epithelial,SPTLC3,0.197247396276509,0.151633906133944
Epithelial,GPR160,0.85038492382455,0.804844315298542
Epithelial,ZMAT1,0.453894594594595,0.408558523808746
Epithelial,GSR,0.599164866398496,0.55406162734735
Epithelial,ECI1,1.2536731188023,1.20867542741021
Epithelial,FBXW4,0.552934459459459,0.507967424610983
Epithelial,MED21,1.0440478076883,0.999149403624863
Epithelial,JADE1,0.804845501538764,0.76023881089001
Epithelial,PPP1R35,0.871346833774081,0.826989342045312
Epithelial,CLUH,0.483238345864662,0.439211286121977
Epithelial,MED9,0.296078848686806,0.252111623756081
Epithelial,MARK2,0.693099663280468,0.649404534889615
Epithelial,BPIFB1,0.128899772232035,0.0853319444159757
Epithelial,MAP3K9,0.212372380952381,0.168962899164409
Epithelial,OMA1,0.488749806706825,0.445401461953451
Epithelial,RNF223,0.113544930648685,0.0703290371576789
Epithelial,RRAS2,0.713473893805311,0.671138194342191
Epithelial,STX17,0.6379296460177,0.595639099689138
Epithelial,USP42,0.458109732406237,0.416011145397361
Epithelial,STK24,1.12987156199093,1.08777789411928
Epithelial,HHLA2,0.206549283351709,0.164560059954655
Epithelial,AGL,0.569975082690188,0.527991875298262
Epithelial,EVPL,0.326817699115044,0.285217699290208
Epithelial,TMEM53,0.48453982300885,0.44311371308675
Epithelial,ALDH6A1,0.806630088495576,0.765318151252429
Epithelial,RTKN,0.650157182075461,0.609489798829678
Epithelial,EYA2,0.351687837837838,0.311049097772179
Epithelial,MBD6,0.549825675675676,0.509207496493464
Epithelial,PROSER2,0.211569078947369,0.171028149336368
Epithelial,ARHGAP32,0.664956527501169,0.624494114914552
Epithelial,GLOD4,1.41314887218045,1.37277057655566
Epithelial,HEPACAM2,0.127474778761062,0.0871097137404881
Epithelial,TSEN34,1.57716970748739,1.53681749105819
Epithelial,NDUFV3,1.73274211168087,1.69273789363585
Epithelial,STK11,0.46490714998863,0.425092166149837
Epithelial,TRNP1,0.244599491966787,0.204960777936958
Epithelial,ACSF2,0.414636283185841,0.375269309659588
Epithelial,CFAP97,1.12798954806141,1.08865862561303
Epithelial,C10orf95,0.123546166960897,0.0842626495515477
Epithelial,MFSD6L,0.0737881200543729,0.0346164867042472
Epithelial,CLDN1,0.899853449391368,0.860694096506156
Epithelial,WNT7B,0.345432894736842,0.306306603291999
Epithelial,SERPINB5,0.621843315284007,0.582839934356556
Epithelial,UBALD1,0.6612339924849,0.622256790416661
Epithelial,BAMBI,0.645753333333333,0.607031503272773
Epithelial,BCL10,0.903175,0.864516066840943
Epithelial,IDH1,1.45121578947369,1.41259771270387
Epithelial,FNBP4,1.48320488930999,1.44460243974406
Epithelial,SGSM2,0.441524616891637,0.40292729455558
Epithelial,BECN1,1.11851914175053,1.08002250405644
Epithelial,SCD5,0.583748180815877,0.545277589230073
Epithelial,CFAP410,0.77186085997795,0.733438294377161
Epithelial,PRDX3,2.53092030075188,2.49263614572687
Epithelial,RMDN3,0.761359398496241,0.723095376884551
Epithelial,LRBA,0.847685901690037,0.809542032628194
Epithelial,USP43,0.181976596160264,0.143852564861565
Epithelial,BEND7,0.359975939849624,0.322106057091049
Epithelial,CYP39A1,0.169030968820738,0.131166430957424
Epithelial,TEPP,0.0876578513677463,0.0499270783803474
Epithelial,TNK1,0.160391515963543,0.122689549059216
Epithelial,PEX2,1.12425723684211,1.08666220559609
Epithelial,VGLL1,0.144031140200381,0.106446928781817
Epithelial,GRHL1,0.397944921953649,0.360488586055099
Epithelial,PKP3,0.943954741928797,0.906565264002302
Epithelial,DUSP8,0.331713184252265,0.294560885559902
Epithelial,DMBT1,0.133536486486486,0.0966892220341749
Epithelial,NOC3L,0.550422237004201,0.514000794293405
Epithelial,TTC3,2.53739081724235,2.50117626529993
Epithelial,ECHDC1,1.34995112781955,1.31400879614993
Epithelial,SCAMP4,0.871505953693496,0.835908169603298
Epithelial,FKBP1B,0.350642477876106,0.315249016606551
Epithelial,TUFT1,0.632390283348546,0.597290430718845
Epithelial,ERLIN2,0.678615789473684,0.643611414152426
Epithelial,MKRN1,1.66787364864865,1.63288298452212
Epithelial,YTHDC1,1.62342476190476,1.58847200279642
Epithelial,PRPF19,0.954722075111039,0.920114628212611
Epithelial,HINT3,0.718440041307362,0.68401112672281
Epithelial,MAB21L4,0.161344187752234,0.126970804035959
Epithelial,GAN,0.475593605292172,0.441446348086768
Epithelial,ARAF,0.815203638368247,0.781303572261695
Epithelial,SORT1,0.759500334343166,0.725716708216852
Epithelial,RNF207,0.4200296460177,0.386426025189113
Epithelial,NSUN7,0.191254887218045,0.157952279684611
Epithelial,UBAC1,0.883940548651136,0.850658335196225
Epithelial,PGM1,0.94091777219162,0.90764432652847
Epithelial,KIAA1217,1.0111984962406,0.977989573718136
Epithelial,TTC9,0.281267321426768,0.248300290332807
Epithelial,PPTC7,0.572767105263158,0.539979296589444
Epithelial,WNK2,0.33321408105985,0.30053885613014
Epithelial,TMEM101,0.972877685982031,0.940237720906286
Epithelial,SERPINA5,0.392030820722377,0.359399002935887
Epithelial,WASL,1.30552072767365,1.27293057034477
Epithelial,TMEM50B,1.48473410869668,1.45227254440802
Epithelial,TTC39A,0.392678810028937,0.360340583505614
Epithelial,SPATA6L,0.203224812030075,0.170896734573167
Epithelial,METTL15,0.684127600836128,0.651835627468031
Epithelial,UQCRC1,2.52436002073371,2.49248068383794
Epithelial,MINDY1,0.342550129739336,0.310814884669549
Epithelial,VPS37C,0.397382900059365,0.365656308507615
Epithelial,ZNF219,0.333404289894686,0.301710177708082
Epithelial,TM9SF2,2.19296601595079,2.16127198340616
Epithelial,LPCAT3,0.90822857142857,0.876586633404208
Epithelial,SCYL3,0.281445836183136,0.249925452968858
Epithelial,LACTB2,0.932405976777986,0.900927379670294
Epithelial,SHANK2,0.345737804260203,0.314590973050821
Epithelial,TMEM92,0.332324060150376,0.301180738412046
Epithelial,KCNK5,0.244286283185841,0.213210872018199
Epithelial,SLIRP,3.28157877971714,3.2506064059842
Epithelial,ACSL3,1.35974026548672,1.32882038042008
Epithelial,SERTAD4,0.277900605988702,0.247150019007407
Epithelial,PIGV,0.350774342105263,0.320244121155113
Epithelial,DYRK1B,0.368140163217138,0.337653567563228
Epithelial,LGALS8,1.0172970948872,0.986926179487069
Epithelial,SNX14,0.877339473684211,0.847047349426972
Epithelial,THRA,0.617430882384493,0.587161999943077
Epithelial,ARHGEF37,0.30360033076075,0.273429859400668
Epithelial,ATL2,0.710384513274336,0.680301844695548
Epithelial,MRPL27,2.06182876106195,2.03176164142142
Epithelial,C4orf19,0.330220705884023,0.300269720870926
Epithelial,EXOC3L4,0.104024324324325,0.0741891151398415
Epithelial,CNTN3,0.105829523809524,0.0760049264166071
Epithelial,DHX40,0.715177594459894,0.685406310858659
Epithelial,TRPV6,0.111264434398195,0.0817201272137731
Epithelial,BRD7,1.15548093043264,1.12624960116609
Epithelial,NBR1,1.13909415656009,1.10995187271147
Epithelial,ACOT13,1.12534841480881,1.09632638132295
Epithelial,CBX4,0.687031450591132,0.658050398661813
Epithelial,INO80,0.488278846250243,0.459475161852225
Epithelial,CDC42BPG,0.121948065845734,0.0931951435162836
Epithelial,HACD2,0.863930568900126,0.835255729088329
Epithelial,B3GNT3,0.321101769911505,0.292505251018856
Epithelial,FBXL4,0.411448230088496,0.382933300360347
Epithelial,PTGR1,1.28146568680282,1.25326612509184
Epithelial,EPHX3,0.150747978137965,0.122593182770162
Epithelial,GPATCH2,0.796390127418543,0.768385659415262
Epithelial,EAPP,1.71280375939849,1.68494316350271
Epithelial,NAPRT,1.49577483256757,1.46793455736335
Epithelial,BOK,0.474417166970626,0.446589719613698
Epithelial,COL4A5,0.292191891891892,0.264617932400852
Epithelial,PATZ1,0.468596196642568,0.441033795694528
Epithelial,TMEM184A,0.334216207276737,0.306689707954731
Epithelial,SDR42E1,0.162197254965489,0.134678029534567
Epithelial,GCNT3,0.305026350606395,0.277528713878818
Epithelial,FAM83H,0.614856548422638,0.587487898096528
Epithelial,SNRPF,2.77195939849624,2.74467521561404
Epithelial,ZNF440,0.297954552623843,0.270894495989441
Epithelial,RNPC3,0.650019873676136,0.62299971144593
Epithelial,SLC35C1,0.42143982300885,0.394491436085359
Epithelial,VWA8,0.292481546899865,0.2655915723927
Epithelial,GPRIN2,0.101461184210526,0.0746382117061178
Epithelial,GNE,0.425731075651907,0.39905348752126
Epithelial,NAGS,0.117644690265487,0.0910820679900754
Epithelial,GLOD5,0.0687088767142891,0.042255787763661
Epithelial,HEMK1,0.429383552631579,0.403029003968384
Epithelial,GSK3A,0.594127257780696,0.568094016726618
Epithelial,USP16,1.67957399343018,1.65357549840846
Epithelial,AMIGO1,0.0750416221042002,0.0492006582740849
Epithelial,TRIM41,0.372851127819548,0.347096425850726
Epithelial,ZNF33B,0.656186745876761,0.630496794748813
Epithelial,IFFO2,0.263955470613521,0.238302556933828
Epithelial,RALGPS1,0.289628996692392,0.264420220503848
Epithelial,ABHD11,1.24311612954599,1.21793706904337
Epithelial,RETREG2,1.20502627646326,1.18012909406209
Epithelial,GGT7,0.475413308669449,0.450751884516767
Epithelial,PAF1,0.888156194690264,0.863905104870483
Epithelial,ZNF827,0.514757079646018,0.490529407762232
Epithelial,BPIFB2,0.050021502698215,0.026047732345469
Epithelial,ADH6,0.0753320260289758,0.051363435597165
Epithelial,CHADL,0.142151769911504,0.11835645852788
Epithelial,EIF5B,2.79477142857143,2.77101212076785
Epithelial,PEX1,0.415741043206756,0.392294755520976
Epithelial,TP53INP2,0.429583323832422,0.406403747739639
Epithelial,CCDC24,0.419663726571114,0.39665687808773
Epithelial,HNRNPUL2,0.779346532313834,0.756491437276462
Epithelial,IGFALS,0.0582742857142858,0.0354359282586169
Epithelial,PHGDH,0.905991345921647,0.883617616717689
Epithelial,GCHFR,1.29866592875397,1.2766552697619
Epithelial,BBC3,0.520571040852475,0.498585937917835
Epithelial,CARF,0.289409748509015,0.267701940815166
Epithelial,PTER,0.472811707767646,0.451266135457299
Epithelial,FAM229A,0.166719503355539,0.14522309473292
Epithelial,PDXDC1,1.44833221904514,1.4268843941958
Epithelial,RSPH3,0.570736493936053,0.549393441102874
Epithelial,ELAC1,0.298125380738781,0.277072610486622
Epithelial,CYB561,1.05957809523809,1.0385404500438
Epithelial,FAM86B1,0.124920380018274,0.104040044345248
Epithelial,P2RY2,0.143518095238095,0.122638566761859
Epithelial,UQCC2,1.92114167280973,1.90027919499121
Epithelial,SYNJ2BP,0.964628571428571,0.943992487102697
Epithelial,PYROXD2,0.227953180922403,0.207473518087693
Epithelial,ENTPD8,0.111184059368279,0.0908801341918504
Epithelial,GAREM1,0.367547619047619,0.347244279869831
Epithelial,RNF8,0.621323902317116,0.601231700303376
Epithelial,BCL2L12,0.58386015037594,0.563773516890413
Epithelial,FBXL2,0.211029964086879,0.190976724608731
Epithelial,KLHDC9,0.45866380952381,0.438773190669381
Epithelial,SLC25A37,1.61622999928727,1.5964741931227
Epithelial,MVK,0.437546769709018,0.417817802356708
Epithelial,TMEM80,0.622587082439327,0.602873250674273
Epithelial,CYTH2,1.32162932745314,1.30192340321523
Epithelial,RBM11,0.0900679071156942,0.0704403387746006
Epithelial,TFPI2,0.344726315789473,0.325134189940871
Epithelial,SLC35A1,0.618535258040083,0.599017729588678
Epithelial,TPRG1L,0.504415325248071,0.484952091032163
Epithelial,DHX32,0.495418268770621,0.476076965485068
Epithelial,AMFR,0.759644865218417,0.740405314020952
Epithelial,TTC22,0.184631091510474,0.165450545359856
Epithelial,MED25,0.550421830209482,0.531265444878626
Epithelial,MRLN,0.0439513157894736,0.0248103276735364
Epithelial,INPP5J,0.112070056335698,0.0929374615160283
Epithelial,PTPN13,0.563026425334156,0.54398458531914
Epithelial,FBXO8,0.524332098936771,0.505385264636154
Epithelial,ZNF784,0.127327673649394,0.108462789942486
Epithelial,TRIM2,0.9778125,0.959204261124497
Epithelial,VPS36,1.20378092105263,1.18517944754598
Epithelial,ANKRD42,0.336040111161912,0.317855114217049
Epithelial,TYW3,0.779956692481182,0.761832939998356
Epithelial,PRSS16,0.251834907255046,0.233795149108203
Epithelial,CALCOCO1,0.790068246968027,0.772241203746231
Epithelial,CDCP1,0.654292878032835,0.636474706590573
Epithelial,PCP4L1,0.131600884955752,0.113834905407392
Epithelial,MAP2K4,0.441573390143971,0.423812252985844
Epithelial,EEF1AKMT2,0.545572478206725,0.527842348249102
Epithelial,PARP3,0.334611481391379,0.31689482408932
Epithelial,NRIP1,0.83844498539746,0.820795255822516
Epithelial,FRAT2,0.391427819548872,0.373782955979341
Epithelial,CC2D1A,0.593718584070797,0.576097007568153
Epithelial,CLUL1,0.0874438684271016,0.0699345049933216
Epithelial,CNNM4,0.265824948687864,0.248340545400074
Epithelial,SLC27A5,0.455961654135338,0.438527654112575
Epithelial,BATF2,0.132776626240353,0.115422995120913
Epithelial,CBLC,0.464460859977949,0.447132044102044
Epithelial,LYNX1,0.169807518796992,0.152513987453223
Epithelial,MPC2,2.7540003740879,2.73671448482496
Epithelial,ENDOV,0.66579854435919,0.648517371412544
Epithelial,CEBPZOS,1.2097482300885,1.19246830114026
Epithelial,KMT5C,0.368416686878068,0.351223087799664
Epithelial,NOP9,0.225374200661521,0.208290704211579
Epithelial,DAZAP1,1.17546194690265,1.15839829894616
Epithelial,ENKD1,0.289259047619048,0.272253792998012
Epithelial,STS,0.193201235558045,0.17619716926302
Epithelial,SGMS1,0.605050701099089,0.5881307682901
Epithelial,CYB5D1,0.368821527958578,0.351948474675
Epithelial,SAFB2,1.16672380952381,1.15005995532295
Epithelial,PALM3,0.106480530973451,0.0898305595757036
Epithelial,ARHGAP8,0.270618796992481,0.253971253238253
Epithelial,TRMT10A,0.319777142857143,0.303258624653987
Epithelial,RASSF10,0.151088620199146,0.134571101886057
Epithelial,CA3,0.0721086743234781,0.055754125617558
Epithelial,SPEF2,0.292521687284847,0.276178828616835
Epithelial,SAMD1,0.454483108108108,0.43814541747082
Epithelial,ALDH4A1,0.327261654135339,0.310925974682303
Epithelial,TRMT9B,0.21060406078658,0.19437831324966
Epithelial,ZSWIM7,1.08010672971614,1.06401604488054
Epithelial,TMEM116,0.369428289473684,0.353388221542524
Epithelial,LDLRAD1,0.0565007518796993,0.0404785250534777
Epithelial,PPM1A,1.04062706766917,1.02475998813434
Epithelial,CCAR2,0.474979605263158,0.459183027436912
Epithelial,SYTL5,0.0527657142857143,0.0370211230230203
Epithelial,SESTD1,0.791500551267916,0.775783962379406
Epithelial,QSOX1,1.44248270676692,1.42677854662676
Epithelial,LGR4,0.493098230088496,0.477495647765825
Epithelial,RTN4RL1,0.0551813375889701,0.0395997863814252
Epithelial,ATP6V0A4,0.0548113330151746,0.0393316212402299
Epithelial,KLHDC7A,0.0675874202765317,0.052145249367833
Epithelial,LHPP,0.56802380952381,0.552621519004103
Epithelial,SLC4A11,0.155875275715545,0.140482644214092
Epithelial,RHOD,0.752742857142857,0.737367109488771
Epithelial,MROH6,0.252257894736842,0.236912744143351
Epithelial,GRHL2,0.379621221871402,0.364498054335685
Epithelial,BCL7B,1.06182787610619,1.04674501009495
Epithelial,ARHGAP12,0.711383691923976,0.696323700756155
Epithelial,HNRNPAB,1.97538355263158,1.96033761669392
Epithelial,FHIP1B,0.485735773918798,0.470794878242177
Epithelial,PPARGC1A,0.220715789473684,0.20579425809558
Epithelial,PTPA,1.15831703791794,1.14366695070218
Epithelial,SPRYD7,0.681404378298167,0.666991472411415
Epithelial,NUDT12,0.316959155718369,0.302654507741896
Epithelial,CARS1,0.916756550827705,0.90245328027712
Epithelial,PPP1R36,0.0757152673493809,0.0614327352185513
Epithelial,SLC16A9,0.244105404825958,0.229869072706134
Epithelial,LMBRD1,1.14767238095238,1.13354251577169
Epithelial,GTPBP8,0.490719514884234,0.476654016646839
Epithelial,ABCC5,0.558991951488424,0.544972181585432
Epithelial,PUS10,0.201342823252265,0.187517378856932
Epithelial,ZBTB7C,0.266135278714562,0.252317672812043
Epithelial,BAG5,0.867565582049869,0.853769628191141
Epithelial,LNX2,0.391882894736842,0.37809480583144
Epithelial,CILK1,0.46025187780787,0.446492381038006
Epithelial,RBM15B,0.594804605263158,0.581067416911694
Epithelial,CAAP1,0.615480705622933,0.601757554697646
Epithelial,LZTFL1,0.441229223462706,0.427514830590515
Epithelial,URI1,1.08986541353384,1.07628786755867
Epithelial,FOXP2,0.196594661549266,0.183093439813448
Epithelial,WDTC1,0.409465159867696,0.396013602196823
Epithelial,LY6G6C,0.0746094679520053,0.0612753372146147
Epithelial,MPP7,0.309355252310707,0.296119164727752
Epithelial,PIGO,0.34684380952381,0.333638256955356
Epithelial,SENP3,0.134063157894737,0.120950106133526
Epithelial,HUNK,0.140217003547363,0.127148729276961
Epithelial,COMMD7,1.49805238095238,1.48499473500577
Epithelial,ZNF217,0.702415789473684,0.689437270995222
Epithelial,GRPEL1,1.21578571428572,1.20296359127078
Epithelial,MIPOL1,0.281139581036384,0.268352830240733
Epithelial,ALOX15,0.0571045668089638,0.0443322587962227
Epithelial,FAM221A,0.486602952497877,0.473860360975011
Epithelial,FAM50B,0.340566165413534,0.327946574118902
Epithelial,ERBB4,0.28672610619469,0.274241391012609
Epithelial,SCAF1,0.457591555289173,0.445259222768968
Epithelial,CD164L2,0.0779092424355486,0.065579139239586
Epithelial,TBX6,0.077041447368421,0.0647132984285218
Epithelial,PPP1R3D,0.194676351351351,0.182591495065951
Epithelial,GOLPH3,1.41896497101817,1.40694295322573
Epithelial,DENND10,0.904366917293233,0.892467018919098
Epithelial,OPLAH,0.218630919895424,0.206742011463083
Epithelial,ZNF57,0.139251349294972,0.127390292525007
Epithelial,MAP3K4,0.404919388915391,0.393111218444426
Epithelial,PIGQ,0.573507589563572,0.561791027742395
Epithelial,CLCA4,0.0608419047619048,0.0494477871169876
Epithelial,C1orf74,0.114319461037647,0.102929929333996
Epithelial,UMPS,0.625428571428572,0.614260202203531
Epithelial,TMEM250,0.378445024171111,0.367366898218304
Epithelial,ADM2,0.159730783000201,0.148684970509452
Epithelial,GLRX3,1.49344436090225,1.48246297827191
Epithelial,MOGAT2,0.0285605551773275,0.0176042718606467
Epithelial,SUSD4,0.309218313054517,0.298278734990429
Epithelial,CFAP91,0.176195810363837,0.165333118438051
Epithelial,LARGE2,0.227206945975744,0.216502967375692
Epithelial,EPPK1,0.398509566445765,0.38788279823344
Epithelial,MTLN,1.51623800805326,1.50562262184109
Epithelial,ZNF563,0.139032485342153,0.128500968099067
Epithelial,UBN2,0.543135310516931,0.532614821768687
Epithelial,TAF6L,0.253476389361716,0.243073479296732
Epithelial,TMEM187,0.314068421052632,0.303719788182591
Epithelial,ACTR3C,0.245446002906557,0.235237143667346
Epithelial,MMEL1,0.182197345132744,0.172036807301081
Epithelial,C2CD4D,0.061204761904762,0.0510765963441562
Epithelial,PTRH1,0.764570699081851,0.754510488359638
Epithelial,TMCO6,0.207821052631579,0.197788026271383
Epithelial,ALG2,0.797541413521062,0.787763884669863
Epithelial,GHDC,0.435871428571429,0.426138763599754
Epithelial,GTF2IRD2,0.464975939849624,0.455491675040152
Epithelial,AGAP9,0.118072180451128,0.108756752037275
Epithelial,COQ9,1.05084008758985,1.04152600326072
Epithelial,URB1,0.291820394736842,0.282589244714366
Epithelial,ZSWIM9,0.194149398090494,0.184936314829753
Epithelial,ZC2HC1C,0.155614328053281,0.14646098984737
Epithelial,STK36,0.222722262320077,0.213597846058049
Epithelial,CCDC191,0.310772132342845,0.301655924670617
Epithelial,GOLGA6L10,0.129999248120301,0.120913275431817
Epithelial,MAFK,0.68457221989984,0.675736501558656
Epithelial,DNAJC28,0.0564438095238096,0.0476673710045646
Epithelial,DNAJC27,0.23511598676957,0.22635601814156
Epithelial,ZNF823,0.155012231236528,0.146279109963803
Epithelial,MNT,0.434835010564246,0.42618658489513
Epithelial,TNRC18,0.579317567567567,0.570764713459757
Epithelial,CRY2,0.372560835221489,0.364065392666314
Epithelial,INTU,0.378743660418964,0.370309412013894
Epithelial,OSGIN2,0.400899047619048,0.392590320619238
Epithelial,NME5,0.279928636885106,0.27170084091011
Epithelial,PCLO,0.34194188912029,0.333739722314876
Epithelial,VSIG8,0.0337769911504424,0.0256025195410401
Epithelial,FZD3,0.409471052631579,0.40139582569949
Epithelial,GOLPH3L,0.767629638212394,0.759557627846135
Epithelial,FAM149B1,0.180556190476191,0.172599499591385
Epithelial,IKZF5,0.34534054054054,0.337416373359783
Epithelial,TIGD6,0.162551315789474,0.154657455484963
Epithelial,ZCWPW1,0.210963014205938,0.203186368765058
Epithelial,TEF,0.212340302764541,0.20466893729187
Epithelial,ANKEF1,0.16628487922538,0.158622195547257
Epithelial,HEXD,0.454804441187378,0.447183750656166
Epithelial,ZNF875,0.426611135611907,0.419019523729753
Epithelial,MBLAC1,0.0862035648667868,0.0787405955807899
Epithelial,SMAD3,0.631534177908206,0.624136998051649
Epithelial,PTGES2,1.20792921719956,1.20058500971886
Epithelial,IPP,0.288598848708453,0.281290956022109
Epithelial,GSPT1,1.81517795972319,1.80799502182269
Epithelial,NR6A1,0.223225621387563,0.216116753249495
Epithelial,VWA2,0.0589552633750722,0.0518880839576618
Epithelial,PLSCR2,0.0417520864479293,0.0347353329912737
Epithelial,SLC25A21,0.0462369528609135,0.0393156583437307
Epithelial,CPLANE2,0.067276008396508,0.0605315065409195
Epithelial,POP4,0.957300675675675,0.95055757695787
Epithelial,SPTSSB,0.303994061026157,0.297804865940874
Epithelial,KRT4,0.0497037593984963,0.0435173046785392
Epithelial,ERVMER34-1,0.054041292430696,0.0478603587799946
Epithelial,SMPD2,0.371706766917293,0.365612678427235
Epithelial,NPM2,0.131395628022252,0.125317650052681
Epithelial,CCDC71,0.297037836853715,0.290960863417018
Epithelial,FAM83E,0.0980189189189188,0.0919549300928983
Epithelial,PSORS1C1,0.201727565482558,0.195722865136762
Epithelial,ZNF579,0.253785578609774,0.247813478845116
Epithelial,GALNT7,0.741871869199634,0.735960903685588
Epithelial,CCNG1,1.57945921052632,1.57355059076915
Epithelial,ZER1,0.342563180853309,0.336709637154256
Epithelial,SLC51A,0.118586916209492,0.11286187459556
Epithelial,POU3F1,0.0790180952380952,0.0733323518184809
Epithelial,CTH,0.185085451469075,0.179403588772992
Epithelial,YIPF6,1.33413017133501,1.32849278871351
Epithelial,ODAM,0.0594439911797134,0.0538124193393382
Epithelial,FOXI1,0.0424185840707964,0.0369116979849843
Epithelial,STYK1,0.105976991150443,0.100471650373141
Epithelial,SLC23A1,0.0699391668734726,0.064445395809787
Epithelial,SLC10A5,0.0311495238095238,0.0257264286462201
Epithelial,AFMID,0.729606272203656,0.724193315586325
Epithelial,ATF7,0.759255164031427,0.753845921830211
Epithelial,UBALD2,1.18852432432433,1.18317773989426
Epithelial,YBX2,0.0611250275633959,0.0558134175870982
Epithelial,NUPR2,0.168217766708178,0.162930321886871
Epithelial,ATXN1L,0.369252380952381,0.363995978071737
Epithelial,CA13,0.208907607497244,0.203655314541018
Epithelial,CDKN2B,0.381031309624358,0.375785232937439
Epithelial,HYKK,0.138792611015897,0.133576471034736
Epithelial,OSBPL9,1.19104995524493,1.18586283869706
Epithelial,FAM174B,0.452715131578947,0.4475291301942
Epithelial,ZNF285,0.0398439189189188,0.0346587962573624
Epithelial,PSMD8,3.11283723609538,3.10774602421717
Epithelial,TTC12,0.209614818361274,0.204715052071736
Epithelial,CAMSAP3,0.242068584070797,0.237168846026203
Epithelial,NAT1,0.221233318973589,0.216390289336956
Epithelial,UBE2H,1.60726263524388,1.60245145533545
Epithelial,DTWD2,0.177534619625138,0.172760545215189
Epithelial,ENTPD2,0.20001447368421,0.195397728646085
Epithelial,PPIP5K1,0.173212781954888,0.168641880939213
Epithelial,ZNF214,0.0851125527535503,0.0805474329012843
Epithelial,SHB,0.345738288468445,0.341177698542388
Epithelial,F11,0.0268771428571429,0.0223270442177819
Epithelial,SUOX,0.300171238938053,0.295631923388052
Epithelial,CLBA1,0.212925746304987,0.208400737713885
Epithelial,DLG3,0.422381900696752,0.417857152756637
Epithelial,ZNF396,0.0795552631578946,0.0750446270539741
Epithelial,NFU1,1.17011184210526,1.16564154545347
Epithelial,KCNMB2,0.0627416860565936,0.0584924899661367
Epithelial,COL4A6,0.0551722972972973,0.0509859695747601
Epithelial,DLG5,0.53562743362832,0.531474727144393
Epithelial,CFAP69,0.20357031801358,0.19945373084451
Epithelial,TMEM62,0.291839827810148,0.287766607008933
Epithelial,RARRES1,1.3978907079646,1.39383603535208
Epithelial,ZDHHC23,0.154738632297049,0.150756146817183
Epithelial,BROX,1.23748796992481,1.23354282685228
Epithelial,ZBTB22,0.222736486078074,0.218797929989081
Epithelial,TMPRSS13,0.118402857142857,0.114524061464429
Epithelial,EPB41L4B,0.288321209961477,0.284481020699142
Epithelial,FITM2,0.188520990854306,0.184708241600511
Epithelial,GPT2,0.543071223814774,0.539264388655268
Epithelial,GSDMB,0.204737162162162,0.20095317159542
Epithelial,TMEM254,0.529026450347823,0.525280844832113
Epithelial,ALAD,0.536200657894737,0.532473725512711
Epithelial,DCXR,2.32031907894737,2.31667093186754
Epithelial,SLC27A1,0.408341217674047,0.40474698550343
Epithelial,PCP2,0.0482657894736842,0.0447499237795849
Epithelial,TMEM191B,0.279535532325854,0.276090281381116
Epithelial,CCDC61,0.176824812030075,0.173408706508572
Epithelial,SPATA18,0.140047549308526,0.136700119194329
Epithelial,ENTPD5,0.447563384080225,0.444298108159177
Epithelial,XPC,0.772684031469559,0.769423193085393
Epithelial,NTN5,0.0192931747787611,0.0161544772598652
Epithelial,ZNF768,0.397182321145105,0.394155748181633
Epithelial,NECTIN3,0.346953463684342,0.343984427766922
Epithelial,EMC6,1.7260837475185,1.72314561325296
Epithelial,ZNF596,0.0742287835021322,0.0713041001732142
Epithelial,CCDC125,0.40084699222686,0.398027671053586
Epithelial,TSPAN10,0.124198812068878,0.121623007489656
Epithelial,C11orf97,0.011825760042498,0.00936650818743057
Epithelial,PDCD10,1.67611940330443,1.67367135362369
Epithelial,ZXDB,0.177246902654867,0.174815867955478
Epithelial,GOLGA4,2.30603238948499,2.30362302684034
Epithelial,NIPAL2,0.329329323308271,0.326951661743145
Epithelial,TTLL6,0.0252306504961411,0.022946304352149
Epithelial,KRT13,0.327703213173774,0.325436312588408
Epithelial,EME2,0.13547610619469,0.133258045774908
Epithelial,CCDC120,0.197938938053097,0.195724857483858
Epithelial,CFB,0.633526734671001,0.631367636349958
Epithelial,LURAP1L,0.698961529804207,0.696847431101162
Epithelial,PPFIBP2,0.378075,0.375998618339867
Epithelial,IRX6,0.0249,0.0228342690383801
Epithelial,FBXO24,0.0190086819464778,0.0169857080054505
Epithelial,VWA7,0.0289367929109252,0.0270964435605654
Epithelial,CLCNKB,0.0384710526315789,0.0367621860617724
Epithelial,SOWAHA,0.0565651315789473,0.0549987482595516
Epithelial,CUL3,0.978592123879419,0.977218968677481
Epithelial,FAM153A,0.0311946597118636,0.0298908240296877
Epithelial,CCN6,0.0381466666666667,0.0368455621618292
Epithelial,STKLD1,0.0380445690322146,0.0367705900961808
Epithelial,SYT9,0.0110780406807804,0.00992246184315127
Epithelial,FDXR,0.508905714285714,0.507872835004825
Epithelial,FOXO6,0.0393495238095238,0.0383550112805787
Epithelial,MTAP,0.638142567567568,0.637157863506411
Epithelial,UPK1A,0.017270046705998,0.0162967618907652
Epithelial,SGPP2,0.312395238095238,0.311554886087091
Epithelial,ZNF628,0.143658654906284,0.142834880962854
Epithelial,GPR107,0.512287329681862,0.511567839253826
Epithelial,TEX45,0.0275526315789474,0.0269559617070582
Epithelial,IFT27,0.964350476190478,0.963845545407198
Epithelial,POU5F1B,0.034993164277839,0.034515920231504
Epithelial,GABBR2,0.0259092105263158,0.0254319738341694
Epithelial,KPNA5,0.361085135135135,0.360642068398938
Epithelial,HDAC11,0.32485629101318,0.324418241699677
Epithelial,C19orf81,0.153697345132743,0.153349945624816
Epithelial,ZNF750,0.130782359426681,0.130437904165675
Epithelial,PDSS2,0.423161306692954,0.422906116119431
Epithelial,THOC7,1.86885286148075,1.86860787294381
Epithelial,STAM2,0.557904762731906,0.557728854311335
Epithelial,CCNI2,0.0502046128714712,0.0500340322091736
Epithelial,WNT4,0.102386666666667,0.102219375517432
Epithelial,USP54,0.446854328535062,0.446699621858257
Epithelial,LPIN3,0.446200741203359,0.44605856250133
Epithelial,FAM227B,0.147830678401436,0.147769612899999
Epithelial,KISS1,0.0504894736842105,0.0504559992229242
Epithelial,RNF224,0.00844823008849557,0.00857230312971223
Epithelial,DCAF12L1,0.0142507648695076,0.0144099804277895
Epithelial,CA11,0.310314693895071,0.31048871191537
Epithelial,PELP1,0.498298962722954,0.498488164908716
Epithelial,RNF183,0.121301769911504,0.121609554030334
Epithelial,ZSCAN23,0.0193008401812052,0.0196228795387286
Epithelial,TMEM25,0.403303097345133,0.403647151200251
Epithelial,CHAD,0.017153798256538,0.0175221899594263
Epithelial,GPT,0.130522368421053,0.1309381537269
Epithelial,DUOXA2,0.0832460176991151,0.0837497142358855
Epithelial,FER1L5,0.0188725866638263,0.0193782924513897
Epithelial,ZPBP,0.0085367144432194,0.00906738528016304
Epithelial,MECP2,1.05999473684211,1.06064865168782
Epithelial,CPO,0.00540384428260674,0.00614053802914045
Epithelial,PLIN4,0.0361504424778761,0.0369010296298277
Epithelial,ANKRD24,0.0160418268025359,0.0168155799642874
Epithelial,GP2,0.0912133333333334,0.0919875482145966
Epithelial,PHF7,0.15912995142886,0.160091148862777
Epithelial,RFX1,0.384722351756958,0.385690036744167
Epithelial,RHOXF1,0.014163304275633,0.015131279976335
Epithelial,UBQLNL,0.0114491978248446,0.0124214788321535
Epithelial,TLE2,0.413445714285714,0.414470527347559
Epithelial,CRTC1,0.233263157894737,0.23430502401376
Epithelial,ASCL3,0.00329505139847015,0.00433899225468099
Epithelial,AKAP3,0.0232835945362305,0.0243387843947372
Epithelial,PGLYRP4,0.0151314741339291,0.0162008988880419
Epithelial,NAT2,0.0134703660806968,0.0145693066197257
Epithelial,EFHB,0.054752380952381,0.0559114387944101
Epithelial,C16orf89,0.233853383458647,0.235031968520905
Epithelial,ALDH1A2,0.111233974166418,0.112465764509953
Epithelial,ACTBL2,0.00976299256222315,0.0110046794455375
Epithelial,PPP1R27,0.0205533627342889,0.0218382722087494
Epithelial,CEL,0.0575780952380952,0.0590850623370446
Epithelial,ASIC1,0.0488657596620377,0.0503794426778215
Epithelial,EVPLL,0.0192533834586467,0.0207695247291266
Epithelial,COG7,0.466974324324325,0.468497896870413
Epithelial,C1orf116,0.387949624060151,0.389479673979349
Epithelial,PPP1R26,0.233406081081081,0.234977899123889
Epithelial,SLC26A1,0.0390808221000409,0.0406714393379365
Epithelial,WFDC3,0.137212781954887,0.13881287894222
Epithelial,RNF128,0.327745865490628,0.329349580528416
Epithelial,VXN,0.0268005217088802,0.0284232842121348
Epithelial,HOXB1,0.00386549046417472,0.00549218429366003
Epithelial,PALS1,0.597980658196665,0.59963832757389
Epithelial,KCTD9,0.539224060150376,0.541012833922191
Epithelial,ALPP,0.0106922619047619,0.0125376298566101
Epithelial,MYO5C,0.550410320607203,0.55236973220666
Epithelial,ABCA4,0.0412974958821367,0.0432612269511335
Epithelial,PFN4,0.0401076597211398,0.0420986230135589
Epithelial,NRL,0.0664694690265487,0.0684656725239961
Epithelial,GPR37,0.0686197554278639,0.0706418151350585
Epithelial,ANKRD9,0.568415813605509,0.570494120290339
Epithelial,SRRM5,0.0117834619625138,0.0139646334612886
Epithelial,HSPA1L,0.0723665693038946,0.0745490205813162
Epithelial,MCIDAS,0.00576196943185412,0.00796028642454217
Epithelial,GLUD2,0.032577177508269,0.034856589015139
Epithelial,GNRH1,0.0481523938737945,0.0504384034203814
Epithelial,LINGO4,0.00783482640025445,0.0102633735840178
Epithelial,KLF16,0.291465413533834,0.293991669692752
Epithelial,BPIFA2,0.0155860938148609,0.0181190126344383
Epithelial,KIF3B,0.721068606707681,0.72366334848546
Epithelial,ADAM20,0.0159357221609702,0.0185321912647956
Epithelial,PKP2,0.434567864272938,0.437200360069271
Epithelial,FAM181B,0.0247375939849624,0.0274088547589655
Epithelial,SAA4,0.0699690187431091,0.0726752451338991
Epithelial,ZNF626,0.36595,0.368730719007976
Epithelial,NCBP2AS2,1.20728700775079,1.2100923929424
Epithelial,SMIM6,0.214891428571429,0.217698670288972
Epithelial,GPRC6A,0.00226363636363636,0.00512179694564351
Epithelial,MAFA,0.0316669686736665,0.0345268374766507
Epithelial,GOLM1,1.32933445504936,1.33223322581781
Epithelial,TMPRSS7,0.0283060315249815,0.0313021456005783
Epithelial,KCNG3,0.0235136571191367,0.0266139721941965
Epithelial,AADAT,0.104509479299352,0.107629564495387
Epithelial,NRTN,0.040579869294277,0.0437135846216439
Epithelial,KRTAP1-1,0.00158673669035115,0.00481509548733532
Epithelial,XAGE3,0.00383744732881757,0.00711948759568191
Epithelial,C12orf50,0.0103976784872433,0.0136840766070758
Epithelial,KRT9,0.0026112909921129,0.0059009248021861
Epithelial,TSPO2,0.0062762270438928,0.00958634380169866
Epithelial,LMTK2,0.332956081081081,0.336376731128238
Epithelial,ZNF334,0.119036127581949,0.122458503297838
Epithelial,ZBTB4,0.606682432432433,0.610132418656662
Epithelial,PRRT3,0.207501973684211,0.210975778073758
Epithelial,CADM4,0.256720286659317,0.260213119212285
Epithelial,FYCO1,0.302643712908442,0.306174831553454
Epithelial,NR1D2,0.668342035398229,0.671877055603383
Epithelial,SFMBT1,0.29303445945946,0.296571316965505
Epithelial,LYSMD3,0.44785429525843,0.451397695751922
Epithelial,CGB7,0.00495312275664036,0.00857364161640125
Epithelial,MAP3K15,0.0158215053791093,0.019451415083694
Epithelial,CSPP1,0.671802976846748,0.675462899821763
Epithelial,PTCHD3,0.00116712328767123,0.00484536977432622
Epithelial,APEH,0.94474831138262,0.948451670358555
Epithelial,DACT2,0.0505567567567567,0.0543159915499288
Epithelial,OR10H1,0.00150193527143395,0.00530354391158444
Epithelial,LMNTD2,0.0772392295569627,0.0810923205206935
Epithelial,PCSK4,0.0784093902938618,0.0822744981747866
Epithelial,C19orf67,0.0043712327498221,0.00824819348067788
Epithelial,KRT78,0.0143882276243845,0.0183665370647819
Epithelial,BBS1,0.0940458594718398,0.0980516116066574
Epithelial,BBOF1,0.226640881042734,0.230735189303536
Epithelial,CRISP2,0.00911288453434471,0.0132473785094414
Epithelial,AMD1,1.93683157894737,1.94097230128682
Epithelial,RNASE7,0.0214882268485284,0.0256300961181221
Epithelial,C15orf62,0.0317453142227123,0.0359049171726769
Epithelial,FRAS1,0.154527958715385,0.158692339907454
Epithelial,SLC6A11,0.0227700981624516,0.0269465104677994
Epithelial,CST5,0.0149817766708178,0.0192623463203883
Epithelial,IP6K3,0.0339126592136793,0.0383832288991533
Epithelial,IZUMO2,0.012848743718593,0.0173463002018948
Epithelial,TMEM171,0.144108270676692,0.148625772886433
Epithelial,LRRC9,0.00601174117356493,0.0105367114702509
Epithelial,RBBP8NL,0.0760362831858407,0.0806166598835711
Epithelial,SOSTDC1,0.135728827580277,0.140316917959025
Epithelial,PSG4,0.010021940463065,0.0146237671383452
Epithelial,PRICKLE3,0.116929605263158,0.121593454536961
Epithelial,SLC17A8,0.0022405753968254,0.00692409030925363
Epithelial,GRID2IP,0.0133746281936945,0.0180655675405106
Epithelial,PLA2G2F,0.00546366455277197,0.010162203556935
Epithelial,C17orf50,0.00758234913446954,0.0124087228190128
Epithelial,TMPRSS5,0.018825,0.0236578752428883
Epithelial,NRG4,0.0823165262374104,0.0871626770246074
Epithelial,ENDOG,0.497568246968026,0.502442423347513
Epithelial,CLCNKA,0.0241033783783784,0.0290544440535288
Epithelial,TOMM20L,0.0103224810909518,0.0152924901182939
Epithelial,ZMYND12,0.0849931447510713,0.0899924488963953
Epithelial,MATN4,0.0298094698948598,0.0349449573959801
Epithelial,KRTDAP,0.012850621146966,0.0179891309860017
Epithelial,SLC39A2,0.017492164292832,0.0226877287583334
Epithelial,LENG8,1.13753243243243,1.14275672029351
Epithelial,VIPR1,0.162623451327434,0.167883043402438
Epithelial,CCT6B,0.117974499012098,0.123257397243751
Epithelial,TCP10L,0.0304245710040529,0.035754241687426
Epithelial,SLC19A3,0.0653028582039424,0.0706580351718764
Epithelial,ZNF165,0.272650937155458,0.278033470426124
Epithelial,SLURP1,0.0167682194923795,0.0221626651461079
Epithelial,SLC8A2,0.00858546781335132,0.0140316688098348
Epithelial,WFDC12,0.00386464812473662,0.00933184691351925
Epithelial,MTUS2,0.0287051445076556,0.0341812662392328
Epithelial,CATSPERG,0.0857752956540225,0.0913125375053446
Epithelial,MESP2,0.0321668141592921,0.0378711435452992
Epithelial,FBN3,0.00965459944633888,0.0154325878580475
Epithelial,ZSCAN1,0.0534445945945944,0.0592943665644042
Epithelial,TMPRSS12,0.00216840753672987,0.0081159024798263
Epithelial,RIIAD1,0.0477155167722537,0.0536911008935571
Epithelial,SMIM10L2A,0.0288736020228333,0.034877436178911
Epithelial,B4GALNT2,0.0148494305259083,0.0208664354791311
Epithelial,TCEAL2,0.167678289473684,0.173707813427111
Epithelial,PLA2G3,0.00850051969659834,0.0147083195918435
Epithelial,TSPAN8,1.10716805742748,1.11339330935585
Epithelial,ANKK1,0.0144930789921579,0.0207247572854948
Epithelial,BBS2,0.424108383100739,0.430355576638678
Epithelial,KBTBD4,0.319900657894737,0.326162206544351
Epithelial,ADCY8,0.00404432194046307,0.0103609655913642
Epithelial,SLC17A2,0.000837894434882385,0.00715553450192592
Epithelial,DLD,1.33889336283186,1.34526668379372
Epithelial,C6orf163,0.0235152380952381,0.0299105727760507
Epithelial,CCKBR,0.00315806817011636,0.00958346347115411
Epithelial,SLC22A23,0.352371052631579,0.358847180158537
Epithelial,IL17C,0.00667002905770029,0.013152968239414
Epithelial,SOWAHB,0.0104024455879558,0.0168956800171289
Epithelial,ZNF844,0.284362760951607,0.290859678900527
Epithelial,KCNK15,0.148372486920012,0.154884912887905
Epithelial,POU2F3,0.127350186353846,0.13386537416735
Epithelial,SAYSD1,0.528499115044248,0.535048814959163
Epithelial,MIEF2,0.23103007764163,0.237599630837789
Epithelial,PDE9A,0.300449115044248,0.307063073307855
Epithelial,RIPPLY1,0.00157210460772105,0.00824537411203612
Epithelial,CWH43,0.0312456150793651,0.0379349177195631
Epithelial,GKAP1,0.314230618208652,0.320982591794723
Epithelial,B4GALT4,0.73729022556391,0.744072151603647
Epithelial,FNDC11,0.0245802230839835,0.0313846885791906
Epithelial,IFNE,0.00329010653852983,0.0101626143215817
Epithelial,TIGD4,0.0264812916991839,0.0334014657425345
Epithelial,ZNF132,0.0273361930185862,0.0342656841953143
Epithelial,CLINT1,1.81005394736842,1.81707300405733
Epithelial,TAFA4,0.00224360043211916,0.00928872531715117
Epithelial,MAJIN,0.00976548672566373,0.0169156838747695
Epithelial,TCEAL6,0.0106668389169827,0.0178727719339008
Epithelial,HS3ST6,0.0114574030615977,0.0187590606177411
Epithelial,DLX3,0.0235372657111356,0.0308824068090739
Epithelial,TUBAL3,0.00401598117713162,0.0113665588825835
Epithelial,LPA,0.00405128310862498,0.0114665477115895
Epithelial,RAI1,0.413064294909296,0.420508569075407
Epithelial,TMEM213,0.18812869697289,0.195576390652578
Epithelial,REN,0.00988599779492834,0.0173778795397797
Epithelial,NPIPB6,0.0364541353383459,0.044055081653441
Epithelial,TMEM72,0.00324764900630188,0.0108748526110497
Epithelial,GSTA3,0.00572052681735795,0.0133707487198472
Epithelial,ZNF777,0.0758641891891895,0.0837685376416184
Epithelial,NATD1,0.154623222698021,0.162538464148106
Epithelial,NR2E3,0.0258488721804512,0.0339107819885519
Epithelial,NCOA2,0.647793333333333,0.655898630912118
Epithelial,C10orf143,0.087159973702107,0.0952711763730972
Epithelial,MCOLN3,0.115035135135135,0.123155428671954
Epithelial,WNK4,0.0698759457970136,0.0779995912722169
Epithelial,CMYA5,0.227715037593985,0.23586373992549
Epithelial,ABCA12,0.0235742857142857,0.0317422200860925
Epithelial,PERM1,0.0240308270676692,0.0322071566647078
Epithelial,MRPL18,1.99879117445253,2.00700283062787
Epithelial,UVSSA,0.250196571934164,0.25842817709409
Epithelial,SIM1,0.0101093253968254,0.0184035031977483
Epithelial,DOK7,0.0739648733584597,0.0822849019166813
Epithelial,TRIM60,0.0178123814484504,0.0261965057498519
Epithelial,CEP162,0.305934158599311,0.314403350205197
Epithelial,IFT122,0.306032083792723,0.314529514269715
Epithelial,TPRN,0.280876379481049,0.289458357502467
Epithelial,VILL,0.249538257993385,0.25814395347367
Epithelial,ZNF488,0.0111022123893805,0.0199475268944697
Epithelial,MEIG1,0.0344753753927913,0.0433415749530559
Epithelial,FUT3,0.262043439911797,0.270973152093238
Epithelial,ANKDD1B,0.0437188839170805,0.0526781190450875
Epithelial,PGGT1B,0.591366673630832,0.60033845870901
Epithelial,TREH,0.00577162920844849,0.0147434603941195
Epithelial,SYT10,0.0211733333333333,0.0301525209408612
Epithelial,USP38,0.449010454602963,0.458010009666016
Epithelial,IL20,0.0157628445424477,0.0247752806340568
Epithelial,HSD17B2,0.253924060150376,0.262940024885722
Epithelial,RAET1L,0.0381195488721804,0.0471370713668187
Epithelial,FAM153B,0.0766983698834976,0.0857932687435153
Epithelial,CDH22,0.00449175814721169,0.0135981728581137
Epithelial,PLAG1,0.146077809596965,0.155223459163803
Epithelial,DNMT3L,0.00237278004586173,0.0115747691568933
Epithelial,CATSPER2,0.214899089418246,0.22415807504522
Epithelial,DBT,0.456984344835207,0.466290931382265
Epithelial,ISX,0.00283280689160086,0.0121579937765378
Epithelial,CTNNBIP1,0.938259047619048,0.947620379863442
Epithelial,ZNF433,0.123012500335165,0.132469914506616
Epithelial,SLC25A27,0.13238467475193,0.141861230074674
Epithelial,NECAB3,0.399816207276736,0.409343179174091
Epithelial,COQ10A,0.280805515788831,0.290373310371726
Epithelial,REM2,0.0469913547830858,0.056591352778361
Epithelial,SLC9A2,0.0919675675675675,0.101658210766002
Epithelial,C16orf46,0.138912899669239,0.148660018681863
Epithelial,PAQR7,0.276654216041739,0.286444672713912
Epithelial,ZNF486,0.127378186480845,0.13730020917492
Epithelial,FSD1L,0.17968016854823,0.189683865395718
Epithelial,GDF9,0.0294040965339884,0.0395268490245158
Epithelial,SIRT4,0.0464629639186664,0.0567309059955776
Epithelial,CAPN9,0.0484532641480079,0.0587224833803831
Epithelial,SHBG,0.0141220769624481,0.0244144586861461
Epithelial,INSC,0.0100970324816054,0.0204287094614565
Epithelial,KRTAP2-3,0.00834033731796867,0.0186873134834127
Epithelial,ATP13A4,0.108721538695407,0.11908842840498
Epithelial,EEF1A2,0.142805405405405,0.153173833038441
Epithelial,AMTN,0.0123473451327434,0.0227582182408624
Epithelial,TOX3,0.34753257004216,0.358023765576092
Epithelial,SIPA1L3,0.49883925443049,0.509340969261001
Epithelial,LRP10,1.95415442477876,1.96466951733876
Epithelial,GPR27,0.0609395040022185,0.0714816188430849
Epithelial,CLDN6,0.0111028631069525,0.021645583682458
Epithelial,SRPK3,0.0249736842105263,0.03555671942317
Epithelial,ZNF20,0.0713089817308303,0.0819021615997435
Epithelial,FGF20,0.00538343616424488,0.0160358583098629
Epithelial,RAB15,0.177651327433628,0.188331853998165
Epithelial,UGT2B10,0.00337075608396169,0.0141083936760113
Epithelial,ADAMTS19,0.00280207982160416,0.0135400374940386
Epithelial,MCRIP2,1.34495313408053,1.3557137743495
Epithelial,RBP2,0.01602169313433,0.0268084149879711
Epithelial,MID1IP1,0.920275657894737,0.931064123528321
Epithelial,TRIM68,0.157755049373469,0.168647256896622
Epithelial,CCNP,0.0465033830259475,0.0574076479515702
Epithelial,DCT,0.00959204029291926,0.0205197298948621
Epithelial,ENPP4,0.399490775143491,0.410422097315812
Epithelial,PHKG1,0.345055309734514,0.356168804006889
Epithelial,SOX21,0.0493672179678413,0.0604870818774439
Epithelial,SCRIB,0.477955665021697,0.489141439432032
Epithelial,UCN3,0.00223130123102837,0.0135563546114607
Epithelial,TESMIN,0.163598569607571,0.175062008388843
Epithelial,FGFRL1,0.261579203539823,0.273098921295091
Epithelial,RBKS,0.36443541485067,0.376126469057642
Epithelial,TMEM139,0.268476351351352,0.280194591208568
Epithelial,CYP2W1,0.0335460317460317,0.0452835919913005
Epithelial,CNTD1,0.0611236842105263,0.0728778134517848
Epithelial,USP46,0.422513157029925,0.434267606410639
Epithelial,TRIM6,0.070067105263158,0.0818254986823306
Epithelial,TCERG1L,0.010853982300885,0.0226285940039394
Epithelial,LCA5L,0.0886673302942347,0.100461719308022
Epithelial,FRMPD1,0.0195665208192624,0.0313662177412787
Epithelial,ZNF33A,0.901940683572215,0.913872152648945
Epithelial,SLC5A11,0.0049038190120382,0.0168473278426171
Epithelial,COPG1,1.15555921052632,1.16750777700794
Epithelial,IGSF5,0.0109814773980154,0.0229914514575991
Epithelial,YOD1,0.310267073927371,0.32227788470898
Epithelial,RPS6KA6,0.120771109260327,0.132814684785905
Epithelial,TBX10,0.00798672566371683,0.020089885354297
Epithelial,ATG4D,0.532594247787611,0.544750770906723
Epithelial,MROH7,0.0230971428571429,0.0352672682517602
Epithelial,FSIP2,0.0648314285714286,0.0770411884313735
Epithelial,MED24,0.62861619047619,0.640849166763123
Epithelial,WAPL,1.0725380952381,1.08478525233471
Epithelial,DEPTOR,0.434505921052631,0.446973685570404
Epithelial,SLC15A1,0.0851951488423374,0.0976691960250717
Epithelial,ARG2,0.51671083006935,0.529204920313149
Epithelial,PPP1R16A,1.16515065789474,1.1776606973297
Epithelial,ZXDA,0.0587551887294535,0.0713436483323965
Epithelial,TTC19,1.23963811947143,1.25222879012841
Epithelial,B3GALT5,0.113037405630697,0.125646367752444
Epithelial,LRRIQ3,0.081478206689796,0.0941063436832101
Epithelial,KEL,0.0106738938053097,0.023327542327872
Epithelial,LOXL4,0.112309107209418,0.124964497047475
Epithelial,CDHR4,0.0179476264631555,0.0307020486538374
Epithelial,TBC1D24,0.290888280053852,0.303654786687766
Epithelial,DUOXA1,0.142786116237015,0.155601901834518
Epithelial,CYP26A1,0.0329547314889524,0.0457715262714494
Epithelial,WDR31,0.137706666666667,0.150558512336204
Epithelial,FGFBP3,0.132667619047619,0.145526348314709
Epithelial,DPCD,1.04033383458646,1.05321169782702
Epithelial,NEO1,0.455946731435997,0.46883923508842
Epithelial,PPP4R4,0.026247619047619,0.03932234532471
Epithelial,XDH,0.146777039378992,0.159852291510944
Epithelial,LTBR,1.43213815789473,1.44531300931249
Epithelial,ATP6V1C2,0.112954174357231,0.126166175451344
Epithelial,DUOX1,0.299485336273429,0.312750508892077
Epithelial,GMNC,0.00322522658825108,0.0165021047935704
Epithelial,SLC5A8,0.0301556390977443,0.0434403529252281
Epithelial,SIAH3,0.00754962424497823,0.0209248702004668
Epithelial,ZDHHC13,0.568557894736841,0.581936481447402
Epithelial,MEX3D,0.26506731282243,0.278512272511927
Epithelial,CYP3A4,0.00923078961230511,0.0226931768341254
Epithelial,TPH1,0.0190709139090641,0.0325875837697076
Epithelial,ZNF630,0.0601879699248121,0.0737905419962651
Epithelial,BEST4,0.0548307746683397,0.0684761250256053
Epithelial,EGF,0.0477066417600664,0.0614887136828192
Epithelial,BSN,0.0185682469680265,0.0324553333333333
Epithelial,KDM3B,0.621335645255343,0.635377742040519
Epithelial,PF4V1,0.0106429223744292,0.0246999660144408
Epithelial,ZNF711,0.132282103113476,0.146362562570048
Epithelial,ZFHX2,0.0764791620727673,0.0906051834471985
Epithelial,HLF,0.146278332390035,0.160414250276842
Epithelial,KCNH8,0.0424405873241247,0.0566492430047939
Epithelial,FOXN1,0.0112860883474091,0.0255749148116036
Epithelial,CRYBA2,0.0112675325579029,0.0255605863861101
Epithelial,TAS2R4,0.0417142857142857,0.0560612074344778
Epithelial,ZNF420,0.211781232746823,0.226149829675145
Epithelial,SOCS6,0.517434692920849,0.531830844359328
Epithelial,COG3,0.503778947368421,0.518184119612986
Epithelial,C11orf16,0.0149881471236302,0.0294882223791067
Epithelial,RAB36,0.160438699007718,0.174972563648952
Epithelial,PLEKHA6,0.370847298787211,0.385470139543276
Epithelial,C1orf53,0.337317359317286,0.352003165102173
Epithelial,RASAL1,0.0891233082706764,0.103809485760517
Epithelial,ANXA8L1,0.176473640514736,0.191174462343093
Epithelial,CLDN2,0.0945264146441353,0.109243276643591
Epithelial,PTPN20,0.0745882732188796,0.0893149470397284
Epithelial,ETNPPL,0.0150284711687035,0.0297977472489653
Epithelial,TFAM,1.00834663861157,1.02314790626649
Epithelial,HOXD11,0.0587778761061947,0.0735840290568576
Epithelial,CPA6,0.0192533834586467,0.0340691832697
Epithelial,FBXW9,0.388097368421053,0.402932114065385
Epithelial,CATSPERB,0.0445898648648649,0.0595309266046399
Epithelial,DNAJC5,0.734633783783783,0.749640506588476
Epithelial,MAPK13,0.823014921093418,0.838055176534592
Epithelial,FBXO34,0.736984868421053,0.752054809753474
Epithelial,IGSF22,0.0916039823008849,0.10670390093249
Epithelial,ACOX3,0.268742143766397,0.283861607955112
Epithelial,F7,0.0168345132743363,0.0319746075026684
Epithelial,C10orf82,0.0068079701120797,0.0219557256827679
Epithelial,PCM1,1.68226036886145,1.69742150295103
Epithelial,OXGR1,0.00882392319119561,0.0240706089569888
Epithelial,MMP10,0.100417111723598,0.115740067116942
Epithelial,SH3GL3,0.0242177631578947,0.0395717717422347
Epithelial,PANK3,0.584653774132753,0.600039903465854
Epithelial,PAK5,0.0178585305105853,0.0334478586749204
Epithelial,CYP4Z1,0.0207201377774132,0.0363535064837525
Epithelial,CATSPERD,0.00429665613147914,0.020052967202796
Epithelial,CCDC148,0.146182623273721,0.162000903370411
Epithelial,PIGZ,0.21088185840708,0.226866977937015
Epithelial,SULT1A2,0.115306015037594,0.13131303520102
Epithelial,TRIM17,0.0566763157894737,0.0728083273153775
Epithelial,WNT7A,0.0500586466165413,0.0662002682669552
Epithelial,FAM167A,0.0612584632837885,0.0776448014981617
Epithelial,PAK6,0.122799645900711,0.139277298903965
Epithelial,DPP10,0.0232891891891892,0.0397803915073256
Epithelial,XAGE2,0.00303030178495604,0.0195451018894873
Epithelial,THSD4,0.381352631578948,0.397883779556338
Epithelial,HOXA9,0.330032644846802,0.346581326308554
Epithelial,ZNF518A,0.8093,0.825869282066485
Epithelial,AK9,0.324753359812584,0.341327028328904
Epithelial,THRB,0.272728114663727,0.289435773982233
Epithelial,FRS3,0.0776177631578949,0.0943451576303962
Epithelial,UPF1,0.517609459459459,0.534452542962484
Epithelial,PNPLA7,0.0915107309341143,0.108413282447125
Epithelial,ADGRF4,0.0411087837837838,0.0580222990419657
Epithelial,CYP4F8,0.00382279168207326,0.0208098722186547
Epithelial,ANKRD18B,0.0540190476190476,0.0710691269829777
Epithelial,TSPAN19,0.0083710033076075,0.025564679901974
Epithelial,KHNYN,0.440807518796993,0.458027322109425
Epithelial,SV2C,0.0122282163686989,0.0294530432759349
Epithelial,ARSF,0.00406832392899695,0.0213719156874152
Epithelial,ACTL10,0.0889205089072847,0.106336724729399
Epithelial,CDRT4,0.0186907348608607,0.0361676687655569
Epithelial,LRRC31,0.0114381070983811,0.0289292892621358
Epithelial,PCDH20,0.0125473435209726,0.0301380154894551
Epithelial,BSND,0.0013273798362287,0.0189389136573733
Epithelial,SPATA4,0.0130626400996264,0.0308197909667651
Epithelial,CRCT1,0.00714843013236879,0.0249829239797496
Epithelial,GSTA2,0.135836184210526,0.153700660260495
Epithelial,RIMS2,0.0841706766917292,0.102037699204692
Epithelial,MELTF,0.248722697425296,0.266599117756534
Epithelial,GPBP1L1,1.16284390564704,1.18074594172456
Epithelial,KCTD14,0.140270870831137,0.158178155123445
Epithelial,PLEKHB1,0.432419547412673,0.450359496516346
Epithelial,FAM161B,0.0878852269587362,0.105838170986304
Epithelial,BCKDHB,0.473679203539823,0.491643135003474
Epithelial,KLHL32,0.0426348121726696,0.0606983479439616
Epithelial,SMIM18,0.00816494831572311,0.0262392493220547
Epithelial,ANO8,0.0803647619047619,0.0985700574147783
Epithelial,DNAJA4,0.688044869710037,0.706390321169408
Epithelial,FBXL16,0.0831393805309735,0.101555001353776
Epithelial,RAET1E,0.0546090225563909,0.0730651359809851
Epithelial,OSBP,0.642677573452454,0.661170282619249
Epithelial,ANKRD18A,0.0865696334491649,0.105070282835403
Epithelial,GCNT2,0.359015131578947,0.377538809516393
Epithelial,LGALSL,0.354073264424067,0.372618485761511
Epithelial,DENND2C,0.209032621162214,0.227661361626461
Epithelial,ZNF701,0.235201973684211,0.253883660133476
Epithelial,LRRN4,0.0157769786624122,0.0344621012425738
Epithelial,COX5A,3.81747522123894,3.83617100193146
Epithelial,BMS1,0.811433082706767,0.830183556117832
Epithelial,SALL3,0.00387074327914719,0.0226357183549518
Epithelial,NCKAP5,0.21059250275634,0.229506871446322
Epithelial,MKRN2OS,0.0686277588092596,0.087568231510462
Epithelial,IGFL1,0.0106474281851384,0.0296354054260354
Epithelial,PHF23,0.57196052631579,0.590986993781942
Epithelial,SLC35D2,0.388213815789474,0.407281442228448
Epithelial,ADORA2B,0.202592366077942,0.221685234040564
Epithelial,CHMP4C,0.652012500000001,0.671380724817599
Epithelial,KPNA7,0.00967720869406965,0.0290680302256665
Epithelial,PDCD2,1.28711466372657,1.30654512242972
Epithelial,HGD,0.225451411546758,0.244881885085827
Epithelial,PNMA6A,0.0599473281119987,0.0794506650286177
Epithelial,KIF13A,0.559597308062786,0.579159362566208
Epithelial,KRT80,0.240070689986882,0.259638539868254
Epithelial,KRTAP3-1,0.00718825818232899,0.0268776748970594
Epithelial,PLA2G10,0.167863157894737,0.187602230575821
Epithelial,C11orf52,0.0371641675854465,0.0570419340694012
Epithelial,DEFA5,0.000211848834018144,0.0202763602454864
Epithelial,NPC1L1,0.019085671662449,0.0391875476070483
Epithelial,RELCH,0.384274339671777,0.404407277881081
Epithelial,FAM181A,0.000936833069574103,0.0211027820400402
Epithelial,SLC22A9,0.0158140873015873,0.0360044839748624
Epithelial,MMAA,0.139036878704284,0.159234140782701
Epithelial,ESRRG,0.206182514838252,0.226432791883242
Epithelial,FHIP2B,0.410031253150935,0.430385820028885
Epithelial,KCNH6,0.0336857142857142,0.0540704244660863
Epithelial,SAMD12,0.40263082706767,0.423018219192134
Epithelial,BNC1,0.0164747381666617,0.0369680456251454
Epithelial,ESYT3,0.0301679162072767,0.0506885977515217
Epithelial,WNT3A,0.0105192733913967,0.0310734454773339
Epithelial,LYRM1,0.857952868765236,0.878554192593911
Epithelial,CYB5R2,0.207857142857143,0.228467449071928
Epithelial,CTNND2,0.0669564216602075,0.087601180720341
Epithelial,ARHGAP40,0.0158793582368857,0.0367056657916409
Epithelial,KCNH3,0.0287786598281459,0.0497490833979502
Epithelial,LRGUK,0.0169818293335174,0.0380173188913153
Epithelial,CYP4F12,0.138500882028666,0.159580525299707
Epithelial,PADI3,0.0131407079646018,0.0342522827648795
Epithelial,VRK3,0.824752631578948,0.845936750554129
Epithelial,STMND1,0.0299940789473684,0.0511836916998499
Epithelial,FAM135A,0.411183108108108,0.432505056092889
Epithelial,CPN2,0.00354143441243441,0.0248782694613926
Epithelial,SLITRK6,0.125842120389292,0.147248634993417
Epithelial,KHSRP,0.869806272641128,0.89121573717526
Epithelial,FER1L6,0.00424499699819892,0.0256827770922885
Epithelial,PTCHD1,0.0209318584070796,0.0423853347203706
Epithelial,SERPINI2,0.0232902255639098,0.0447474092830601
Epithelial,AGBL4,0.030764829106946,0.0522222972582229
Epithelial,GDPD3,0.133014410555819,0.154535163106162
Epithelial,CTXND1,0.00718662155317509,0.0288135597423179
Epithelial,PKN2,1.23286720570768,1.25464090015162
Epithelial,C6orf136,0.420467788167716,0.442333656004821
Epithelial,ZNF319,0.0786255639097744,0.100509163176865
Epithelial,PMEL,0.0488609022556391,0.0707772286001343
Epithelial,FBXO2,0.464893384785006,0.486827236242647
Epithelial,UPK3B,0.174813295055431,0.196777272118207
Epithelial,NINL,0.252081889467198,0.274048108361259
Epithelial,USP44,0.0412958383176386,0.0632905927524279
Epithelial,SH3GL2,0.0117245614197768,0.0337834460356172
Epithelial,FAM83C,0.00831324490629666,0.030388888138643
Epithelial,HS6ST3,0.0105101963167987,0.032734437210933
Epithelial,LRRC75A,0.419726604449933,0.442048326465066
Epithelial,FBRSL1,0.369444582282483,0.391790206137103
Epithelial,IYD,0.0939128318584071,0.11640442620745
Epithelial,PLA2G1B,0.0256608365325246,0.0486690308795527
Epithelial,CYSRT1,0.0906796992481201,0.113690503967963
Epithelial,SPTY2D1,0.807343287026169,0.830435198591243
Epithelial,ATP13A5,0.00164224017470896,0.0247369359131984
Epithelial,CAMK2B,0.0719733204490917,0.0951115724033934
Epithelial,KANK1,0.547100952380953,0.570277505680643
Epithelial,NEXMIF,0.0409547297297297,0.0641652822674958
Epithelial,SLC28A3,0.0605668136714442,0.0837891800991263
Epithelial,SHH,0.073580374862183,0.0969538107601399
Epithelial,FBXO25,0.776193456268121,0.799670569843595
Epithelial,FAM166C,0.0262896898613973,0.0497733437219316
Epithelial,SRCIN1,0.0797697354619675,0.103257242960261
Epithelial,FA2H,0.169072942678328,0.192715165770376
Epithelial,FREM2,0.0804076190476192,0.104073907747448
Epithelial,LYPD2,0.0540114864864865,0.0779485275710428
Epithelial,L3MBTL4,0.184188815789474,0.208143567438543
Epithelial,SLC17A1,0.00348816323164236,0.0274503689090442
Epithelial,KATNIP,0.188171428571429,0.212231046073274
Epithelial,SEC23IP,0.583970705080654,0.6080534549139
Epithelial,TDRD1,0.0144857890899268,0.0386446460611579
Epithelial,NLRP2,0.126038919514884,0.150405473432698
Epithelial,PTPRQ,0.00991836700416691,0.0343535086751592
Epithelial,DYNLT4,0.037958434399118,0.0624194102966028
Epithelial,EDN2,0.113646460176991,0.1381224276914
Epithelial,PRMT8,0.00772331485105458,0.0322547276109117
Epithelial,GP1BA,0.0241853982300885,0.0487929741078298
Epithelial,DSCAML1,0.0321628378378379,0.0568129815599688
Epithelial,CTSV,0.257029054054054,0.281682047380643
Epithelial,PDE11A,0.0935389380530972,0.118353488436511
Epithelial,PLCH1,0.109012502941675,0.133843235292673
Epithelial,FUT2,0.317392726042144,0.342237602365067
Epithelial,TMEM52,0.0994909774436091,0.12435531845963
Epithelial,SLC30A8,0.015961867568029,0.0408718244776267
Epithelial,CBR4,0.793247345132744,0.818282360324466
Epithelial,SPOCK3,0.0444371621621621,0.0694845288637018
Epithelial,CHST4,0.0180161513363357,0.0431638805848178
Epithelial,ZNF598,0.308299115044248,0.333712218064309
Epithelial,TMEM178A,0.148487964683398,0.173964603977675
Epithelial,SPRR1A,0.0143403626205708,0.0398716686484439
Epithelial,UNC5D,0.00498497050147493,0.0305343135500906
Epithelial,PIH1D2,0.0919540540540541,0.11757883385087
Epithelial,ZNF700,0.15563619047619,0.181368189767338
Epithelial,TIMM13,2.89341111483268,2.91922641265988
Epithelial,DNAJC16,0.40558445945946,0.431625007411477
Epithelial,LSM3,2.6155401510023,2.64159227501456
Epithelial,FHIT,0.580608934929203,0.606747790500336
Epithelial,B3GALT1,0.00698048511576627,0.033344535270687
Epithelial,PIK3CB,0.513413340683573,0.539844823053363
Epithelial,GDE1,1.15926644736842,1.18570603039152
Epithelial,CRB1,0.00717516115228974,0.033635427000157
Epithelial,AUTS2,0.60674,0.633245839480918
Epithelial,HOMER1,0.330862501284743,0.35769622905973
Epithelial,CYP4F2,0.026409592061742,0.0532810260049773
Epithelial,ZNF10,0.204264057331863,0.231160255479418
Epithelial,CRHR1,0.0155263373226082,0.0424591873507027
Epithelial,THUMPD1,1.16922477876106,1.19630853388555
Epithelial,FXYD4,0.0468035398230089,0.0739350261545487
Epithelial,ART3,0.0168841285108991,0.0441037672555593
Epithelial,ACAD8,0.474785840707965,0.502073072229055
Epithelial,GSKIP,0.652416427783903,0.679867939132824
Epithelial,SYT12,0.0653631578947368,0.0928163576487567
Epithelial,ENO4,0.0238092105263158,0.0513775317915623
Epithelial,DNAAF8,0.0261561904761905,0.0537874720697914
Epithelial,ANKRD1,0.0321013513513514,0.0598086259501843
Epithelial,HAS3,0.156696902654867,0.184453311862767
Epithelial,SERPINB4,0.0502594594594594,0.0782969204366635
Epithelial,ZNF721,0.638234285714286,0.666494553281836
Epithelial,LCN12,0.0772476190476192,0.10551952268916
Epithelial,CYP4F11,0.0965928387664019,0.124927216064868
Epithelial,GRM7,0.0177690323072778,0.0463044878902426
Epithelial,DNAJC12,0.407456472638272,0.436048654646039
Epithelial,MST1,0.256128571428571,0.284850778527723
Epithelial,STK39,0.536468584070797,0.565196155769889
Epithelial,SRGAP3,0.380973869900772,0.410047134591777
Epithelial,ITGA3,0.938981954887218,0.968095001801011
Epithelial,GLTPD2,0.0397895238095238,0.0689100401888352
Epithelial,DDX25,0.0130536765687808,0.0422682278626352
Epithelial,ZG16,0.0117836413190341,0.0410537442730506
Epithelial,TPPP2,0.00058596534996535,0.029957581743656
Epithelial,UNC79,0.0234413433310045,0.0529772619916963
Epithelial,LYPD6B,0.298039090554542,0.327611843550582
Epithelial,MAPK8,0.587142668136714,0.617087072763475
Epithelial,AJAP1,0.0283070796460177,0.0582864676285083
Epithelial,USP2,0.167344360902255,0.197333531673636
Epithelial,SEMA3E,0.153508108108108,0.18357798704412
Epithelial,USP27X,0.0674525195534698,0.0978280530592034
Epithelial,PCSK9,0.0402125000000001,0.0706170140341676
Epithelial,KLK15,0.00197505921120379,0.032451012768007
Epithelial,CATSPERE,0.0261266085512661,0.0567454226796905
Epithelial,LPAR3,0.0988236180904522,0.12954243372868
Epithelial,C1GALT1,0.782381683861186,0.813120606236289
Epithelial,IQUB,0.0438928208957375,0.0747234835570073
Epithelial,PPM1L,0.203689406383584,0.234537411075941
Epithelial,SLC6A20,0.0890879614249391,0.119936105010463
Epithelial,IFT140,0.203924586549063,0.234963755374084
Epithelial,DMRT2,0.0385639700212957,0.0696581805591784
Epithelial,EFCAB6,0.0575898980762766,0.0887012927144271
Epithelial,C2orf73,0.0169698997272983,0.0480894825180585
Epithelial,IQCE,0.396913720228244,0.428100561089794
Epithelial,IST1,1.36231902654867,1.39351427811371
Epithelial,PARD3,0.697524761904762,0.728850985788381
Epithelial,CLDN16,0.0870132124649068,0.11837338496137
Epithelial,FAM83B,0.101042105263158,0.132499169489895
Epithelial,SLC26A9,0.0496403325729969,0.0811183505557383
Epithelial,CYP2C18,0.0337644580623266,0.0652873759074721
Epithelial,CYP2C9,0.015724389060647,0.0473620321638916
Epithelial,B4GALNT3,0.165022601984565,0.196924579350043
Epithelial,SPRYD4,0.511858849557523,0.543847623088811
Epithelial,RNF25,0.304519783027772,0.336688782262543
Epithelial,ANKRD6,0.156912403156148,0.189167983178129
Epithelial,WIF1,0.026980815876516,0.0593343884574087
Epithelial,GOLGB1,2.25274208674645,2.28512521438821
Epithelial,ZNF385B,0.138858489216427,0.171259308491702
Epithelial,CA12,0.658445112781955,0.69084981481577
Epithelial,IK,1.9965061173816,2.02892395939702
Epithelial,DEUP1,0.017481256890849,0.0500826310170971
Epithelial,ANXA9,0.131712136626031,0.164374048407309
Epithelial,MEGF11,0.032032380952381,0.0647001514866878
Epithelial,PACSIN3,0.510113561190739,0.54292846871942
Epithelial,CYP24A1,0.0987181415929205,0.131589366296709
Epithelial,REPS2,0.315004424778761,0.348087033440189
Epithelial,RERE,1.30471138847413,1.33781907350707
Epithelial,TNNC2,0.138428289473684,0.171539101469874
Epithelial,ST6GALNAC2,0.247094530775719,0.280283594501169
Epithelial,MYSM1,0.499248421864814,0.532456981054061
Epithelial,ZNF552,0.29875284202567,0.332001274009661
Epithelial,PWWP3B,0.0328629547960309,0.0662193980908327
Epithelial,WNK1,1.65076549062845,1.68417274354334
Epithelial,CYP2B6,0.0566765975385184,0.0901617574270194
Epithelial,UPK2,0.0211728400586213,0.0547948270369226
Epithelial,EFNA5,0.526707432432433,0.560400934160155
Epithelial,ZNF507,0.331329665410207,0.365215458498038
Epithelial,SAXO2,0.0778092302630089,0.111696015907336
Epithelial,LCN15,0.00459793085468233,0.0386334460054661
Epithelial,TMTC2,0.362571999143824,0.396649912808324
Epithelial,SLMAP,0.855189181572995,0.889542201283851
Epithelial,CACNB4,0.104517293233083,0.138945469602738
Epithelial,DLEC1,0.0280590476190477,0.0626424772081789
Epithelial,RDH16,0.0144121621621622,0.0489984160598641
Epithelial,NQO1,1.3614851378955,1.39617003281327
Epithelial,SGK2,0.0466878378378378,0.0813943359317367
Epithelial,TTPA,0.0271467105263158,0.0618929275125134
Epithelial,SLC51B,0.0160800791573843,0.0508488721047956
Epithelial,ZNF487,0.220218448895297,0.255209322977222
Epithelial,RAB11FIP4,0.425515174853527,0.460609374227886
Epithelial,CFAP206,0.0238092105263158,0.0589188409727876
Epithelial,CHRDL2,0.0547481945911673,0.0898703542177869
Epithelial,TMEM238L,0.0377254197937675,0.0730539554120796
Epithelial,FCF1,0.499572862293029,0.535033228788739
Epithelial,LY6K,0.266878460705341,0.302364261756926
Epithelial,OXTR,0.0466739682172134,0.082168997734803
Epithelial,GJB4,0.0510486725663718,0.0866335795854948
Epithelial,FHIP1A,0.085590476190476,0.121176508603791
Epithelial,ADGRA1,0.00699022280894989,0.0427281481481481
Epithelial,IHH,0.0200867256637168,0.055900519658561
Epithelial,MORN1,0.155777291746779,0.191845706659592
Epithelial,SRF,0.50599203539823,0.54219989791698
Epithelial,DRC7,0.0214110403885351,0.0577028422807358
Epithelial,ATXN7L3,0.2838,0.320185283815292
Epithelial,NDRG2,1.39187407038663,1.42828743376816
Epithelial,KLK13,0.0132046086678424,0.0497221784522644
Epithelial,HSD17B13,0.084272292634642,0.120818439679575
Epithelial,CELSR1,0.369667867079429,0.406475044844828
Epithelial,IQCA1,0.228458654906285,0.265287267714351
Epithelial,KCTD3,0.751504867256637,0.788410953416102
Epithelial,WLS,1.04926667803906,1.08623558972214
Epithelial,ADSS1,0.184746616541354,0.221739737789124
Epithelial,CNGA1,0.0527688631968139,0.0897684088885885
Epithelial,WDR93,0.0356236216799728,0.0726373609355952
Epithelial,ZNF395,0.498098028977057,0.535267245058268
Epithelial,IQCH,0.067886842105263,0.105094364041611
Epithelial,PLEKHH1,0.152613009922823,0.190030259586925
Epithelial,KIF27,0.182684089954331,0.220221899723253
Epithelial,FRS2,0.396384761904762,0.433970212813399
Epithelial,SLC19A2,0.366115052479964,0.403800425242097
Epithelial,SLC52A1,0.0298066666666667,0.0675299134628142
Epithelial,SHOC1,0.0259165413533835,0.0636714333786193
Epithelial,ZMYM4,0.571549115928916,0.609364334233085
Epithelial,TNNC1,0.0631155535212991,0.101004934549707
Epithelial,GGTLC1,0.0104279369032794,0.0483836644952231
Epithelial,SETSIP,0.0226567401065191,0.0606851361942027
Epithelial,SPA17,0.339839047619048,0.378111716847044
Epithelial,ABCA13,0.0439485268296109,0.0822746058997152
Epithelial,C11orf54,0.784212824950147,0.822573439886049
Epithelial,ZFYVE9,0.225212162162162,0.26384394698667
Epithelial,UCHL3,1.19321538589693,1.23187032634664
Epithelial,AKT1,0.757866838698101,0.796628777822826
Epithelial,NPPC,0.0626324340779094,0.101419623669695
Epithelial,ABCC2,0.0338449684074006,0.0728221283732091
Epithelial,RAPGEFL1,0.186828318584071,0.225893130016847
Epithelial,SAMD15,0.05404166003529,0.0932713670728811
Epithelial,ANAPC15,1.05830824092174,1.09768375341777
Epithelial,DENND4C,0.621735840707966,0.661220488824757
Epithelial,C1orf87,0.00174887484197219,0.0413480100011382
Epithelial,RIMS1,0.032400205748845,0.0720243732642711
Epithelial,KDM4B,0.621795484268869,0.661506627891449
Epithelial,CKMT1A,0.260545093715546,0.30027596595672
Epithelial,SINHCAF,1.41156691729323,1.45147681699839
Epithelial,HSPA4L,0.36729779568377,0.407230442168413
Epithelial,CYP2C8,0.008999826233589,0.0490192708600449
Epithelial,EFCAB12,0.021129658213892,0.0611999833294466
Epithelial,STK32A,0.0232902255639098,0.0634860702726377
Epithelial,MCUR1,1.08396447368421,1.12422382898634
Epithelial,RPRM,0.0347014332965821,0.075015241633581
Epithelial,PPP1R1A,0.107649653414293,0.148023515456732
Epithelial,HOXA3,0.15966,0.200301694915765
Epithelial,TNRC6A,1.03290275633958,1.07372991895363
Epithelial,ERICH5,0.125255263157895,0.166275074993546
Epithelial,PCSK6,0.134817902340313,0.175871873526768
Epithelial,AXDND1,0.0256627342888644,0.0667173384319758
Epithelial,ERGIC1,1.36545575221239,1.40658845377659
Epithelial,HHAT,0.164639133176715,0.205889896252808
Epithelial,LGSN,0.0234795634920635,0.0648732489731848
Epithelial,GJB6,0.0211244824427668,0.0625474928823714
Epithelial,PADI1,0.0136056163714948,0.0552212113247663
Epithelial,CLDN9,0.0401722160970231,0.0818056808733883
Epithelial,ZDHHC3,1.01027219273164,1.0520652829851
Epithelial,FAM199X,0.486496621621622,0.528428482449203
Epithelial,TAGLN3,0.0229605263157895,0.0649012401274082
Epithelial,ACE2,0.0427256756756757,0.0847332942812909
Epithelial,OSGIN1,0.200424702623887,0.242456886019075
Epithelial,TMEM231,0.214348952590959,0.256434600597468
Epithelial,NR0B2,0.183544761904762,0.225668074621685
Epithelial,CELSR2,0.283632588413456,0.325876720493559
Epithelial,KIF1C,0.842598057729601,0.885118393059686
Epithelial,DNAAF3,0.0670672824964835,0.109725685379198
Epithelial,CLCF1,0.259158688084531,0.301884214203564
Epithelial,WWP2,0.470376991150442,0.513294121424595
Epithelial,C11orf65,0.0594019047619048,0.102448996709988
Epithelial,MNX1,0.0176924733565588,0.0609913264068779
Epithelial,SOX10,0.00153287671232877,0.0450534912220411
Epithelial,MUC21,0.00435486515811763,0.047939557733804
Epithelial,GLB1L2,0.177670101632779,0.22129838113207
Epithelial,CALY,0.0300047233632324,0.0736719832227764
Epithelial,RBM47,1.85013142227122,1.89390797790745
Epithelial,ANO9,0.28824350054901,0.332053563392796
Epithelial,CRISP3,0.0698562887645223,0.113801092089508
Epithelial,CCDC153,0.0915186328555679,0.135740630755446
Epithelial,AK7,0.0595765159867696,0.10380665814305
Epithelial,AMT,0.187956071406924,0.232190417494185
Epithelial,GON7,0.621223435924437,0.665484667939301
Epithelial,SLC2A12,0.131778289473684,0.176079638811506
Epithelial,DNTTIP1,0.988999117971334,1.03352653715448
Epithelial,ACSS2,0.441953097345132,0.486564321147534
Epithelial,TSNAXIP1,0.0460821454668868,0.0907739490981909
Epithelial,OTUD7A,0.0362699248120301,0.0809823703105529
Epithelial,ITGB8,1.04078318584071,1.08555943306248
Epithelial,SLC25A16,0.350381203007519,0.39517506936824
Epithelial,ANKFN1,0.0230523330940416,0.067943170575559
Epithelial,CALCA,0.00987995018679949,0.0549483027634169
Epithelial,NPHP1,0.283628459526726,0.328743265209773
Epithelial,ACSM1,0.053525489936528,0.0986503581478579
Epithelial,CAPS2,0.0787651537219028,0.123895691575176
Epithelial,CYP4V2,0.420721904761905,0.465874958599073
Epithelial,IFT88,0.483104761904762,0.528599651450586
Epithelial,PPP1R42,0.0202605479403949,0.0658834396680404
Epithelial,MYORG,0.131510590521978,0.177562742234297
Epithelial,CUEDC1,0.338410476190476,0.384505045685137
Epithelial,PIP,0.121211332503113,0.167407377527436
Epithelial,MTTP,0.0228543537908497,0.0693192186521231
Epithelial,KCNB1,0.0293300192130759,0.0758851397281558
Epithelial,CFAP53,0.10644802631579,0.153222466598843
Epithelial,NOXO1,0.09815,0.145184760736276
Epithelial,CEACAM1,0.467745781869664,0.514896831101788
Epithelial,EPHA7,0.0383243243243243,0.0857250051783845
Epithelial,FLACC1,0.0169530165454251,0.0645135519657379
Epithelial,KIAA0319L,0.877808880167293,0.925453085435905
Epithelial,MRAP2,0.074919612911357,0.122597943968211
Epithelial,CRB2,0.0229447988308347,0.0708668235126003
Epithelial,SEMA3C,0.726040952380953,0.774039031944216
Epithelial,KCND3,0.0975987600403243,0.146093544338772
Epithelial,GPC5,0.0128183099803343,0.0614726006882008
Epithelial,CHL1,0.238470672546858,0.287209788593177
Epithelial,ZDHHC2,0.447480374862183,0.496333983191586
Epithelial,ERFE,0.0292171052631579,0.0784013130290919
Epithelial,CIPC,0.362591909894284,0.411800863688974
Epithelial,PIK3C2G,0.04321254762349,0.0925312414865916
Epithelial,ODAD2,0.0180814773980154,0.0674024086589886
Epithelial,REEP6,0.424578420382043,0.47425498713873
Epithelial,MST1R,0.182413716814159,0.232112881686334
Epithelial,RNLS,0.200313600025727,0.250101361312714
Epithelial,USP40,0.429581954887218,0.479373150281291
Epithelial,SLC22A3,0.129681959569543,0.179832142036233
Epithelial,RDH12,0.0215914487339145,0.0718072740832213
Epithelial,CCK,0.014299446892539,0.0645167162733359
Epithelial,CSDE1,3.25974952380952,3.31025625957851
Epithelial,TNFRSF11B,0.303115486725663,0.353683554365753
Epithelial,TFAP2A,0.528338615476984,0.57899930497587
Epithelial,KIF12,0.230675238095238,0.281337122772025
Epithelial,USP18,0.316714258122928,0.367508898584725
Epithelial,CDHR2,0.0242433628318584,0.0752931104818545
Epithelial,ZSWIM1,0.106710804851158,0.157943919613355
Epithelial,DVL1,0.373663125362034,0.425002923039258
Epithelial,RSPH1,0.266557142857143,0.317942693243418
Epithelial,CISD3,1.50365380402273,1.55512884010431
Epithelial,HKDC1,0.119298394324795,0.171244769414009
Epithelial,ARHGEF11,0.199469172932331,0.251440402419318
Epithelial,FAM83A,0.163656637168142,0.215630678630616
Epithelial,C12orf54,0.0221470090812564,0.0743633849295609
Epithelial,DHRS2,0.0479361904761905,0.100355257173789
Epithelial,LEFTY1,0.0335406015037594,0.0861367174612406
Epithelial,HES2,0.181804923586861,0.234463455248317
Epithelial,NBEA,0.24137526808821,0.2942459012017
Epithelial,SMLR1,0.00305798769138924,0.0562349876124834
Epithelial,FGF9,0.0490404814144119,0.102377998264138
Epithelial,BBOX1,0.224581894842316,0.2779983984665
Epithelial,GPC4,0.325175192943771,0.378750139507725
Epithelial,GSS,0.968055110889542,1.02172106281663
Epithelial,FAM83G,0.170757772877619,0.224474827931682
Epithelial,KCNJ16,0.0958858891361533,0.149762463468762
Epithelial,KNDC1,0.0238092105263158,0.0777759523229652
Epithelial,SERPINA11,0.00964018264840182,0.0636094549101454
Epithelial,SPACA9,0.277661184210526,0.331706976495282
Epithelial,DNAH6,0.0661805812363219,0.120280560337063
Epithelial,GRHL3,0.044903007518797,0.0990323131799377
Epithelial,FAT2,0.0619040540540541,0.11604521941336
Epithelial,PTPRZ1,0.155405947189853,0.209693094410391
Epithelial,MAK,0.074868918918919,0.129196863567614
Epithelial,GGT1,0.27572030075188,0.330050646124588
Epithelial,PRXL2B,0.472374972436604,0.526883831261866
Epithelial,PCCA,0.552458849557521,0.607052498611762
Epithelial,ADRB1,0.0314259619246146,0.0860976531300041
Epithelial,TMBIM1,1.44604558581275,1.50081303072206
Epithelial,CFAP70,0.156503570992462,0.211438283931887
Epithelial,CRYBG2,0.0633905309130758,0.118516572360628
Epithelial,MUC6,0.0194661521499449,0.0747925809429221
Epithelial,CA8,0.154126728442872,0.209638490314875
Epithelial,BPTF,1.77377499467079,1.82928767357841
Epithelial,DOC2A,0.0624938973198482,0.118045139332242
Epithelial,CDKL2,0.0591493243243243,0.114727178836847
Epithelial,SNIP1,0.364339047619048,0.419928589672684
Epithelial,ITFG2,0.539254739821098,0.594899602167474
Epithelial,CYP4F3,0.166969911504425,0.222638213696549
Epithelial,GABRB3,0.0845405316436702,0.140237590135615
Epithelial,HYPK,0.471446107215323,0.5272255291542
Epithelial,AFM,0.00244736896303161,0.0583625665619927
Epithelial,SLCO1B3,0.0235742857142857,0.0795176781249396
Epithelial,VWA3B,0.0162181918412348,0.0722318493573439
Epithelial,RALGAPB,0.534548415231447,0.590569743982523
Epithelial,ROPN1B,0.0353729878721058,0.0914092426392261
Epithelial,AKAP1,0.797723702199593,0.854015286041068
Epithelial,MRPS25,1.22312697368421,1.27950853660277
Epithelial,ODAD4,0.0675111422881575,0.123978623187848
Epithelial,MAGEF1,1.09670264530862,1.15388881532352
Epithelial,DNAJB13,0.0591796052631579,0.116496860420093
Epithelial,USP25,0.462379770207648,0.519706469127148
Epithelial,TMEM79,0.23247371612384,0.290110801783168
Epithelial,S100A7,0.0262409523809524,0.0842105148145145
Epithelial,USF3,0.435379823594267,0.493437479886253
Epithelial,NOL4,0.0173087105259022,0.0754218013381289
Epithelial,LRRIQ1,0.221116447368421,0.279333820274775
Epithelial,HAO1,0.00175130522088353,0.0599808609385132
Epithelial,VSTM2L,0.222097368421053,0.280363409647972
Epithelial,TTLL10,0.042926067167587,0.101246053790312
Epithelial,PRPF4B,1.54850971776636,1.60748283850255
Epithelial,DRC3,0.215182732450337,0.274182971234836
Epithelial,RETREG3,0.682511842105263,0.741521724496657
Epithelial,PCYT2,0.624531757340392,0.683604743069517
Epithelial,EDEM3,0.774849009533624,0.83464083337365
Epithelial,OOEP,0.0191646982346834,0.0790621551513732
Epithelial,SERPINA3,0.0286310006435007,0.0888516941151601
Epithelial,SLC22A5,0.293906015037594,0.354237518511526
Epithelial,OGDHL,0.0830230263157893,0.143399475094878
Epithelial,WWP1,0.808970672546857,0.869847725932676
Epithelial,CAPNS2,0.0565548672566372,0.117913465391677
Epithelial,MDH1B,0.052247840969038,0.113732817067202
Epithelial,RAB3D,0.529763157894737,0.591549065014558
Epithelial,CAPN6,0.032920796460177,0.0947697228613862
Epithelial,DNAAF4,0.256712781954887,0.318643774543756
Epithelial,EPC2,0.383118756438727,0.445167451577016
Epithelial,SHMT1,0.57138862482603,0.633521201027346
Epithelial,UNC5CL,0.086732833089312,0.149042705292701
Epithelial,ATP10B,0.132459977949283,0.195161166269056
Epithelial,GRAMD2A,0.054683552631579,0.117471295590845
Epithelial,TGFA,0.248030243673539,0.310926197838156
Epithelial,RBFOX1,0.0121039544022736,0.0751125888792451
Epithelial,STOX1,0.0475380952380952,0.110704210552415
Epithelial,HECTD4,0.420398474025425,0.483650616526867
Epithelial,ASB11,0.0120897812623863,0.0758503769065783
Epithelial,DNAH7,0.113378169790518,0.177287226516502
Epithelial,MYEOV,0.16588947368421,0.230202649804592
Epithelial,HNF4G,0.0761919996439582,0.140564179815924
Epithelial,RTP4,0.304979605263158,0.369355432605829
Epithelial,GFPT1,1.13872702702703,1.20327908495505
Epithelial,CLEC18A,0.0258802121954744,0.0905142730974694
Epithelial,DNAAF11,0.175549428666497,0.240374743570517
Epithelial,BAIAP3,0.076672877425459,0.14201580766168
Epithelial,CDK13,0.748560000000001,0.813938967550792
Epithelial,LBP,0.0107299949639561,0.076168951807385
Epithelial,MORN5,0.0473770426102418,0.113104253863387
Epithelial,PXMP2,0.874036384754261,0.939893783182471
Epithelial,NOL3,0.794653947368421,0.860554284642203
Epithelial,GOLT1A,0.244516965282491,0.310547359808277
Epithelial,SEC14L2,0.275475663716814,0.341542733612233
Epithelial,SERHL2,0.116768571428572,0.183129600713759
Epithelial,C3orf33,0.18235,0.248990737746963
Epithelial,KIF22,1.07323383458647,1.13990426697211
Epithelial,NEK11,0.226802702702703,0.293589407470415
Epithelial,CEACAM7,0.0152095420597788,0.0820856036467242
Epithelial,ZNF493,0.444982301883939,0.511871808884565
Epithelial,DNAI4,0.143347739801544,0.21032362324362
Epithelial,KMT2B,0.372125714285714,0.439216026267506
Epithelial,PPP1R32,0.0425381578947368,0.109763265633839
Epithelial,RNF186,0.0329772303337345,0.100266329197051
Epithelial,TNS4,0.20896,0.276278495264231
Epithelial,PIFO,0.252356203140063,0.320634666475137
Epithelial,EPGN,0.00850792860107929,0.0768345209709467
Epithelial,DNAI1,0.0204434977039064,0.0891829015014848
Epithelial,SRARP,0.0524157894736844,0.121209282056453
Epithelial,SYT7,0.179450476190476,0.248351082436878
Epithelial,PLEKHA7,0.184101764057332,0.253418510973203
Epithelial,RALYL,0.0237532894736842,0.0935153039543776
Epithelial,PRSS1,0.0099394383409275,0.0800461975983524
Epithelial,VWA3A,0.00881338205496772,0.079077393425499
Epithelial,TRIM7,0.122159122307087,0.192633119852096
Epithelial,CASD1,0.407921204794905,0.478403433862013
Epithelial,CFAP46,0.0501480367072183,0.120969426886893
Epithelial,NTN1,0.0726975464245787,0.143606844485168
Epithelial,CCDC30,0.249563338045412,0.320663022116748
Epithelial,SERPINB11,0.0110904605263158,0.0825319939960128
Epithelial,PAX9,0.0842021527429011,0.155757088245228
Epithelial,SERPINA6,0.157566482534998,0.229649424371222
Epithelial,CADM2,0.0253953522163331,0.098034805775423
Epithelial,TEX9,0.300361184210526,0.373073687318057
Epithelial,FOXD1,0.0535353383458646,0.126254882393953
Epithelial,BNIPL,0.137465716416634,0.210221196754276
Epithelial,SPRR1B,0.0235742857142857,0.0968997237379135
Epithelial,TMPRSS11E,0.0474544247787612,0.121454237705253
Epithelial,C4orf47,0.0813911797133407,0.155432586174029
Epithelial,PWP2,0.120080789645979,0.194239116788621
Epithelial,PEBP4,0.0517764057331864,0.126055286336468
Epithelial,TNNT2,0.0438,0.11836006484295
Epithelial,MUCL1,0.0345763157894737,0.10980841842789
Epithelial,SLC13A3,0.066303947368421,0.141862680825912
Epithelial,PRODH,0.0491901315789474,0.12485937284816
Epithelial,DNAH12,0.0180011063702767,0.0936994774422653
Epithelial,MTMR3,0.391698095238095,0.467516385068287
Epithelial,TRIM15,0.0633449589421948,0.13950485797183
Epithelial,DNAI3,0.0188717748112633,0.0955704511121983
Epithelial,GPD1,0.0333458646616542,0.110323635903467
Epithelial,SPAG1,0.349274342105263,0.426464523629975
Epithelial,CHP2,0.0537894736842105,0.131612696101776
Epithelial,IRX2,0.286338345864662,0.364195456369042
Epithelial,DYNC2LI1,0.654545936561684,0.733441629659827
Epithelial,TP53AIP1,0.0539792705334383,0.132933566514638
Epithelial,CDH3,0.382608423974035,0.461663194983959
Epithelial,SH3RF2,0.134049321476196,0.213425638742989
Epithelial,KIF16B,0.444470796460177,0.524012085043149
Epithelial,MCU,0.365513023113666,0.445755031852491
Epithelial,MOK,0.370925968633662,0.45119417608393
Epithelial,CFAP73,0.0238092105263158,0.10455671084972
Epithelial,DTNB,0.341177949283352,0.422046671158325
Epithelial,DNAI7,0.0531604856360656,0.134370945077177
Epithelial,DIO1,0.0268315789473684,0.108487715046043
Epithelial,MUCL3,0.00341885336273429,0.085914287863431
Epithelial,SCAF8,0.461785714285714,0.544447598855174
Epithelial,DCDC1,0.0442889628599441,0.127225792437249
Epithelial,LY6D,0.227699736124941,0.310731176026641
Epithelial,SULT1C2,0.134462857142857,0.218127969119279
Epithelial,ZBBX,0.0118635169543937,0.0956498418690809
Epithelial,DPP6,0.0184880014412521,0.102428520421143
Epithelial,GATD3,0.593937500000001,0.678172020987352
Epithelial,GNMT,0.0422842105263158,0.126554032538099
Epithelial,MESP1,0.492939683066442,0.577327182172256
Epithelial,SNORC,0.170714884233738,0.255129110866385
Epithelial,SLC39A4,1.11111052631579,1.19583947370607
Epithelial,PCK1,0.104407432432432,0.189694351216237
Epithelial,KLK12,0.0515571428571429,0.137494813040389
Epithelial,DSG3,0.11491981305067,0.201152632781322
Epithelial,SPX,0.0211526047688637,0.107617494398096
Epithelial,ITPR3,0.529783552631579,0.616372534536787
Epithelial,NWD1,0.0659342857142858,0.1530051979349
Epithelial,TM7SF2,0.827430233327113,0.914815307473914
Epithelial,SLC28A2,0.0383691653490956,0.12583755574957
Epithelial,SPINK5,0.182351978489568,0.270324573372757
Epithelial,MACROH2A2,0.449056637168142,0.537606238775356
Epithelial,ENKUR,0.0576872180451128,0.146795892879282
Epithelial,NPNT,0.399087610619469,0.48839207995252
Epithelial,BPGM,0.741380290241271,0.83102809221782
Epithelial,SCUBE2,0.111379203539823,0.20175848349594
Epithelial,AGFG1,0.689641822430773,0.781368650439115
Epithelial,PAPOLA,2.48131519233902,2.57338349078393
Epithelial,RAB38,0.295279989900557,0.38796199708559
Epithelial,TEKT2,0.0311495238095238,0.123971231482695
Epithelial,SYCE1L,0.52785237045204,0.620837047156356
Epithelial,MLXIPL,0.152531606245214,0.247246547510807
Epithelial,SPINK4,0.014089908405496,0.108908082362526
Epithelial,FAM81B,0.0384460526315789,0.133411355011764
Epithelial,SPAG8,0.0466090093252332,0.141802994124532
Epithelial,LHX1,0.0255995571971294,0.120977359397496
Epithelial,CFAP43,0.0656765221225617,0.161152550080578
Epithelial,MAPK15,0.0540954629156588,0.149768699845984
Epithelial,MYRF,0.150605714285714,0.246302036050797
Epithelial,CHRNA7,0.0592233082706767,0.155301970172777
Epithelial,CKMT1B,0.227717089305403,0.323883722431447
Epithelial,C2orf72,0.054699558985667,0.151320073297015
Epithelial,GRIP1,0.0616623974767504,0.158660414645279
Epithelial,BNIP5,0.00363428659221801,0.101153860913252
Epithelial,SPATA17,0.106731890599534,0.20471399511508
Epithelial,CXCL5,0.0917437555417972,0.189967561728361
Epithelial,OLFM4,0.104553322813844,0.202782228772335
Epithelial,KLK5,0.0234041793439335,0.121745672312347
Epithelial,MIPEP,0.389498066322661,0.488308122339435
Epithelial,MYBPC1,0.0121524074115673,0.11118667652952
Epithelial,IGF2BP2,0.629393233082706,0.728477613492059
Epithelial,SLC39A5,0.0210605337642198,0.120327879287951
Epithelial,DAW1,0.0108282400002018,0.110153874867901
Epithelial,SMIM5,0.334492307395331,0.434388902418774
Epithelial,MNS1,0.27880302647773,0.378701971648154
Epithelial,LEAP2,0.184846710526316,0.284899937104502
Epithelial,ATG5,0.864428665931643,0.964656096436716
Epithelial,GJB5,0.100044690265487,0.200462943337183
Epithelial,PACRG,0.105967878180548,0.206579369617374
Epithelial,SLC17A4,0.00825331632653062,0.108944639180637
Epithelial,SLC38A3,0.0128312558799591,0.113741781724732
Epithelial,SLC47A2,0.0187902255912012,0.1198034448839
Epithelial,EGFR,0.764078289473685,0.86528913565319
Epithelial,CES3,0.0925734513274336,0.195067338480838
Epithelial,TRIM16,0.541032524807056,0.643958227249287
Epithelial,ARSL,0.213163216464291,0.316211963886417
Epithelial,ALDH3B2,0.151143243243243,0.254465869196879
Epithelial,ACMSD,0.0246679764874619,0.128379018894127
Epithelial,TRPM3,0.0333802631578948,0.138069515737787
Epithelial,POF1B,0.13785953693495,0.242721313267306
Epithelial,TMPRSS3,0.189394285714286,0.294407347428998
Epithelial,CCNG2,0.790320952380951,0.895749645293884
Epithelial,TINAG,0.0097718165577315,0.11543348843743
Epithelial,HOXB8,0.0376864864864865,0.143662229306228
Epithelial,A1CF,0.121916256347778,0.228019866396946
Epithelial,FABP1,0.241964576159729,0.348578414081465
Epithelial,CCDC146,0.286630319735391,0.393410242152263
Epithelial,HSD11B2,0.128570140371342,0.235551058721531
Epithelial,STAC2,0.0299499999999999,0.137069905881501
Epithelial,CHST6,0.0677755237045204,0.175241612036917
Epithelial,TRIM58,0.086928947368421,0.194514258052076
Epithelial,CES2,0.776543362831858,0.884145676562559
Epithelial,HRG,0.00169437240721127,0.109851421321582
Epithelial,TP63,0.131451140729739,0.239680353305235
Epithelial,F2RL1,0.323209292035398,0.431617456305464
Epithelial,PPP1R14D,0.0448765486725664,0.153375495152872
Epithelial,LEMD1,0.1891,0.297662711811868
Epithelial,ANGPTL3,0.0134422555836494,0.122559909081722
Epithelial,PTPRT,0.016270678009821,0.125628114414037
Epithelial,SCGB1D2,0.0731252212389381,0.182565315749346
Epithelial,CFAP65,0.0397679111021116,0.150267765798419
Epithelial,KLK10,0.282134210526316,0.392991909455733
Epithelial,SLC28A1,0.00710233226404466,0.118149282006508
Epithelial,RHCG,0.0406839469647115,0.153338514604949
Epithelial,GLYATL1,0.0550651315789474,0.167939777300537
Epithelial,CFAP45,0.0496302631578948,0.162577487939862
Epithelial,AKR1B10,0.201429697161574,0.314384392919792
Epithelial,FOXA3,0.0791980263157897,0.192185223490185
Epithelial,BEX2,1.1040892678275,1.21740811411935
Epithelial,CREB3L4,0.530262857142857,0.643781205236461
Epithelial,AHNAK2,0.504748026315789,0.618750572090363
Epithelial,GPR87,0.191075882904037,0.305081504877349
Epithelial,PLEK2,0.315519683861774,0.429986162339382
Epithelial,GJB1,0.391162978354075,0.505679990651604
Epithelial,CAPSL,0.0112021191424395,0.125751911811781
Epithelial,AADAC,0.035231652304819,0.14991934320733
Epithelial,ACY3,0.197322368421053,0.312114624175481
Epithelial,PKHD1,0.0228113507866273,0.13793465257641
Epithelial,ANXA13,0.0750814410122689,0.190536584093167
Epithelial,PNPO,0.393594597574421,0.509275316984025
Epithelial,AS3MT,0.00251086618262267,0.119162555007251
Epithelial,PYGB,0.925430444558462,1.04209029958949
Epithelial,LRP2,0.0756081081081081,0.19243439123208
Epithelial,CDH16,0.00645898721922003,0.123387654252451
Epithelial,FABP6,0.199655921052632,0.31916486394254
Epithelial,CFAP221,0.0544289473684211,0.173993945509795
Epithelial,TEKT1,0.0075208815391241,0.128264444618994
Epithelial,TFF1,0.34935,0.470199523543363
Epithelial,HPN,0.477293723057802,0.598385437467389
Epithelial,STK33,0.150141904761905,0.272401748559636
Epithelial,PLEKHA5,1.04840731388316,1.1710155782622
Epithelial,MT3,0.0714221497684423,0.194150808069999
Epithelial,SDCBP2,0.396035127891633,0.520309732432997
Epithelial,BCL2L15,0.160403619582556,0.285483395904799
Epithelial,GBF1,0.476806343867354,0.602746420266123
Epithelial,SPAG17,0.0758048511576626,0.202478322969641
Epithelial,DAPL1,0.316811152788918,0.443824944391229
Epithelial,TMPRSS11D,0.0081065013664304,0.13579183010137
Epithelial,PKP1,0.131435840707965,0.259248655341476
Epithelial,SLC2A2,0.0110803645350633,0.139101759397051
Epithelial,SOX15,0.16169203539823,0.290161901723367
Epithelial,PRUNE2,0.247522647473878,0.376042496848687
Epithelial,SMURF1,0.347903760518895,0.476587985701242
Epithelial,SERPINB13,0.0134927363393735,0.142562147566279
Epithelial,PLCXD2,0.131512030075188,0.260768842912538
Epithelial,ARMC3,0.0299940789473684,0.159630118087313
Epithelial,HYDIN,0.0826963894773152,0.21278113712129
Epithelial,CFAP157,0.0337072368421053,0.163806084752216
Epithelial,ZFP42,0.00425981031318191,0.134424782858452
Epithelial,SLC40A1,0.997905405405407,1.12949597675906
Epithelial,CAPN5,0.224460526315789,0.356178503079732
Epithelial,APOH,0.0870953840499819,0.219142375665297
Epithelial,BMPR1B,0.162271710526316,0.29476532913833
Epithelial,C6orf118,0.00707060103244838,0.139866344908987
Epithelial,MACROD2,0.19860594250241,0.331529688913734
Epithelial,AGXT2,0.00129681764815755,0.134262320930244
Epithelial,SERPINA4,0.0119204865500773,0.147801967921558
Epithelial,IL20RB,0.0723889748336136,0.209038053291466
Epithelial,APOB,0.00551612357774968,0.142684529336757
Epithelial,P3H2,0.35187301347074,0.489192728469827
Epithelial,GDA,0.0676269736842106,0.205160101777776
Epithelial,AGXT,0.00406125012872001,0.142169985448135
Epithelial,NECTIN1,0.287695267745953,0.429179356463568
Epithelial,ARL14,0.0957674555567736,0.237500870342253
Epithelial,RNF103,0.529928492254272,0.672462340085056
Epithelial,ANXA10,0.0102256560511423,0.153095241958921
Epithelial,MGAT4B,0.674142105263158,0.818991203353004
Epithelial,FGFBP1,0.175988098489951,0.320921702888479
Epithelial,TMEM238,0.276300272279276,0.422542247451275
Epithelial,PAX2,0.0179299632882159,0.165402346603595
Epithelial,ZMYND10,0.0704195105270114,0.218858536668663
Epithelial,PAH,0.0158856836953058,0.16440637378022
Epithelial,UGT2A3,0.00547676586132509,0.154053171151288
Epithelial,NFIX,0.899025754893776,1.04863063326391
Epithelial,PCP4,0.101193333333333,0.251313905338482
Epithelial,GBP6,0.0233146189204082,0.174686729344309
Epithelial,ITIH2,0.0101503735517725,0.161757364778919
Epithelial,LGALS7,0.067424336283186,0.219402606805991
Epithelial,ARHGAP21,0.699667285008211,0.853215410879484
Epithelial,DKK1,0.0809843418101751,0.234899009164794
Epithelial,CLRN3,0.00921485491277183,0.165159944662448
Epithelial,SLC39A6,1.23047699115044,1.38787012125052
Epithelial,TRIM54,0.0427273551812177,0.200688852002317
Epithelial,NPY,0.00363883831998876,0.163156025024409
Epithelial,TFAP2C,0.169680530973451,0.330147545144559
Epithelial,TM4SF5,0.0959105682921992,0.258216228278198
Epithelial,TRIM31,0.0507747519294377,0.213405556737542
Epithelial,TFAP2B,0.0121243362831858,0.175090533607213
Epithelial,FGL1,0.0104763101220388,0.173733788111272
Epithelial,EPPIN,0.00344685777287762,0.16802962962963
Epithelial,FERMT1,0.398223026315789,0.563209707958012
Epithelial,LGALS7B,0.128963280173587,0.296081898383669
Epithelial,UGT2B7,0.216327819548872,0.386360109162511
Epithelial,SPRR3,0.0322325395943053,0.202883465497459
Epithelial,S100A2,1.15164141048672,1.32441533105176
Epithelial,APOM,0.165573603329985,0.338584993463969
Epithelial,C4BPA,0.0786308270676692,0.251823081178067
Epithelial,MUC3A,0.0763889380530973,0.249745523821275
Epithelial,LYPD3,0.297619566980847,0.473200015829552
Epithelial,CFAP126,0.0319069459757442,0.208013266444903
Epithelial,CDHR5,0.0229445538809475,0.201194971238523
Epithelial,C9orf24,0.0998947368421052,0.279842632289699
Epithelial,CEACAM5,0.407413544842808,0.591312446923697
Epithelial,TTR,0.0222134080531341,0.206332165821207
Epithelial,ADH7,0.00163582399335824,0.189960999387045
Epithelial,NEK5,0.103645846247472,0.292158788332366
Epithelial,SPINK1,0.674583628318584,0.863583535239874
Epithelial,RETREG1,0.602420713989207,0.79262776449712
Epithelial,NKX3-1,0.129453683288341,0.320647294219849
Epithelial,AHCYL2,0.208169680264609,0.399665357977724
Epithelial,EPS8L3,0.0277917293233083,0.224219450303895
Epithelial,PDE4C,0.242155237045204,0.442443673792396
Epithelial,DDC,0.145364905125812,0.348379777737513
Epithelial,VIL1,0.0603305817974982,0.263896935224575
Epithelial,ASPDH,0.00328513628690587,0.209453205070221
Epithelial,KLK8,0.0578894736842106,0.264519779173881
Epithelial,KRT6B,0.128938053097345,0.341074176657262
Epithelial,COL17A1,0.1932710817476,0.406482399994209
Epithelial,GPX2,0.852002631578947,1.06659587947934
Epithelial,MET,0.565876190476191,0.780624787694518
Epithelial,GJB3,0.177221585720216,0.393631926573808
Epithelial,SFTPA2,0.015889525909592,0.232870406233689
Epithelial,DSC3,0.0865628571428572,0.304697068160233
Epithelial,MIA,0.0832773735537625,0.305021388808159
Epithelial,KRT17,1.12566079894377,1.34754574430841
Epithelial,FOXA2,0.0246592105263158,0.24656612443592
Epithelial,LRRC26,0.384310246910161,0.606299667728221
Epithelial,CLCA2,0.0430417212351818,0.266058901164084
Epithelial,HPD,0.0271467105263158,0.250405937398346
Epithelial,TRPM4,0.480986692146685,0.705508926575167
Epithelial,HNF4A,0.0340117478914032,0.259726427993698
Epithelial,AQP4,0.00977646895631409,0.240121203511493
Epithelial,C4BPB,0.0337162162162162,0.266606222375615
Epithelial,APOA2,0.0332882161236038,0.267485867367066
Epithelial,ALDH3A1,0.256286666666667,0.493207119359979
Epithelial,PPP1R1B,0.302525,0.54115543272204
Epithelial,IQCG,0.351694594594595,0.592738374357333
Epithelial,MUC13,0.0382951332101183,0.282404334525341
Epithelial,KLK6,0.0971288061865816,0.354197925960334
Epithelial,MAB21L3,0.0343353982300885,0.294124026951755
Epithelial,TF,0.197266420916078,0.459595544407319
Epithelial,LAD1,0.761344333349622,1.0269419892621
Epithelial,FGB,0.0231694811540635,0.297154499147855
Epithelial,TFF2,0.045272972972973,0.326062833042692
Epithelial,USH1C,0.0606710676845291,0.356025566646049
Epithelial,AMBP,0.0491629267785225,0.347746271411296
Epithelial,FGG,0.0155640960177902,0.316263910833342
Epithelial,NAT8,0.00333771737603596,0.304098043385438
Epithelial,GC,0.00502386111689038,0.308182025624391
Epithelial,KRT16,0.157189746782897,0.462365490527871
Epithelial,S100A1,0.142743362831858,0.481718837633392
Epithelial,CALML5,0.0215830665457173,0.37118359347012
Epithelial,CTSE,0.0480590782377207,0.404615145897013
Epithelial,MIOX,0.0215242249459265,0.381181472383122
Epithelial,KRT15,0.418615163906274,0.812343082473904
Epithelial,ALDOB,0.00903290143571271,0.412467343200987
Epithelial,PHGR1,0.122159292035398,0.530739191306425
Epithelial,CYP3A5,0.380047368421053,0.79393843549324
Epithelial,SFTA2,0.06352,0.495996521259699
Epithelial,MSMB,0.206715461616661,0.660536779469218
Epithelial,ALB,0.0473283682731279,0.537701816950707
Epithelial,KRT5,0.402397787610618,0.904784259163162
Epithelial,TM4SF4,0.0163168918918919,0.532352350629744
Epithelial,KRT6A,0.159159734513274,0.675327716937126
Epithelial,SOX2,0.0869345786485905,0.617434634212096
Epithelial,CALML3,0.122017048570851,0.720702244820881
Epithelial,KRT14,0.0362183073389193,0.647498711900133
Epithelial,KLK3,0.00621744907992696,0.725464371576656
Mast,TPSB2,11.7088048618464,0.186409917799062
Mast,TPSAB1,11.4985458909463,0.171665644612836
Mast,CPA3,8.52203600870456,0.118145111682699
Mast,MS4A2,6.58782648148148,0.0860832045489636
Mast,HPGDS,6.6202145588749,0.372395979881246
Mast,VWA5A,6.02410267799642,0.497791840641137
Mast,LTC4S,5.93188177489178,0.704194315567408
Mast,SLC18A2,5.32053157117302,0.131913866858203
Mast,KIT,5.25252524548623,0.239692563103544
Mast,HPGD,5.4411575169835,0.599588280514413
Mast,HDC,4.51211493506494,0.0472565531665414
Mast,GATA2,5.40422049693137,0.946249547863452
Mast,RGS13,4.6838743939394,0.275731642264502
Mast,RHEX,5.04232000724082,0.787011169717025
Mast,IL1RL1,4.23044113103655,0.133307781625447
Mast,SAMSN1,6.08596717672615,2.69810688054848
Mast,ALOX5AP,6.46444592542068,3.22217472161049
Mast,MAOB,3.77602399382851,0.539978762437398
Mast,ANXA1,7.24018968946541,4.40482375326857
Mast,CLU,6.6722892049375,3.90493901096631
Mast,RGS1,7.34218524595554,4.71324013490956
Mast,PTGS1,3.3482366727015,0.848971480597022
Mast,CD69,6.93546338059222,4.60016675066357
Mast,SLC45A3,2.63858034843206,0.303933289903259
Mast,SOCS1,3.74863216564669,1.4244494055156
Mast,CD82,3.8402006940966,1.55370075462147
Mast,AREG,5.26257646767961,2.99627926088724
Mast,NFKBIA,7.42369582731903,5.17411740239927
Mast,GRAP2,3.0981105780589,1.02238725094538
Mast,CAPG,6.34984040659341,4.28944060185957
Mast,NFKBIZ,4.48826160648148,2.42814381925403
Mast,BTK,3.32805172331155,1.31304412901165
Mast,GCSAML,2.0559431443412,0.055283940460349
Mast,ACSL4,3.02356389485706,1.11957538556597
Mast,PPP1R15A,5.88351305092593,4.01987767705436
Mast,SMYD3,2.97222615081453,1.1117726656438
Mast,FOSB,5.85819921597869,4.04167178464191
Mast,KRT1,1.84442498685649,0.0391716922892162
Mast,CALB2,1.97893410193346,0.18560688278843
Mast,CTSG,1.89373224977576,0.106129904252833
Mast,RGS2,5.95731895632878,4.17240025002051
Mast,ADCYAP1,1.89949509803922,0.122378336570803
Mast,ALOX5,3.70873104933456,1.93390603096114
Mast,CTNNBL1,2.89729460139966,1.18133342365363
Mast,NSMCE1,3.3933685483871,1.67835529876068
Mast,GMPR,2.12041472630719,0.410030588130103
Mast,CKLF,4.49321288041767,2.78878651132345
Mast,CD44,5.89130479716574,4.23410163157656
Mast,S100A4,7.59866551480922,5.94799689141953
Mast,FOXP1,4.41827954824815,2.8002696529352
Mast,TESPA1,2.42916619444445,0.813178713299813
Mast,MSRA,2.52807181219298,0.920021323318892
Mast,MLPH,2.9364343308055,1.33226661266422
Mast,CNRIP1,2.77568890335515,1.18733855986505
Mast,NTRK1,1.63158837500469,0.0832198953234713
Mast,ARHGEF6,2.40362234022682,0.862517166029878
Mast,FXYD5,5.76476951057728,4.24923767978585
Mast,GALC,2.25941993260369,0.76899349682875
Mast,TPSD1,1.51975849435117,0.0353662813195241
Mast,RENBP,2.54897996084782,1.06472966253658
Mast,LIF,1.91472350120303,0.452264221876988
Mast,CSF1,2.28753957902518,0.832954233538485
Mast,TDRD3,1.9124713072951,0.471254740467392
Mast,SVOPL,1.5017245954411,0.0766304482975039
Mast,BHLHE40,3.52086797720798,2.11169368477291
Mast,CATSPER1,1.7281039709206,0.349748228013656
Mast,LAT2,3.2961379321397,1.91894107262392
Mast,CDK15,1.40781444444445,0.0378312883161185
Mast,RAB27B,1.95565908846488,0.606851001739203
Mast,MBOAT7,2.3693342421915,1.06790723298794
Mast,PLIN2,4.3592540683622,3.05849610986824
Mast,ARMH1,1.81542389523212,0.516616528547348
Mast,HS3ST1,1.91182141341992,0.613207093766617
Mast,LEO1,2.01742341614512,0.722658938031046
Mast,SLC26A2,1.99269605271703,0.71124786047362
Mast,BEX4,2.73963306143737,1.48830475081831
Mast,CTTNBP2,1.53175355635618,0.291652612675192
Mast,ARHGAP18,3.29640173075492,2.06725422414428
Mast,CLIC1,6.40531774194023,5.20597460972601
Mast,CD9,6.21329128106637,5.02165538196645
Mast,ATP6V0A2,1.8319441712963,0.640607872215978
Mast,STX3,2.07741636156084,0.938269054661656
Mast,RPS17,7.41388064398202,6.30483944355853
Mast,ACOT7,2.09556229129814,0.997785315784765
Mast,MAML1,1.68066370109166,0.585215958433162
Mast,IDS,3.54434140247909,2.47101682892969
Mast,RPL36AL,6.68250477604065,5.6137925672466
Mast,LYL1,1.92652604225651,0.860964198612305
Mast,JUNB,7.08037499032134,6.01798489714423
Mast,ADRB2,2.0543083691849,0.993252919128777
Mast,RPS26,7.20855583583178,6.14991938422438
Mast,SRGN,8.48715245098039,7.43579634054687
Mast,GLUL,6.00645135648148,4.95607680312004
Mast,AHR,2.51852920069745,1.47275328945118
Mast,TMEM233,1.66671929007216,0.62291539390003
Mast,LMO4,3.27535633079579,2.23984778302389
Mast,TSC22D3,6.29283323184223,5.26142626690529
Mast,PLGRKT,2.12328858443152,1.1138158530948
Mast,KCNH2,1.16874931573803,0.182261462731241
Mast,SEPTIN2,4.02998630612045,3.04889724779387
Mast,PRDX6,4.62547606051675,3.64681923042238
Mast,FCER1A,2.30275095657032,1.34251793093387
Mast,RHBDD2,2.63953441742804,1.6806646177331
Mast,MITF,1.76481261258474,0.81775046429747
Mast,DUSP10,2.04416281660937,1.09920921523298
Mast,TESC,1.6807172005937,0.737441697591082
Mast,RPL34,9.2197040357492,8.28782050893841
Mast,EMP3,5.11342700512422,4.19078076018802
Mast,CTSD,6.377193175452,5.45549605732848
Mast,DHRS9,1.42397894788512,0.506125662437062
Mast,OSBPL8,2.75656742889788,1.83963290659046
Mast,RPL21,8.72685387445888,7.81199395145337
Mast,LAT,3.40608276290194,2.50169776442608
Mast,HSD17B12,2.51894389579176,1.61941478403573
Mast,STXBP6,1.53686388888889,0.638467601531372
Mast,NR4A1,4.00170320622143,3.11090871149877
Mast,BACE2,2.6017893728223,1.71591083583347
Mast,C4orf48,3.36597776961226,2.48101561611518
Mast,BIRC3,3.71817108853212,2.83511348051405
Mast,GALNT6,1.30430379469988,0.460068314210976
Mast,ZFP36,6.45052498526521,5.6066637916701
Mast,SLC2A3,3.67976957091746,2.83617188868599
Mast,SIGLEC6,0.881661919166403,0.0538264086695072
Mast,PTGS2,1.88011408573834,1.06680413127572
Mast,GATA1,0.82231743576305,0.0179937786651291
Mast,LAPTM4A,6.39749727855511,5.60075513110748
Mast,ALDH1A1,2.47888417592593,1.68763335517328
Mast,RHOH,3.43566373801441,2.647415076487
Mast,RPL37A,8.38788679412903,7.59966531560857
Mast,PLK3,2.06430707288184,1.28025143780157
Mast,PRNP,2.84240523628806,2.06105345078312
Mast,ABCC4,1.21081741060026,0.434284845001849
Mast,RPL22,7.18585581885871,6.40933232758106
Mast,RPL32,8.96209876568553,8.19443701070844
Mast,PIK3R6,0.994891335633357,0.227431716227368
Mast,PTMA,8.95773197883464,8.20143062838692
Mast,TPSG1,0.863098469155844,0.112649923290424
Mast,RAB32,2.38476948935595,1.64544677994098
Mast,RPL24,7.51093280021686,6.77275209205241
Mast,SKIL,2.47354897456855,1.73546728936619
Mast,TMEM154,1.90604646296297,1.17542912881867
Mast,ENPP3,0.884533754110271,0.178238121775021
Mast,RPL26,8.56935983743925,7.86848164601635
Mast,COX17,3.51762986173467,2.82993373833539
Mast,SIGLEC8,0.962492401933236,0.27817786581705
Mast,H3-3B,8.03700226348604,7.35614865503341
Mast,HS6ST1,1.09435260356176,0.414055917133583
Mast,RPL7,8.06843637254902,7.39031642191569
Mast,BBLN,3.56162907953378,2.90007413132291
Mast,NDST2,0.900742249729835,0.255036777028685
Mast,RAC2,5.68082243794823,5.036346982404
Mast,ST3GAL4,1.62130273190236,0.985169252697783
Mast,KLRG1,1.67648077165134,1.04266980900033
Mast,ATP6V1F,5.09839603547615,4.46744386945578
Mast,VIM,8.55892348562491,7.93070480464391
Mast,RPS6KA5,1.25866202659701,0.634558949850684
Mast,SH3BGRL3,6.98617176470588,6.36269852198627
Mast,LMNA,5.85522567353852,5.23408167358513
Mast,TMEM220,1.07955526489771,0.459350679114376
Mast,RPL23,7.34996985017269,6.73093849720506
Mast,PHF20,2.25354624183007,1.65107601429112
Mast,NMT2,1.42409914639639,0.82531064558876
Mast,UBA7,1.20302567408843,0.605406175651533
Mast,NFE2L3,1.10387452636969,0.509107513650548
Mast,DRAP1,3.86639615053569,3.27945625376811
Mast,BMP2K,1.80692855743396,1.2217162757085
Mast,RPL12,8.3032290600366,7.71816264741846
Mast,ALS2,0.933611729230396,0.352328351386227
Mast,CLNK,0.842356976446492,0.265558279306132
Mast,RPL10,9.56664795733728,8.99066849282197
Mast,AMHR2,0.597136023680924,0.0257851042915388
Mast,KDM6B,2.42298757811696,1.85933061495398
Mast,ITGA2B,0.623148137254902,0.0668422105209971
Mast,DYNLT5,0.807333163192917,0.251754295956837
Mast,CADPS,0.796988015151516,0.241659702555399
Mast,RPL38,7.41383914161855,6.86175261681387
Mast,ESYT1,1.57924775910364,1.03441148513357
Mast,DUSP6,3.26673805092593,2.72410049330334
Mast,NBEAL1,3.33468735750839,2.79351882253288
Mast,SMIM1,1.07352590522266,0.533417686551987
Mast,RPL35A,8.27411524958042,7.73903502676568
Mast,SLC44A1,2.01716301708533,1.4821783680221
Mast,TMEM273,1.34165064641444,0.808134058279913
Mast,TSEN54,1.89095616883117,1.3576762782794
Mast,CD33,1.84541480959574,1.3128958582979
Mast,TOMM7,5.70067429475466,5.1691571268848
Mast,ARL6IP4,4.06038278790657,3.53185547633169
Mast,CD63,7.62195651703149,7.10109269448289
Mast,RPL14,7.86932619181806,7.35087653924861
Mast,RPL11,8.83517643381981,8.31741412127727
Mast,TNIK,1.23973347655355,0.72870723532646
Mast,PBX1,1.86045111111111,1.35051520883457
Mast,PRKX,1.71419117808951,1.20981205738461
Mast,DDAH2,2.80418818359115,2.30486011373658
Mast,FER,1.02190385056909,0.523378231143319
Mast,PFDN5,6.64911909407666,6.15285848018193
Mast,TTI1,0.915588087916058,0.42048312097293
Mast,LPCAT2,1.92659471606825,1.43437364513015
Mast,UBB,7.29460785907859,6.81166300058582
Mast,RPL29,7.68970648775464,7.21148598846059
Mast,ELF1,3.42688832752614,2.95097742354598
Mast,RPL39,8.40190317528663,7.93388927056831
Mast,RPL36,7.74759687261876,7.28129650880675
Mast,MAPRE1,2.37558870967742,1.91415538649675
Mast,EDEM2,1.61993978373016,1.16036033097101
Mast,INKA1,0.914083854646942,0.455700829272965
Mast,PAQR5,0.662021516848413,0.205980507473793
Mast,NDEL1,1.24978331797235,0.794991003608614
Mast,SLC24A3,0.613543521947587,0.162788581939325
Mast,FOS,6.66394735890876,6.21610172989268
Mast,ID2,5.7231267497851,5.27755324751938
Mast,QPCT,1.21029635883096,0.767613043734376
Mast,CIRBP,5.22288627571744,4.78066444893024
Mast,P2RY14,1.38786834648036,0.946098013356288
Mast,GPR65,2.97692989923748,2.53520785170929
Mast,RGS10,4.10679038448449,3.66782172866304
Mast,DTNBP1,1.36960117211329,0.930743529147909
Mast,TENT5A,2.13871241405653,1.7005683035053
Mast,NOP53,4.90189384513162,4.46760921478775
Mast,UTS2,0.809089844913429,0.378454222037452
Mast,DDIT4,4.64123575248282,4.21163928995636
Mast,FAM110A,1.08960378227371,0.661491136057362
Mast,GPR35,0.816995747789734,0.391938476349937
Mast,RASGRP4,0.812964151167197,0.387988944358573
Mast,RPL31,7.82011794372295,7.39983696318627
Mast,NDUFA4,5.65690612726809,5.23793068522048
Mast,RSAD2,0.859886187470092,0.441868564694449
Mast,MYB,0.787810967592593,0.370705832029493
Mast,SPNS1,1.50581640868749,1.08952855080077
Mast,NDFIP2,1.79137337741853,1.37577976966196
Mast,IL18R1,0.928537232233631,0.515869644665178
Mast,RBM8A,3.53149139211274,3.122122675401
Mast,RPS27A,8.90740127857595,8.49893149665621
Mast,BST2,4.31621017530425,3.90778431679058
Mast,MACIR,0.825510898617512,0.42056908252438
Mast,RAB44,0.428627555555556,0.0264463075502523
Mast,TMOD1,0.810577799448692,0.410686752105021
Mast,RAB37,1.33567387464388,0.949598356855076
Mast,TRAPPC2B,1.20322630022269,0.820967037858388
Mast,SEC11A,3.88141101841411,3.50125403977593
Mast,NUDT14,1.93241384212525,1.55337019874927
Mast,FAU,8.02177863883544,7.64535025071858
Mast,ALAS1,1.11260137390706,0.742729440833383
Mast,EIF5,3.49580384792627,3.12714610884582
Mast,C21orf91,1.04507513189771,0.678397707272271
Mast,P2RX1,1.56685274891775,1.20228317028986
Mast,SLC4A2,1.04947759940087,0.685832411065485
Mast,ARHGDIB,6.66610428300352,6.30424159092015
Mast,IRS2,1.57352095870607,1.21313666432453
Mast,SELENOK,4.84781689351852,4.48897667264786
Mast,RPS23,8.4652720209102,8.10972702979957
Mast,INTS6,1.76662365673543,1.41535886645957
Mast,UQCRB,5.50650846905489,5.1553679588777
Mast,ABCB8,0.808587675108933,0.458242827413714
Mast,CRBN,1.89660817281121,1.55423808781722
Mast,SQSTM1,4.52802353379428,4.1878222902982
Mast,FTH1,10.1550892116122,9.81604432014794
Mast,ARHGAP25,1.57834095238096,1.24119423120754
Mast,RPL9,8.01267208094231,7.67699470420673
Mast,CALM3,3.17097716520354,2.83612864585029
Mast,RPL30,8.43436384203247,8.10118612292633
Mast,AHNAK,3.41192015567848,3.08229576633082
Mast,RPL35,7.70820721096901,7.37929836538144
Mast,RHOBTB3,2.04335427232785,1.71770987432948
Mast,GBE1,1.06839880315763,0.742777558724784
Mast,VWC2,0.362349240481387,0.0370011031025683
Mast,TTC39B,0.728288612197791,0.406820988220077
Mast,SEC22C,1.19053044955673,0.87109702259087
Mast,CCNI,5.39052903177162,5.07257729386578
Mast,TNFAIP8,2.21687847655192,1.89950516236921
Mast,IFITM10,0.582226666666666,0.266497985456371
Mast,ACTR3,4.00024516092607,3.68684691275782
Mast,YAF2,1.41747133798228,1.10754149258387
Mast,CMA1,0.312571769200704,0.00402300043162126
Mast,ACER3,1.47718716080668,1.17121175865014
Mast,DNAJA1,4.20428519642507,3.89920878298376
Mast,GABPB1,1.39712664094547,1.09704079313444
Mast,SYAP1,2.29595261437909,1.99713604129094
Mast,RASSF5,2.27929926742919,1.98088743298663
Mast,RPS18,9.04570021236401,8.75072322546772
Mast,ADGRE2,1.50308620980696,1.21183947900181
Mast,COMMD6,5.08208070176335,4.79132421563454
Mast,FHL3,1.37268716689742,1.08303349615344
Mast,STK32C,0.644565736319875,0.3557853438223
Mast,RPS24,8.17833805467447,7.89041056750491
Mast,GNPTAB,1.9331047355084,1.64608279760623
Mast,PRKAR1A,3.16858352547453,2.88189960203238
Mast,OST4,5.33902718827235,5.05471278495439
Mast,COL9A2,0.654508013545044,0.372760586731191
Mast,FDX1,1.74930608840505,1.47057831540887
Mast,POLR1F,1.35254886681946,1.07415339293722
Mast,SERP2,0.533409398915261,0.257024269509128
Mast,LAPTM5,6.37339901069633,6.09737325284114
Mast,KLF6,5.30287757407408,5.02879331528009
Mast,FAM104B,1.05142064283941,0.778760066074181
Mast,ZNF48,0.507795852534562,0.235625896493212
Mast,ZBTB48,0.656628794380588,0.384635342908138
Mast,KIAA1549,0.578420205834592,0.309059563418526
Mast,SDCBP,4.85080672533553,4.58330846669728
Mast,CHN2,0.806648292043026,0.547849012504148
Mast,RFESD,0.360422530189259,0.105421437883324
Mast,CNIH1,2.31676469444445,2.06181485930586
Mast,TRA2B,3.23946467467624,2.9848571987931
Mast,PAG1,1.58330721402578,1.33042300027762
Mast,ASRGL1,1.12441426711858,0.87163334759328
Mast,EEF1A1,9.70922468802516,9.46325800889163
Mast,RPS13,7.81946546840959,7.57737253678946
Mast,JUN,5.79194022325853,5.55048155939574
Mast,CIAO2B,3.02700564859602,2.7859491843389
Mast,EFHC2,0.412099899359899,0.171317702196185
Mast,BABAM2,1.1814982959848,0.944264093618193
Mast,RPL15,8.13736111111112,7.90163901409468
Mast,SMIM3,1.86220550530061,1.63001978597432
Mast,STXBP5,0.622533446851874,0.391198279942321
Mast,AP2M1,3.94565355092593,3.71496372760986
Mast,RPL7A,7.55215239529805,7.32165583918422
Mast,AKAP13,3.40743153594771,3.17820556406537
Mast,GPD1L,0.592772632897604,0.365104459726572
Mast,ABHD17B,0.673949539579036,0.447105253521145
Mast,CCDC115,1.41133708749744,1.18507524786438
Mast,RGS17,0.479511185543478,0.255237521358473
Mast,TAL1,0.682252633477634,0.460615210032954
Mast,SLC11A2,1.05145820161787,0.837604444825917
Mast,ST3GAL3,0.51234713425926,0.299146776267059
Mast,ABRACL,2.90126717959742,2.68982468337534
Mast,ELOVL5,1.74275197585019,1.53184470547148
Mast,CRLF2,0.420989121047722,0.211502420322295
Mast,RPS15,8.24260998507666,8.03490300087841
Mast,ZNRF1,0.875440555555556,0.668317943879337
Mast,RPS4X,8.44501277426278,8.23817149217631
Mast,RPL18,7.63939158390629,7.4337995398775
Mast,PEBP1,4.71100290572618,4.50562605300992
Mast,HYAL3,0.330759612674362,0.12541314577508
Mast,ATP1A4,0.250154939863305,0.050929550985563
Mast,RTF2,2.31096953187389,2.11178097487987
Mast,HNRNPA2B1,5.44630116487456,5.24732743410535
Mast,BEGAIN,0.242437316300717,0.0468997792007888
Mast,AGPS,0.859003967916907,0.664189572737926
Mast,IL9R,0.299035226246621,0.105818844647769
Mast,DENND1B,1.05632200462963,0.863579500123157
Mast,CSRNP1,1.81649408095647,1.62653705582124
Mast,HMGN1,4.56194833333334,4.37217552158908
Mast,FAIM2,0.419123117866154,0.229512645745302
Mast,ZC3H12A,1.34883594425099,1.15986965121787
Mast,RPL5,7.45754828050255,7.27058014455197
Mast,EDARADD,0.460264213779957,0.273465140810761
Mast,FAM24B,0.366677741702742,0.181492951150509
Mast,TMEM176B,3.49834675883344,3.31768785085128
Mast,HAX1,2.42717393636143,2.24661845247759
Mast,TRIR,4.13865398849988,3.96142662647097
Mast,PLEKHF2,1.29220326797386,1.1157148318668
Mast,PRPSAP2,1.04456988769415,0.869105456908034
Mast,CD200R1,0.458399605673397,0.284259108171186
Mast,PDE4A,0.875934524822441,0.702843013370159
Mast,ASIC3,0.216519794857467,0.0447457875392454
Mast,BLVRA,2.04955420331958,1.87779703932807
Mast,PADI4,0.441174865900383,0.269625395230589
Mast,ZBTB32,0.432036203829509,0.261253488321602
Mast,CLCN3,1.17075421849447,1.00051375167081
Mast,GFI1B,0.205267243852782,0.0351997159640322
Mast,PROCR,1.56781231476592,1.40189431139356
Mast,PHTF1,0.678140706338198,0.512428240413816
Mast,SLC9A1,0.578511062777674,0.413968532144145
Mast,PPM1H,0.480316598346656,0.316389440779196
Mast,CKS2,2.04905828589599,1.88521023885865
Mast,COX7C,6.17245589397492,6.0097120389574
Mast,CD84,1.98333645642701,1.82078973735552
Mast,IDNK,0.552834149938357,0.390349776102394
Mast,AQP10,0.170695261437908,0.00867413782324637
Mast,BATF,1.90342113997114,1.74309229944242
Mast,FHOD1,0.809727484097754,0.650940967941513
Mast,AQP8,0.165317108124434,0.00951369931423337
Mast,SLC1A5,1.59270147498785,1.43744122259013
Mast,EMID1,0.416979912023461,0.261866510923299
Mast,RACK1,7.30911003905397,7.15408491330846
Mast,ZNF439,0.417844187261182,0.262894381976351
Mast,JPH4,0.279730124774215,0.129783733549942
Mast,SLC8A3,0.187456557008183,0.0385135172665469
Mast,SNX5,1.92997214005337,1.78177013557238
Mast,TLDC2,0.382099483134249,0.235465406435627
Mast,RALB,1.87726718335429,1.73205260613196
Mast,ANXA11,3.07440081699346,2.92951516343613
Mast,GFRA3,0.262090792446011,0.11736153035801
Mast,SCIN,0.71141650344758,0.567061754445853
Mast,SLC43A3,1.3619428624244,1.22147672592651
Mast,TMEM9B,1.91841077780434,1.77797954769677
Mast,DDX3Y,0.924027658990073,0.784790491708575
Mast,ERVFRD-1,0.150789088362618,0.0117064045207262
Mast,PRPS2,1.07464065986614,0.935716378435796
Mast,DUSP1,5.95918236079167,5.82051168375244
Mast,ASAH1,4.41619769544181,4.2777958754511
Mast,ANKRD27,0.576018090676884,0.438777692421625
Mast,ASIC4,0.231111414412931,0.0985317083290273
Mast,SNRPN,1.73928373773727,1.60894758989164
Mast,EIF4A2,4.53792559391828,4.40795871249591
Mast,RAB33A,0.518549745390743,0.38911913093896
Mast,RBIS,2.42354805518748,2.29438877360731
Mast,EXOSC8,1.30279455992354,1.1783306972268
Mast,EPOR,0.375057364586633,0.251044890416423
Mast,CAMLG,2.50720454529635,2.38349612996843
Mast,PCTP,0.540765510505755,0.417198118337409
Mast,IL4R,1.38786645158706,1.26524357602447
Mast,ATG9B,0.213553703925004,0.0958381840499842
Mast,PRIM2,0.528948213504089,0.411949849981772
Mast,COL13A1,0.431599928110141,0.315722950435725
Mast,CMPK2,0.592142195059842,0.476481829251599
Mast,CYSLTR1,0.927761563992135,0.813791062989434
Mast,NAP1L5,0.383505699074074,0.272600595441433
Mast,INTS6L,0.373520067486331,0.262869581847879
Mast,WSCD2,0.133013471404134,0.0289129387232435
Mast,ZSWIM4,0.452390850288601,0.349348031339524
Mast,TEC,0.296919145120739,0.194511819143207
Mast,JAKMIP2,0.431069412024757,0.328892272523988
Mast,PRG2,0.12084281894576,0.0186746212342354
Mast,UPF2,1.65800443722944,1.55606949374902
Mast,DEXI,0.872403879520007,0.772498944060311
Mast,PRSS12,0.288548671296296,0.190469009898355
Mast,AKAP5,0.574974071649987,0.477561666585642
Mast,SVIP,2.30129723961788,2.20487746862355
Mast,PVALB,0.259421078431373,0.163031174971166
Mast,TSNAX,1.44803679255247,1.35213735748191
Mast,ANKRD31,0.119567075823698,0.0256340145124374
Mast,TBPL1,0.974434058865788,0.883371453328281
Mast,RD3,0.11429817825956,0.026175587422561
Mast,PTGDR2,0.118812549482925,0.0310942544334068
Mast,ZNF445,0.488790011374177,0.40122238979556
Mast,SLC10A7,0.339352661064426,0.251924781864994
Mast,TRERF1,0.443890765590055,0.357581700349396
Mast,CDC42EP3,1.89733944444445,1.81162687115433
Mast,FAR2,0.525721697751323,0.442447459270641
Mast,HEXIM1,1.64763323093104,1.56478658778106
Mast,LENG1,0.726822701667427,0.644792194350314
Mast,LSM2,2.06707406252211,1.98521456058928
Mast,VAV1,0.892555555555555,0.812568257073824
Mast,IQCN,0.353982751361656,0.274013395171326
Mast,MPIG6B,0.215104760810998,0.135412312009671
Mast,C2orf69,0.664049576415932,0.585330573705797
Mast,CMC2,1.31073424119511,1.23357204369057
Mast,PEF1,1.46714405809356,1.39178946277646
Mast,AFF2,0.15988343272793,0.0849290349913209
Mast,PDCD1LG2,0.420902045030321,0.346117274782321
Mast,LMOD3,0.259272813477694,0.184771294312488
Mast,CYP4F22,0.117294701257247,0.0437260249876582
Mast,LAX1,1.40831957612882,1.33716628706552
Mast,ARSK,0.349705529335512,0.278770629592439
Mast,MYADM,3.14296253240741,3.07205517730097
Mast,LGALS12,0.110423770545315,0.0396073777246522
Mast,MARCHF3,0.814800715914273,0.744059570016335
Mast,ARHGEF40,0.745163502161313,0.67452925665178
Mast,TFB1M,0.525888177301626,0.456030465861012
Mast,GPAT3,0.806625315392086,0.737368398425478
Mast,CTR9,1.01144154228924,0.942418770615898
Mast,CCDC22,0.535167211981567,0.468059561677112
Mast,MAPRE3,0.486707113821139,0.419623614549862
Mast,AP1S3,0.536499061481399,0.470125400319559
Mast,ANKRD28,2.74869639830095,2.68237894800239
Mast,TTC7B,0.383837574648809,0.318134070964848
Mast,UNC13D,1.04691225490196,0.982962242999647
Mast,ING2,0.778220048439884,0.714698392014072
Mast,SLC46A3,0.596387111429938,0.533799858883074
Mast,ST8SIA6,0.249398055524334,0.186854982908798
Mast,TMEM44,0.73575303030303,0.673623369595044
Mast,PRKCA,0.749855407227032,0.691502816018033
Mast,ARHGAP6,0.465129217052675,0.40741020907916
Mast,NCOA4,2.42450362337708,2.36716691778935
Mast,NFKBID,1.58110096779965,1.5240348523324
Mast,TMEM91,0.513569672041806,0.456537841512939
Mast,CDIP1,0.565375443820553,0.50860859032202
Mast,FECH,0.465628564220325,0.408909519084226
Mast,FSIP1,0.191313798668583,0.135436272215605
Mast,UBXN10,0.275336028998539,0.220172562674858
Mast,CDKN2AIP,0.718072933187152,0.663725506284097
Mast,RPS4Y1,2.56261596978975,2.50930129552606
Mast,ADORA1,0.121939756239715,0.0689272507659627
Mast,KMT2E,3.05839493742116,3.00565702188509
Mast,PHF1,0.960065822159754,0.909690919603715
Mast,FLOT1,2.72085039178651,2.67070069270908
Mast,GTF2E1,0.368042878865321,0.318489536633448
Mast,PNMT,0.113641835968909,0.0651784939493194
Mast,ST8SIA1,0.297974432195712,0.249578757502658
Mast,AIP,1.68422002513616,1.63593474339665
Mast,GPR34,1.398711637179,1.35090439227217
Mast,PBX3,0.597952779544849,0.551301688748776
Mast,ADPRM,0.330195924821541,0.283550487561575
Mast,ZNF821,0.39518660957365,0.348735158780357
Mast,PROX2,0.0628013315420213,0.0168807730381707
Mast,SYCP2L,0.134902999974453,0.089950222695382
Mast,PLA2G4A,0.311425012800819,0.268479592493283
Mast,IL13,0.0564460165123699,0.0138081279739904
Mast,CBFB,0.982818456221198,0.940620098804093
Mast,LPAR5,0.437329117647059,0.396448128462947
Mast,EPG5,0.383341666666666,0.343079698396751
Mast,SNAP23,1.75095518482788,1.71100499049036
Mast,VAPA,3.56200263657255,3.52242962232599
Mast,ACOT4,0.234147072217796,0.194721194639715
Mast,UPRT,0.300888576065623,0.263070303275053
Mast,B3GAT2,0.289184914604986,0.25138319946681
Mast,CD274,0.499881888820593,0.462124090272726
Mast,TK2,0.544034093954249,0.507512751090921
Mast,SPATA9,0.0622559037617757,0.0258002504098902
Mast,S100A5,0.106455567359719,0.0717103776680894
Mast,TTLL7,0.507014403719562,0.472864226625592
Mast,FAM53C,1.19140900032047,1.15859804310189
Mast,LRRC4B,0.130316632277539,0.0986924174036523
Mast,PRDM8,0.129481743265065,0.0986043881036191
Mast,C17orf107,0.168456934406231,0.138913001101964
Mast,MFSD2B,0.117269419805495,0.0894381271681417
Mast,DDX59,0.481793766164069,0.454925472215232
Mast,PADI2,0.441140691029901,0.414324237773486
Mast,OSBPL6,0.25193947638405,0.225612830256823
Mast,PAQR3,0.252072057684863,0.226013362785543
Mast,CIDEB,0.326121665739351,0.300224915917837
Mast,HOXB6,0.393922134423716,0.368206797843939
Mast,DRD2,0.0676732832448229,0.0434225568655194
Mast,NUDT1,1.37347265512265,1.34925487134111
Mast,PROCA1,0.149144845463987,0.125176085986947
Mast,STMP1,2.51933353785403,2.49572474751094
Mast,NAA80,0.224474390526862,0.200935087906924
Mast,PLAAT5,0.0542365840225108,0.0311549372106099
Mast,NTNG2,0.0762446299489145,0.0551752475034381
Mast,CASQ1,0.0451794132562227,0.0247944817463111
Mast,FAH,0.687400977998745,0.667277698420362
Mast,AGTRAP,1.7581086458634,1.73881239188809
Mast,RET,0.0950195556632215,0.0760489894206081
Mast,PIK3CA,0.607012194989107,0.588259984944039
Mast,APEX2,0.45224547875817,0.433739463917989
Mast,PLEKHG4,0.178946011558993,0.161903737654679
Mast,CCDC159,0.483332115250918,0.466492775071196
Mast,ATP8B4,0.623871707788671,0.608107925495365
Mast,MAS1L,0.0165971443617162,0.00190796641102054
Mast,HERC3,0.463250984417881,0.449207163850945
Mast,REPS1,0.556182533748052,0.542387252998899
Mast,C5orf22,0.371220559368191,0.357663149479957
Mast,PLA2G2C,0.0251347023154895,0.0116219185217421
Mast,ZDHHC21,0.602254877053681,0.588803557501222
Mast,GPR150,0.0313109589475098,0.0183155468761226
Mast,OSTF1,2.81673510479755,2.80484690954985
Mast,SART1,0.767585682660161,0.756757652218299
Mast,ARSG,0.39548865103114,0.384913518248666
Mast,MIER1,1.39752921318181,1.3870800274869
Mast,CAMKK1,0.168263244714832,0.158407646700123
Mast,MOBP,0.0467672144590588,0.0370417516472806
Mast,STAP1,0.960347778168171,0.950743165074033
Mast,HCRTR1,0.0146438136515522,0.00521713849047514
Mast,ZIK1,0.108680468801948,0.0994219485999137
Mast,ZFY,0.215051339399382,0.206380339283635
Mast,AARD,0.16359119906027,0.155315119537666
Mast,SPTB,0.0896593067492579,0.0829203782342888
Mast,MFSD4B,0.335755618225963,0.329196185571027
Mast,PARP4,0.892921405228759,0.886826471619892
Mast,MTFR1L,0.862710885690933,0.857237439213913
Mast,CCL1,0.0105093897760155,0.00517481388657372
Mast,TTC31,0.307488876241173,0.302597334859396
Mast,PRELID2,0.463330583142348,0.458768802069834
Mast,ELOVL7,0.299715532886335,0.295439118027478
Mast,IL5,0.0128734983388705,0.00870353292113257
Mast,PM20D1,0.0367734573451726,0.0328126655934153
Mast,MTHFD1,0.83420790135446,0.83066520719939
Mast,NOX3,0.00413661116066882,0.00153181298280745
Mast,SLFN14,0.00576900716207743,0.00344425433719519
Mast,ZNF547,0.0603004189359029,0.0585685310789581
Mast,HLTF,0.868790188955201,0.867318143404642
Mast,GDPGP1,0.0979442761027969,0.097373183818866
Mast,ZNF577,0.224627032407408,0.224267971432554
Mast,SLC4A8,0.29211459770115,0.291772798638535
Mast,HS2ST1,0.592388185635615,0.592485230602312
Mast,CACNA1I,0.0218054297328687,0.0220962138994129
Mast,FBXL22,0.0984380662655741,0.0989274587200597
Mast,RHCE,0.0537858682764893,0.0545322010534622
Mast,CLDND2,0.122501512396702,0.123440910059087
Mast,SPATA12,0.0310136621761413,0.032193363528789
Mast,BBS4,0.424869823903397,0.426413580080202
Mast,VWA5B2,0.017579684163201,0.019823145050045
Mast,TGM1,0.105989018304996,0.108563616374762
Mast,ARRDC4,0.320961698870236,0.323587367519726
Mast,LBX2,0.0525690832993703,0.055602297114623
Mast,KY,0.0134223341931298,0.0164573078159996
Mast,NAPB,0.253495429593555,0.25713997828071
Mast,AKIP1,0.827752448463345,0.831777033405151
Mast,KRT79,0.00130308637873755,0.00566323686131477
Mast,IL17RB,0.2190021586852,0.223467198744183
Mast,TMEM191C,0.173390163892115,0.17825897082209
Mast,FFAR1,0.0114536796536797,0.0163629707728681
Mast,TMEM266,0.120698801108176,0.125696640164838
Mast,LETM2,0.166830299924848,0.172040068797663
Mast,FAM209A,0.0182155856236787,0.0247897221047629
Mast,SEZ6,0.0940363759018758,0.101714964910528
Mast,HOXA1,0.0359550582649067,0.0437874585731477
Mast,NCF4,1.65938355614727,1.66744105470447
Mast,HCRT,0.0150786611195602,0.0238090309196356
Mast,MYO16,0.067080527454043,0.0763521240295344
Mast,NBEAL2,0.454986883289125,0.464640795503198
Mast,MGME1,0.692184619010017,0.702048153733446
Mast,ABCC1,0.464177556351695,0.47409210895061
Mast,MAG,0.0373761986062718,0.0477858261616709
Mast,TIAM1,0.563870356481482,0.574383585321292
Mast,FOXI2,0.016721875,0.0281366153653445
Mast,STX1A,0.16893350333914,0.180640458626135
Mast,TIAM2,0.211892009486855,0.223969381054285
Mast,RNASEL,0.215329370370371,0.228964769226513
Mast,ATP2B2,0.0360865666185667,0.0504642170809009
Mast,SLC7A4,0.0513498695161139,0.0662345770267773
Mast,MIIP,1.097965722896,1.11288646643264
Mast,ENPP6,0.0377076121760545,0.0527388619324789
Mast,MSX2,0.144149695975951,0.15919191784902
Mast,IQSEC3,0.0530566412320782,0.0681368777718198
Mast,APOBR,0.760954630884612,0.776921475462586
Mast,ST7,0.48845283772042,0.504489639996667
Mast,MTM1,0.289831736111112,0.306230854705505
Mast,PABIR3,0.286711428355036,0.303152594888789
Mast,NUTM2D,0.0123228198051912,0.0291046840093115
Mast,P2RX6,0.01730212987079,0.0343850606139138
Mast,LAGE3,1.66958238394392,1.68748234948027
Mast,MTCL1,0.216172510145598,0.234895592345111
Mast,PDE6B,0.191940791265582,0.211261113725153
Mast,IL5RA,0.430685231017078,0.450038930838244
Mast,PGBD5,0.105796558441559,0.125297452673973
Mast,MPP4,0.0194693221412734,0.0391735415935808
Mast,SIGLEC12,0.118855515690613,0.13894596568745
Mast,SAMD13,0.104605197267389,0.125243735637478
Mast,SYCP3,0.0570970388199956,0.0789891285672695
Mast,PRKG2,0.0427363656826415,0.0648767922206559
Mast,ZNF649,0.177185997837318,0.20124375991119
Mast,IL1RAPL1,0.103744304122734,0.127905828612032
Mast,PDE6G,0.243775645114942,0.267953312307464
Mast,DNAI2,0.0641173214307745,0.0883105376398074
Mast,NHLRC4,0.0640746804961406,0.0885720742842442
Mast,VAMP7,0.698318886392463,0.723056191653874
Mast,CDADC1,0.368340601851852,0.393621788420031
Mast,ANKRD20A1,0.0327365800865801,0.0583106155374857
Mast,CLDN20,0.0123811292662119,0.0389511749929374
Mast,ARL6IP5,3.81492857142858,3.8416066109839
Mast,SLC27A2,0.399590160544942,0.427135771843121
Mast,ACKR2,0.142915975081829,0.170517254954932
Mast,SLC30A2,0.0282056277056277,0.058644113790293
Mast,TSPYL2,1.50931773234556,1.5402164240226
Mast,ZNF548,0.2549684815941,0.286322286031757
Mast,ZNF879,0.077437381293981,0.110058195485908
Mast,HK2,0.731287621607783,0.764685458929953
Mast,SEC14L6,0.0404304690503649,0.0750681578097281
Mast,TTLL9,0.0379059629517769,0.0729381258754718
Mast,C8G,0.179288239649472,0.214885347967062
Mast,LRMDA,0.998355342408025,1.03421049760343
Mast,CACNA2D2,0.0975139928698752,0.134067098688503
Mast,SLC38A11,0.204626917781951,0.241770493018239
Mast,CDK5,0.650522967112239,0.688378753514526
Mast,LCN10,0.00867730719856947,0.0468152125051999
Mast,SMAD7,0.460236670415938,0.500574172919964
Mast,TRIM63,0.0239496637651477,0.0661499622560342
Mast,DDIT3,1.5094556044093,1.55205672205668
Mast,GTF2B,1.30295748081251,1.34722318340389
Mast,ZNF578,0.0661085828255508,0.113125442852429
Mast,BTG2,4.23216277777778,4.27930814162886
Mast,TMEM108,0.134358651113671,0.182713795111339
Mast,CCDC92,0.539939962722463,0.588726140068269
Mast,ZNF333,0.239665026578073,0.289677124570294
Mast,BCAN,0.0680023897058824,0.120031295471118
Mast,HDAC4,0.252420609515019,0.304644575937096
Mast,SFTPD,0.101101351833757,0.153334594882884
Mast,ZNF100,0.246797028788868,0.299343626841132
Mast,SLC39A11,0.669167013596467,0.72255418963294
Mast,NSG1,0.296451402528162,0.351647073828764
Mast,AQP2,0.0279469626216078,0.0853366355753938
Mast,RYR3,0.0654781473316564,0.131016061300948
Mast,ENTHD1,0.100555701411633,0.170296797447993
Mast,EPB41L1,0.532400022246273,0.602373044910199
Mast,B4GALT5,0.975130904867491,1.04591869994828
Mast,NFE2,0.144573056943057,0.21882390984743
Mast,AGAP1,0.420285046654093,0.497259232550196
Mast,CSF2RB,1.38354380132242,1.46259481027219
Mast,KIRREL3,0.0300533615273864,0.109549900394505
Mast,ELL2,1.86753598039216,1.94858351764892
Mast,NBAS,0.550437574314574,0.634732564074093
Mast,PDE6A,0.0772791187561397,0.164766837231737
Mast,SPATA13,0.788137484035761,0.876869448502831
Mast,DNAJC19,1.93174514097228,2.02898215664547
Mast,SDK2,0.0663546855105679,0.164263269165054
Mast,RHD,0.0200140044172529,0.120938111427402
Mast,ADORA3,0.437589394968775,0.554378801220829
Mast,SCN2A,0.0579391380583241,0.176869456185373
Mast,RAP1GAP2,0.320042572062084,0.446352143277772
Mast,EGR3,0.741185033524905,0.879626682460388
Mast,POLD4,1.32942481960409,1.48192382776137
Mast,MAST4,1.68639289869282,1.87223740063214
Mast,METTL21A,1.04146678381768,1.23019202480502
Mast,SMIM24,0.233997671296296,0.493706147551565
Mast,MBOAT1,0.126570025164538,0.476355924297783
